-- MySQL dump 10.13  Distrib 8.0.31, for macos12 (arm64)
--
-- Host: 8.131.53.96    Database: szhjg
-- ------------------------------------------------------
-- Server version	8.0.24

/*!40101 SET @OLD_CHARACTER_SET_CLIENT=@@CHARACTER_SET_CLIENT */;
/*!40101 SET @OLD_CHARACTER_SET_RESULTS=@@CHARACTER_SET_RESULTS */;
/*!40101 SET @OLD_COLLATION_CONNECTION=@@COLLATION_CONNECTION */;
/*!50503 SET NAMES utf8mb4 */;
/*!40103 SET @OLD_TIME_ZONE=@@TIME_ZONE */;
/*!40103 SET TIME_ZONE='+00:00' */;
/*!40014 SET @OLD_UNIQUE_CHECKS=@@UNIQUE_CHECKS, UNIQUE_CHECKS=0 */;
/*!40014 SET @OLD_FOREIGN_KEY_CHECKS=@@FOREIGN_KEY_CHECKS, FOREIGN_KEY_CHECKS=0 */;
/*!40101 SET @OLD_SQL_MODE=@@SQL_MODE, SQL_MODE='NO_AUTO_VALUE_ON_ZERO' */;
/*!40111 SET @OLD_SQL_NOTES=@@SQL_NOTES, SQL_NOTES=0 */;

--
-- Table structure for table `gen_table`
--

DROP TABLE IF EXISTS `gen_table`;
/*!40101 SET @saved_cs_client     = @@character_set_client */;
/*!50503 SET character_set_client = utf8mb4 */;
CREATE TABLE `gen_table` (
  `table_id` bigint NOT NULL AUTO_INCREMENT COMMENT '编号',
  `table_name` varchar(200) CHARACTER SET utf8 COLLATE utf8_general_ci DEFAULT '' COMMENT '表名称',
  `table_comment` varchar(500) CHARACTER SET utf8 COLLATE utf8_general_ci DEFAULT '' COMMENT '表描述',
  `sub_table_name` varchar(64) CHARACTER SET utf8 COLLATE utf8_general_ci DEFAULT NULL COMMENT '关联子表的表名',
  `sub_table_fk_name` varchar(64) CHARACTER SET utf8 COLLATE utf8_general_ci DEFAULT NULL COMMENT '子表关联的外键名',
  `class_name` varchar(100) CHARACTER SET utf8 COLLATE utf8_general_ci DEFAULT '' COMMENT '实体类名称',
  `tpl_category` varchar(200) CHARACTER SET utf8 COLLATE utf8_general_ci DEFAULT 'crud' COMMENT '使用的模板（crud单表操作 tree树表操作）',
  `package_name` varchar(100) CHARACTER SET utf8 COLLATE utf8_general_ci DEFAULT NULL COMMENT '生成包路径',
  `module_name` varchar(30) CHARACTER SET utf8 COLLATE utf8_general_ci DEFAULT NULL COMMENT '生成模块名',
  `business_name` varchar(30) CHARACTER SET utf8 COLLATE utf8_general_ci DEFAULT NULL COMMENT '生成业务名',
  `function_name` varchar(50) CHARACTER SET utf8 COLLATE utf8_general_ci DEFAULT NULL COMMENT '生成功能名',
  `function_author` varchar(50) CHARACTER SET utf8 COLLATE utf8_general_ci DEFAULT NULL COMMENT '生成功能作者',
  `gen_type` char(1) CHARACTER SET utf8 COLLATE utf8_general_ci DEFAULT '0' COMMENT '生成代码方式（0zip压缩包 1自定义路径）',
  `gen_path` varchar(200) CHARACTER SET utf8 COLLATE utf8_general_ci DEFAULT '/' COMMENT '生成路径（不填默认项目路径）',
  `options` varchar(1000) CHARACTER SET utf8 COLLATE utf8_general_ci DEFAULT NULL COMMENT '其它生成选项',
  `create_by` varchar(64) CHARACTER SET utf8 COLLATE utf8_general_ci DEFAULT '' COMMENT '创建者',
  `create_time` datetime DEFAULT NULL COMMENT '创建时间',
  `update_by` varchar(64) CHARACTER SET utf8 COLLATE utf8_general_ci DEFAULT '' COMMENT '更新者',
  `update_time` datetime DEFAULT NULL COMMENT '更新时间',
  `remark` varchar(500) CHARACTER SET utf8 COLLATE utf8_general_ci DEFAULT NULL COMMENT '备注',
  PRIMARY KEY (`table_id`) USING BTREE
) ENGINE=InnoDB AUTO_INCREMENT=2 DEFAULT CHARSET=utf8mb3 COMMENT='代码生成业务表';
/*!40101 SET character_set_client = @saved_cs_client */;

--
-- Dumping data for table `gen_table`
--

LOCK TABLES `gen_table` WRITE;
/*!40000 ALTER TABLE `gen_table` DISABLE KEYS */;
/*!40000 ALTER TABLE `gen_table` ENABLE KEYS */;
UNLOCK TABLES;

--
-- Table structure for table `gen_table_column`
--

DROP TABLE IF EXISTS `gen_table_column`;
/*!40101 SET @saved_cs_client     = @@character_set_client */;
/*!50503 SET character_set_client = utf8mb4 */;
CREATE TABLE `gen_table_column` (
  `column_id` bigint NOT NULL AUTO_INCREMENT COMMENT '编号',
  `table_id` varchar(64) CHARACTER SET utf8 COLLATE utf8_general_ci DEFAULT NULL COMMENT '归属表编号',
  `column_name` varchar(200) CHARACTER SET utf8 COLLATE utf8_general_ci DEFAULT NULL COMMENT '列名称',
  `column_comment` varchar(500) CHARACTER SET utf8 COLLATE utf8_general_ci DEFAULT NULL COMMENT '列描述',
  `column_type` varchar(100) CHARACTER SET utf8 COLLATE utf8_general_ci DEFAULT NULL COMMENT '列类型',
  `java_type` varchar(500) CHARACTER SET utf8 COLLATE utf8_general_ci DEFAULT NULL COMMENT 'JAVA类型',
  `java_field` varchar(200) CHARACTER SET utf8 COLLATE utf8_general_ci DEFAULT NULL COMMENT 'JAVA字段名',
  `is_pk` char(1) CHARACTER SET utf8 COLLATE utf8_general_ci DEFAULT NULL COMMENT '是否主键（1是）',
  `is_increment` char(1) CHARACTER SET utf8 COLLATE utf8_general_ci DEFAULT NULL COMMENT '是否自增（1是）',
  `is_required` char(1) CHARACTER SET utf8 COLLATE utf8_general_ci DEFAULT NULL COMMENT '是否必填（1是）',
  `is_insert` char(1) CHARACTER SET utf8 COLLATE utf8_general_ci DEFAULT NULL COMMENT '是否为插入字段（1是）',
  `is_edit` char(1) CHARACTER SET utf8 COLLATE utf8_general_ci DEFAULT NULL COMMENT '是否编辑字段（1是）',
  `is_list` char(1) CHARACTER SET utf8 COLLATE utf8_general_ci DEFAULT NULL COMMENT '是否列表字段（1是）',
  `is_query` char(1) CHARACTER SET utf8 COLLATE utf8_general_ci DEFAULT NULL COMMENT '是否查询字段（1是）',
  `query_type` varchar(200) CHARACTER SET utf8 COLLATE utf8_general_ci DEFAULT 'EQ' COMMENT '查询方式（等于、不等于、大于、小于、范围）',
  `html_type` varchar(200) CHARACTER SET utf8 COLLATE utf8_general_ci DEFAULT NULL COMMENT '显示类型（文本框、文本域、下拉框、复选框、单选框、日期控件）',
  `dict_type` varchar(200) CHARACTER SET utf8 COLLATE utf8_general_ci DEFAULT '' COMMENT '字典类型',
  `sort` int DEFAULT NULL COMMENT '排序',
  `create_by` varchar(64) CHARACTER SET utf8 COLLATE utf8_general_ci DEFAULT '' COMMENT '创建者',
  `create_time` datetime DEFAULT NULL COMMENT '创建时间',
  `update_by` varchar(64) CHARACTER SET utf8 COLLATE utf8_general_ci DEFAULT '' COMMENT '更新者',
  `update_time` datetime DEFAULT NULL COMMENT '更新时间',
  PRIMARY KEY (`column_id`) USING BTREE
) ENGINE=InnoDB AUTO_INCREMENT=25 DEFAULT CHARSET=utf8mb3 COMMENT='代码生成业务表字段';
/*!40101 SET character_set_client = @saved_cs_client */;

--
-- Dumping data for table `gen_table_column`
--

LOCK TABLES `gen_table_column` WRITE;
/*!40000 ALTER TABLE `gen_table_column` DISABLE KEYS */;
/*!40000 ALTER TABLE `gen_table_column` ENABLE KEYS */;
UNLOCK TABLES;

--
-- Table structure for table `qrtz_blob_triggers`
--

DROP TABLE IF EXISTS `qrtz_blob_triggers`;
/*!40101 SET @saved_cs_client     = @@character_set_client */;
/*!50503 SET character_set_client = utf8mb4 */;
CREATE TABLE `qrtz_blob_triggers` (
  `sched_name` varchar(120) CHARACTER SET utf8 COLLATE utf8_general_ci NOT NULL COMMENT '调度名称',
  `trigger_name` varchar(200) CHARACTER SET utf8 COLLATE utf8_general_ci NOT NULL COMMENT 'qrtz_triggers表trigger_name的外键',
  `trigger_group` varchar(200) CHARACTER SET utf8 COLLATE utf8_general_ci NOT NULL COMMENT 'qrtz_triggers表trigger_group的外键',
  `blob_data` blob COMMENT '存放持久化Trigger对象',
  PRIMARY KEY (`sched_name`,`trigger_name`,`trigger_group`) USING BTREE,
  CONSTRAINT `qrtz_blob_triggers_ibfk_1` FOREIGN KEY (`sched_name`, `trigger_name`, `trigger_group`) REFERENCES `qrtz_triggers` (`sched_name`, `trigger_name`, `trigger_group`) ON DELETE RESTRICT ON UPDATE RESTRICT
) ENGINE=InnoDB DEFAULT CHARSET=utf8mb3 COMMENT='Blob类型的触发器表';
/*!40101 SET character_set_client = @saved_cs_client */;

--
-- Dumping data for table `qrtz_blob_triggers`
--

LOCK TABLES `qrtz_blob_triggers` WRITE;
/*!40000 ALTER TABLE `qrtz_blob_triggers` DISABLE KEYS */;
/*!40000 ALTER TABLE `qrtz_blob_triggers` ENABLE KEYS */;
UNLOCK TABLES;

--
-- Table structure for table `qrtz_calendars`
--

DROP TABLE IF EXISTS `qrtz_calendars`;
/*!40101 SET @saved_cs_client     = @@character_set_client */;
/*!50503 SET character_set_client = utf8mb4 */;
CREATE TABLE `qrtz_calendars` (
  `sched_name` varchar(120) CHARACTER SET utf8 COLLATE utf8_general_ci NOT NULL COMMENT '调度名称',
  `calendar_name` varchar(200) CHARACTER SET utf8 COLLATE utf8_general_ci NOT NULL COMMENT '日历名称',
  `calendar` blob NOT NULL COMMENT '存放持久化calendar对象',
  PRIMARY KEY (`sched_name`,`calendar_name`) USING BTREE
) ENGINE=InnoDB DEFAULT CHARSET=utf8mb3 COMMENT='日历信息表';
/*!40101 SET character_set_client = @saved_cs_client */;

--
-- Dumping data for table `qrtz_calendars`
--

LOCK TABLES `qrtz_calendars` WRITE;
/*!40000 ALTER TABLE `qrtz_calendars` DISABLE KEYS */;
/*!40000 ALTER TABLE `qrtz_calendars` ENABLE KEYS */;
UNLOCK TABLES;

--
-- Table structure for table `qrtz_cron_triggers`
--

DROP TABLE IF EXISTS `qrtz_cron_triggers`;
/*!40101 SET @saved_cs_client     = @@character_set_client */;
/*!50503 SET character_set_client = utf8mb4 */;
CREATE TABLE `qrtz_cron_triggers` (
  `sched_name` varchar(120) CHARACTER SET utf8 COLLATE utf8_general_ci NOT NULL COMMENT '调度名称',
  `trigger_name` varchar(200) CHARACTER SET utf8 COLLATE utf8_general_ci NOT NULL COMMENT 'qrtz_triggers表trigger_name的外键',
  `trigger_group` varchar(200) CHARACTER SET utf8 COLLATE utf8_general_ci NOT NULL COMMENT 'qrtz_triggers表trigger_group的外键',
  `cron_expression` varchar(200) CHARACTER SET utf8 COLLATE utf8_general_ci NOT NULL COMMENT 'cron表达式',
  `time_zone_id` varchar(80) CHARACTER SET utf8 COLLATE utf8_general_ci DEFAULT NULL COMMENT '时区',
  PRIMARY KEY (`sched_name`,`trigger_name`,`trigger_group`) USING BTREE,
  CONSTRAINT `qrtz_cron_triggers_ibfk_1` FOREIGN KEY (`sched_name`, `trigger_name`, `trigger_group`) REFERENCES `qrtz_triggers` (`sched_name`, `trigger_name`, `trigger_group`) ON DELETE RESTRICT ON UPDATE RESTRICT
) ENGINE=InnoDB DEFAULT CHARSET=utf8mb3 COMMENT='Cron类型的触发器表';
/*!40101 SET character_set_client = @saved_cs_client */;

--
-- Dumping data for table `qrtz_cron_triggers`
--

LOCK TABLES `qrtz_cron_triggers` WRITE;
/*!40000 ALTER TABLE `qrtz_cron_triggers` DISABLE KEYS */;
/*!40000 ALTER TABLE `qrtz_cron_triggers` ENABLE KEYS */;
UNLOCK TABLES;

--
-- Table structure for table `qrtz_fired_triggers`
--

DROP TABLE IF EXISTS `qrtz_fired_triggers`;
/*!40101 SET @saved_cs_client     = @@character_set_client */;
/*!50503 SET character_set_client = utf8mb4 */;
CREATE TABLE `qrtz_fired_triggers` (
  `sched_name` varchar(120) CHARACTER SET utf8 COLLATE utf8_general_ci NOT NULL COMMENT '调度名称',
  `entry_id` varchar(95) CHARACTER SET utf8 COLLATE utf8_general_ci NOT NULL COMMENT '调度器实例id',
  `trigger_name` varchar(200) CHARACTER SET utf8 COLLATE utf8_general_ci NOT NULL COMMENT 'qrtz_triggers表trigger_name的外键',
  `trigger_group` varchar(200) CHARACTER SET utf8 COLLATE utf8_general_ci NOT NULL COMMENT 'qrtz_triggers表trigger_group的外键',
  `instance_name` varchar(200) CHARACTER SET utf8 COLLATE utf8_general_ci NOT NULL COMMENT '调度器实例名',
  `fired_time` bigint NOT NULL COMMENT '触发的时间',
  `sched_time` bigint NOT NULL COMMENT '定时器制定的时间',
  `priority` int NOT NULL COMMENT '优先级',
  `state` varchar(16) CHARACTER SET utf8 COLLATE utf8_general_ci NOT NULL COMMENT '状态',
  `job_name` varchar(200) CHARACTER SET utf8 COLLATE utf8_general_ci DEFAULT NULL COMMENT '任务名称',
  `job_group` varchar(200) CHARACTER SET utf8 COLLATE utf8_general_ci DEFAULT NULL COMMENT '任务组名',
  `is_nonconcurrent` varchar(1) CHARACTER SET utf8 COLLATE utf8_general_ci DEFAULT NULL COMMENT '是否并发',
  `requests_recovery` varchar(1) CHARACTER SET utf8 COLLATE utf8_general_ci DEFAULT NULL COMMENT '是否接受恢复执行',
  PRIMARY KEY (`sched_name`,`entry_id`) USING BTREE
) ENGINE=InnoDB DEFAULT CHARSET=utf8mb3 COMMENT='已触发的触发器表';
/*!40101 SET character_set_client = @saved_cs_client */;

--
-- Dumping data for table `qrtz_fired_triggers`
--

LOCK TABLES `qrtz_fired_triggers` WRITE;
/*!40000 ALTER TABLE `qrtz_fired_triggers` DISABLE KEYS */;
/*!40000 ALTER TABLE `qrtz_fired_triggers` ENABLE KEYS */;
UNLOCK TABLES;

--
-- Table structure for table `qrtz_job_details`
--

DROP TABLE IF EXISTS `qrtz_job_details`;
/*!40101 SET @saved_cs_client     = @@character_set_client */;
/*!50503 SET character_set_client = utf8mb4 */;
CREATE TABLE `qrtz_job_details` (
  `sched_name` varchar(120) CHARACTER SET utf8 COLLATE utf8_general_ci NOT NULL COMMENT '调度名称',
  `job_name` varchar(200) CHARACTER SET utf8 COLLATE utf8_general_ci NOT NULL COMMENT '任务名称',
  `job_group` varchar(200) CHARACTER SET utf8 COLLATE utf8_general_ci NOT NULL COMMENT '任务组名',
  `description` varchar(250) CHARACTER SET utf8 COLLATE utf8_general_ci DEFAULT NULL COMMENT '相关介绍',
  `job_class_name` varchar(250) CHARACTER SET utf8 COLLATE utf8_general_ci NOT NULL COMMENT '执行任务类名称',
  `is_durable` varchar(1) CHARACTER SET utf8 COLLATE utf8_general_ci NOT NULL COMMENT '是否持久化',
  `is_nonconcurrent` varchar(1) CHARACTER SET utf8 COLLATE utf8_general_ci NOT NULL COMMENT '是否并发',
  `is_update_data` varchar(1) CHARACTER SET utf8 COLLATE utf8_general_ci NOT NULL COMMENT '是否更新数据',
  `requests_recovery` varchar(1) CHARACTER SET utf8 COLLATE utf8_general_ci NOT NULL COMMENT '是否接受恢复执行',
  `job_data` blob COMMENT '存放持久化job对象',
  PRIMARY KEY (`sched_name`,`job_name`,`job_group`) USING BTREE
) ENGINE=InnoDB DEFAULT CHARSET=utf8mb3 COMMENT='任务详细信息表';
/*!40101 SET character_set_client = @saved_cs_client */;

--
-- Dumping data for table `qrtz_job_details`
--

LOCK TABLES `qrtz_job_details` WRITE;
/*!40000 ALTER TABLE `qrtz_job_details` DISABLE KEYS */;
/*!40000 ALTER TABLE `qrtz_job_details` ENABLE KEYS */;
UNLOCK TABLES;

--
-- Table structure for table `qrtz_locks`
--

DROP TABLE IF EXISTS `qrtz_locks`;
/*!40101 SET @saved_cs_client     = @@character_set_client */;
/*!50503 SET character_set_client = utf8mb4 */;
CREATE TABLE `qrtz_locks` (
  `sched_name` varchar(120) CHARACTER SET utf8 COLLATE utf8_general_ci NOT NULL COMMENT '调度名称',
  `lock_name` varchar(40) CHARACTER SET utf8 COLLATE utf8_general_ci NOT NULL COMMENT '悲观锁名称',
  PRIMARY KEY (`sched_name`,`lock_name`) USING BTREE
) ENGINE=InnoDB DEFAULT CHARSET=utf8mb3 COMMENT='存储的悲观锁信息表';
/*!40101 SET character_set_client = @saved_cs_client */;

--
-- Dumping data for table `qrtz_locks`
--

LOCK TABLES `qrtz_locks` WRITE;
/*!40000 ALTER TABLE `qrtz_locks` DISABLE KEYS */;
/*!40000 ALTER TABLE `qrtz_locks` ENABLE KEYS */;
UNLOCK TABLES;

--
-- Table structure for table `qrtz_paused_trigger_grps`
--

DROP TABLE IF EXISTS `qrtz_paused_trigger_grps`;
/*!40101 SET @saved_cs_client     = @@character_set_client */;
/*!50503 SET character_set_client = utf8mb4 */;
CREATE TABLE `qrtz_paused_trigger_grps` (
  `sched_name` varchar(120) CHARACTER SET utf8 COLLATE utf8_general_ci NOT NULL COMMENT '调度名称',
  `trigger_group` varchar(200) CHARACTER SET utf8 COLLATE utf8_general_ci NOT NULL COMMENT 'qrtz_triggers表trigger_group的外键',
  PRIMARY KEY (`sched_name`,`trigger_group`) USING BTREE
) ENGINE=InnoDB DEFAULT CHARSET=utf8mb3 COMMENT='暂停的触发器表';
/*!40101 SET character_set_client = @saved_cs_client */;

--
-- Dumping data for table `qrtz_paused_trigger_grps`
--

LOCK TABLES `qrtz_paused_trigger_grps` WRITE;
/*!40000 ALTER TABLE `qrtz_paused_trigger_grps` DISABLE KEYS */;
/*!40000 ALTER TABLE `qrtz_paused_trigger_grps` ENABLE KEYS */;
UNLOCK TABLES;

--
-- Table structure for table `qrtz_scheduler_state`
--

DROP TABLE IF EXISTS `qrtz_scheduler_state`;
/*!40101 SET @saved_cs_client     = @@character_set_client */;
/*!50503 SET character_set_client = utf8mb4 */;
CREATE TABLE `qrtz_scheduler_state` (
  `sched_name` varchar(120) CHARACTER SET utf8 COLLATE utf8_general_ci NOT NULL COMMENT '调度名称',
  `instance_name` varchar(200) CHARACTER SET utf8 COLLATE utf8_general_ci NOT NULL COMMENT '实例名称',
  `last_checkin_time` bigint NOT NULL COMMENT '上次检查时间',
  `checkin_interval` bigint NOT NULL COMMENT '检查间隔时间',
  PRIMARY KEY (`sched_name`,`instance_name`) USING BTREE
) ENGINE=InnoDB DEFAULT CHARSET=utf8mb3 COMMENT='调度器状态表';
/*!40101 SET character_set_client = @saved_cs_client */;

--
-- Dumping data for table `qrtz_scheduler_state`
--

LOCK TABLES `qrtz_scheduler_state` WRITE;
/*!40000 ALTER TABLE `qrtz_scheduler_state` DISABLE KEYS */;
/*!40000 ALTER TABLE `qrtz_scheduler_state` ENABLE KEYS */;
UNLOCK TABLES;

--
-- Table structure for table `qrtz_simple_triggers`
--

DROP TABLE IF EXISTS `qrtz_simple_triggers`;
/*!40101 SET @saved_cs_client     = @@character_set_client */;
/*!50503 SET character_set_client = utf8mb4 */;
CREATE TABLE `qrtz_simple_triggers` (
  `sched_name` varchar(120) CHARACTER SET utf8 COLLATE utf8_general_ci NOT NULL COMMENT '调度名称',
  `trigger_name` varchar(200) CHARACTER SET utf8 COLLATE utf8_general_ci NOT NULL COMMENT 'qrtz_triggers表trigger_name的外键',
  `trigger_group` varchar(200) CHARACTER SET utf8 COLLATE utf8_general_ci NOT NULL COMMENT 'qrtz_triggers表trigger_group的外键',
  `repeat_count` bigint NOT NULL COMMENT '重复的次数统计',
  `repeat_interval` bigint NOT NULL COMMENT '重复的间隔时间',
  `times_triggered` bigint NOT NULL COMMENT '已经触发的次数',
  PRIMARY KEY (`sched_name`,`trigger_name`,`trigger_group`) USING BTREE,
  CONSTRAINT `qrtz_simple_triggers_ibfk_1` FOREIGN KEY (`sched_name`, `trigger_name`, `trigger_group`) REFERENCES `qrtz_triggers` (`sched_name`, `trigger_name`, `trigger_group`) ON DELETE RESTRICT ON UPDATE RESTRICT
) ENGINE=InnoDB DEFAULT CHARSET=utf8mb3 COMMENT='简单触发器的信息表';
/*!40101 SET character_set_client = @saved_cs_client */;

--
-- Dumping data for table `qrtz_simple_triggers`
--

LOCK TABLES `qrtz_simple_triggers` WRITE;
/*!40000 ALTER TABLE `qrtz_simple_triggers` DISABLE KEYS */;
/*!40000 ALTER TABLE `qrtz_simple_triggers` ENABLE KEYS */;
UNLOCK TABLES;

--
-- Table structure for table `qrtz_simprop_triggers`
--

DROP TABLE IF EXISTS `qrtz_simprop_triggers`;
/*!40101 SET @saved_cs_client     = @@character_set_client */;
/*!50503 SET character_set_client = utf8mb4 */;
CREATE TABLE `qrtz_simprop_triggers` (
  `sched_name` varchar(120) CHARACTER SET utf8 COLLATE utf8_general_ci NOT NULL COMMENT '调度名称',
  `trigger_name` varchar(200) CHARACTER SET utf8 COLLATE utf8_general_ci NOT NULL COMMENT 'qrtz_triggers表trigger_name的外键',
  `trigger_group` varchar(200) CHARACTER SET utf8 COLLATE utf8_general_ci NOT NULL COMMENT 'qrtz_triggers表trigger_group的外键',
  `str_prop_1` varchar(512) CHARACTER SET utf8 COLLATE utf8_general_ci DEFAULT NULL COMMENT 'String类型的trigger的第一个参数',
  `str_prop_2` varchar(512) CHARACTER SET utf8 COLLATE utf8_general_ci DEFAULT NULL COMMENT 'String类型的trigger的第二个参数',
  `str_prop_3` varchar(512) CHARACTER SET utf8 COLLATE utf8_general_ci DEFAULT NULL COMMENT 'String类型的trigger的第三个参数',
  `int_prop_1` int DEFAULT NULL COMMENT 'int类型的trigger的第一个参数',
  `int_prop_2` int DEFAULT NULL COMMENT 'int类型的trigger的第二个参数',
  `long_prop_1` bigint DEFAULT NULL COMMENT 'long类型的trigger的第一个参数',
  `long_prop_2` bigint DEFAULT NULL COMMENT 'long类型的trigger的第二个参数',
  `dec_prop_1` decimal(13,4) DEFAULT NULL COMMENT 'decimal类型的trigger的第一个参数',
  `dec_prop_2` decimal(13,4) DEFAULT NULL COMMENT 'decimal类型的trigger的第二个参数',
  `bool_prop_1` varchar(1) CHARACTER SET utf8 COLLATE utf8_general_ci DEFAULT NULL COMMENT 'Boolean类型的trigger的第一个参数',
  `bool_prop_2` varchar(1) CHARACTER SET utf8 COLLATE utf8_general_ci DEFAULT NULL COMMENT 'Boolean类型的trigger的第二个参数',
  PRIMARY KEY (`sched_name`,`trigger_name`,`trigger_group`) USING BTREE,
  CONSTRAINT `qrtz_simprop_triggers_ibfk_1` FOREIGN KEY (`sched_name`, `trigger_name`, `trigger_group`) REFERENCES `qrtz_triggers` (`sched_name`, `trigger_name`, `trigger_group`) ON DELETE RESTRICT ON UPDATE RESTRICT
) ENGINE=InnoDB DEFAULT CHARSET=utf8mb3 COMMENT='同步机制的行锁表';
/*!40101 SET character_set_client = @saved_cs_client */;

--
-- Dumping data for table `qrtz_simprop_triggers`
--

LOCK TABLES `qrtz_simprop_triggers` WRITE;
/*!40000 ALTER TABLE `qrtz_simprop_triggers` DISABLE KEYS */;
/*!40000 ALTER TABLE `qrtz_simprop_triggers` ENABLE KEYS */;
UNLOCK TABLES;

--
-- Table structure for table `qrtz_triggers`
--

DROP TABLE IF EXISTS `qrtz_triggers`;
/*!40101 SET @saved_cs_client     = @@character_set_client */;
/*!50503 SET character_set_client = utf8mb4 */;
CREATE TABLE `qrtz_triggers` (
  `sched_name` varchar(120) CHARACTER SET utf8 COLLATE utf8_general_ci NOT NULL COMMENT '调度名称',
  `trigger_name` varchar(200) CHARACTER SET utf8 COLLATE utf8_general_ci NOT NULL COMMENT '触发器的名字',
  `trigger_group` varchar(200) CHARACTER SET utf8 COLLATE utf8_general_ci NOT NULL COMMENT '触发器所属组的名字',
  `job_name` varchar(200) CHARACTER SET utf8 COLLATE utf8_general_ci NOT NULL COMMENT 'qrtz_job_details表job_name的外键',
  `job_group` varchar(200) CHARACTER SET utf8 COLLATE utf8_general_ci NOT NULL COMMENT 'qrtz_job_details表job_group的外键',
  `description` varchar(250) CHARACTER SET utf8 COLLATE utf8_general_ci DEFAULT NULL COMMENT '相关介绍',
  `next_fire_time` bigint DEFAULT NULL COMMENT '上一次触发时间（毫秒）',
  `prev_fire_time` bigint DEFAULT NULL COMMENT '下一次触发时间（默认为-1表示不触发）',
  `priority` int DEFAULT NULL COMMENT '优先级',
  `trigger_state` varchar(16) CHARACTER SET utf8 COLLATE utf8_general_ci NOT NULL COMMENT '触发器状态',
  `trigger_type` varchar(8) CHARACTER SET utf8 COLLATE utf8_general_ci NOT NULL COMMENT '触发器的类型',
  `start_time` bigint NOT NULL COMMENT '开始时间',
  `end_time` bigint DEFAULT NULL COMMENT '结束时间',
  `calendar_name` varchar(200) CHARACTER SET utf8 COLLATE utf8_general_ci DEFAULT NULL COMMENT '日程表名称',
  `misfire_instr` smallint DEFAULT NULL COMMENT '补偿执行的策略',
  `job_data` blob COMMENT '存放持久化job对象',
  PRIMARY KEY (`sched_name`,`trigger_name`,`trigger_group`) USING BTREE,
  KEY `sched_name` (`sched_name`,`job_name`,`job_group`) USING BTREE,
  CONSTRAINT `qrtz_triggers_ibfk_1` FOREIGN KEY (`sched_name`, `job_name`, `job_group`) REFERENCES `qrtz_job_details` (`sched_name`, `job_name`, `job_group`) ON DELETE RESTRICT ON UPDATE RESTRICT
) ENGINE=InnoDB DEFAULT CHARSET=utf8mb3 COMMENT='触发器详细信息表';
/*!40101 SET character_set_client = @saved_cs_client */;

--
-- Dumping data for table `qrtz_triggers`
--

LOCK TABLES `qrtz_triggers` WRITE;
/*!40000 ALTER TABLE `qrtz_triggers` DISABLE KEYS */;
/*!40000 ALTER TABLE `qrtz_triggers` ENABLE KEYS */;
UNLOCK TABLES;

--
-- Table structure for table `sys_config`
--

DROP TABLE IF EXISTS `sys_config`;
/*!40101 SET @saved_cs_client     = @@character_set_client */;
/*!50503 SET character_set_client = utf8mb4 */;
CREATE TABLE `sys_config` (
  `config_id` int NOT NULL AUTO_INCREMENT COMMENT '参数主键',
  `config_name` varchar(100) CHARACTER SET utf8 COLLATE utf8_general_ci DEFAULT '' COMMENT '参数名称',
  `config_key` varchar(100) CHARACTER SET utf8 COLLATE utf8_general_ci DEFAULT '' COMMENT '参数键名',
  `config_value` varchar(500) CHARACTER SET utf8 COLLATE utf8_general_ci DEFAULT '' COMMENT '参数键值',
  `config_type` char(1) CHARACTER SET utf8 COLLATE utf8_general_ci DEFAULT 'N' COMMENT '系统内置（Y是 N否）',
  `create_by` varchar(64) CHARACTER SET utf8 COLLATE utf8_general_ci DEFAULT '' COMMENT '创建者',
  `create_time` datetime DEFAULT NULL COMMENT '创建时间',
  `update_by` varchar(64) CHARACTER SET utf8 COLLATE utf8_general_ci DEFAULT '' COMMENT '更新者',
  `update_time` datetime DEFAULT NULL COMMENT '更新时间',
  `remark` varchar(500) CHARACTER SET utf8 COLLATE utf8_general_ci DEFAULT NULL COMMENT '备注',
  PRIMARY KEY (`config_id`) USING BTREE
) ENGINE=InnoDB AUTO_INCREMENT=100 DEFAULT CHARSET=utf8mb3 COMMENT='参数配置表';
/*!40101 SET character_set_client = @saved_cs_client */;

--
-- Dumping data for table `sys_config`
--

LOCK TABLES `sys_config` WRITE;
/*!40000 ALTER TABLE `sys_config` DISABLE KEYS */;
INSERT INTO `sys_config` VALUES (1,'主框架页-默认皮肤样式名称','sys.index.skinName','skin-blue','Y','admin','2023-01-05 14:21:37','',NULL,'蓝色 skin-blue、绿色 skin-green、紫色 skin-purple、红色 skin-red、黄色 skin-yellow'),(2,'用户管理-账号初始密码','sys.user.initPassword','123456','Y','admin','2023-01-05 14:21:37','',NULL,'初始化密码 123456'),(3,'主框架页-侧边栏主题','sys.index.sideTheme','theme-dark','Y','admin','2023-01-05 14:21:37','',NULL,'深色主题theme-dark，浅色主题theme-light'),(4,'账号自助-验证码开关','sys.account.captchaEnabled','false','Y','admin','2023-01-05 14:21:37','admin','2023-01-10 16:28:06','是否开启验证码功能（true开启，false关闭）'),(5,'账号自助-是否开启用户注册功能','sys.account.registerUser','false','Y','admin','2023-01-05 14:21:37','',NULL,'是否开启注册用户功能（true开启，false关闭）');
/*!40000 ALTER TABLE `sys_config` ENABLE KEYS */;
UNLOCK TABLES;

--
-- Table structure for table `sys_dept`
--

DROP TABLE IF EXISTS `sys_dept`;
/*!40101 SET @saved_cs_client     = @@character_set_client */;
/*!50503 SET character_set_client = utf8mb4 */;
CREATE TABLE `sys_dept` (
  `dept_id` bigint NOT NULL AUTO_INCREMENT COMMENT '部门id',
  `parent_id` bigint DEFAULT '0' COMMENT '父部门id',
  `ancestors` varchar(50) CHARACTER SET utf8 COLLATE utf8_general_ci DEFAULT '' COMMENT '祖级列表',
  `dept_name` varchar(30) CHARACTER SET utf8 COLLATE utf8_general_ci DEFAULT '' COMMENT '部门名称',
  `order_num` int DEFAULT '0' COMMENT '显示顺序',
  `leader` varchar(20) CHARACTER SET utf8 COLLATE utf8_general_ci DEFAULT NULL COMMENT '负责人',
  `phone` varchar(11) CHARACTER SET utf8 COLLATE utf8_general_ci DEFAULT NULL COMMENT '联系电话',
  `email` varchar(50) CHARACTER SET utf8 COLLATE utf8_general_ci DEFAULT NULL COMMENT '邮箱',
  `status` char(1) CHARACTER SET utf8 COLLATE utf8_general_ci DEFAULT '0' COMMENT '部门状态（0正常 1停用）',
  `del_flag` char(1) CHARACTER SET utf8 COLLATE utf8_general_ci DEFAULT '0' COMMENT '删除标志（0代表存在 2代表删除）',
  `create_by` varchar(64) CHARACTER SET utf8 COLLATE utf8_general_ci DEFAULT '' COMMENT '创建者',
  `create_time` datetime DEFAULT NULL COMMENT '创建时间',
  `update_by` varchar(64) CHARACTER SET utf8 COLLATE utf8_general_ci DEFAULT '' COMMENT '更新者',
  `update_time` datetime DEFAULT NULL COMMENT '更新时间',
  PRIMARY KEY (`dept_id`) USING BTREE
) ENGINE=InnoDB AUTO_INCREMENT=200 DEFAULT CHARSET=utf8mb3 COMMENT='部门表';
/*!40101 SET character_set_client = @saved_cs_client */;

--
-- Dumping data for table `sys_dept`
--

LOCK TABLES `sys_dept` WRITE;
/*!40000 ALTER TABLE `sys_dept` DISABLE KEYS */;
INSERT INTO `sys_dept` VALUES (100,0,'0','若依科技',0,'若依','15888888888','ry@qq.com','0','0','admin','2023-01-05 14:21:37','',NULL),(101,100,'0,100','深圳总公司',1,'若依','15888888888','ry@qq.com','0','0','admin','2023-01-05 14:21:37','',NULL),(102,100,'0,100','长沙分公司',2,'若依','15888888888','ry@qq.com','0','0','admin','2023-01-05 14:21:37','',NULL),(103,101,'0,100,101','研发部门',1,'若依','15888888888','ry@qq.com','0','0','admin','2023-01-05 14:21:37','',NULL),(104,101,'0,100,101','市场部门',2,'若依','15888888888','ry@qq.com','0','0','admin','2023-01-05 14:21:37','',NULL),(105,101,'0,100,101','测试部门',3,'若依','15888888888','ry@qq.com','0','0','admin','2023-01-05 14:21:37','',NULL),(106,101,'0,100,101','财务部门',4,'若依','15888888888','ry@qq.com','0','0','admin','2023-01-05 14:21:37','',NULL),(107,101,'0,100,101','运维部门',5,'若依','15888888888','ry@qq.com','0','0','admin','2023-01-05 14:21:37','',NULL),(108,102,'0,100,102','市场部门',1,'若依','15888888888','ry@qq.com','0','0','admin','2023-01-05 14:21:37','',NULL),(109,102,'0,100,102','财务部门',2,'若依','15888888888','ry@qq.com','0','0','admin','2023-01-05 14:21:37','',NULL);
/*!40000 ALTER TABLE `sys_dept` ENABLE KEYS */;
UNLOCK TABLES;

--
-- Table structure for table `sys_dict_data`
--

DROP TABLE IF EXISTS `sys_dict_data`;
/*!40101 SET @saved_cs_client     = @@character_set_client */;
/*!50503 SET character_set_client = utf8mb4 */;
CREATE TABLE `sys_dict_data` (
  `dict_code` bigint NOT NULL AUTO_INCREMENT COMMENT '字典编码',
  `dict_sort` int DEFAULT '0' COMMENT '字典排序',
  `dict_label` varchar(100) CHARACTER SET utf8 COLLATE utf8_general_ci DEFAULT '' COMMENT '字典标签',
  `dict_value` varchar(100) CHARACTER SET utf8 COLLATE utf8_general_ci DEFAULT '' COMMENT '字典键值',
  `dict_type` varchar(100) CHARACTER SET utf8 COLLATE utf8_general_ci DEFAULT '' COMMENT '字典类型',
  `css_class` varchar(100) CHARACTER SET utf8 COLLATE utf8_general_ci DEFAULT NULL COMMENT '样式属性（其他样式扩展）',
  `list_class` varchar(100) CHARACTER SET utf8 COLLATE utf8_general_ci DEFAULT NULL COMMENT '表格回显样式',
  `is_default` char(1) CHARACTER SET utf8 COLLATE utf8_general_ci DEFAULT 'N' COMMENT '是否默认（Y是 N否）',
  `status` char(1) CHARACTER SET utf8 COLLATE utf8_general_ci DEFAULT '0' COMMENT '状态（0正常 1停用）',
  `create_by` varchar(64) CHARACTER SET utf8 COLLATE utf8_general_ci DEFAULT '' COMMENT '创建者',
  `create_time` datetime DEFAULT NULL COMMENT '创建时间',
  `update_by` varchar(64) CHARACTER SET utf8 COLLATE utf8_general_ci DEFAULT '' COMMENT '更新者',
  `update_time` datetime DEFAULT NULL COMMENT '更新时间',
  `remark` varchar(500) CHARACTER SET utf8 COLLATE utf8_general_ci DEFAULT NULL COMMENT '备注',
  PRIMARY KEY (`dict_code`) USING BTREE
) ENGINE=InnoDB AUTO_INCREMENT=131 DEFAULT CHARSET=utf8mb3 COMMENT='字典数据表';
/*!40101 SET character_set_client = @saved_cs_client */;

--
-- Dumping data for table `sys_dict_data`
--

LOCK TABLES `sys_dict_data` WRITE;
/*!40000 ALTER TABLE `sys_dict_data` DISABLE KEYS */;
INSERT INTO `sys_dict_data` VALUES (1,1,'男','0','sys_user_sex','','','Y','0','admin','2023-01-05 14:21:37','',NULL,'性别男'),(2,2,'女','1','sys_user_sex','','','N','0','admin','2023-01-05 14:21:37','',NULL,'性别女'),(3,3,'未知','2','sys_user_sex','','','N','0','admin','2023-01-05 14:21:37','',NULL,'性别未知'),(4,1,'显示','0','sys_show_hide','','primary','Y','0','admin','2023-01-05 14:21:37','',NULL,'显示菜单'),(5,2,'隐藏','1','sys_show_hide','','danger','N','0','admin','2023-01-05 14:21:37','',NULL,'隐藏菜单'),(6,1,'正常','0','sys_normal_disable','','primary','Y','0','admin','2023-01-05 14:21:37','',NULL,'正常状态'),(7,2,'停用','1','sys_normal_disable','','danger','N','0','admin','2023-01-05 14:21:37','',NULL,'停用状态'),(8,1,'正常','0','sys_job_status','','primary','Y','0','admin','2023-01-05 14:21:37','',NULL,'正常状态'),(9,2,'暂停','1','sys_job_status','','danger','N','0','admin','2023-01-05 14:21:37','',NULL,'停用状态'),(10,1,'默认','DEFAULT','sys_job_group','','','Y','0','admin','2023-01-05 14:21:37','',NULL,'默认分组'),(11,2,'系统','SYSTEM','sys_job_group','','','N','0','admin','2023-01-05 14:21:37','',NULL,'系统分组'),(12,1,'是','Y','sys_yes_no','','primary','Y','0','admin','2023-01-05 14:21:37','',NULL,'系统默认是'),(13,2,'否','N','sys_yes_no','','danger','N','0','admin','2023-01-05 14:21:37','',NULL,'系统默认否'),(14,1,'通知','1','sys_notice_type','','warning','Y','0','admin','2023-01-05 14:21:37','',NULL,'通知'),(15,2,'公告','2','sys_notice_type','','success','N','0','admin','2023-01-05 14:21:37','',NULL,'公告'),(16,1,'正常','0','sys_notice_status','','primary','Y','0','admin','2023-01-05 14:21:37','',NULL,'正常状态'),(17,2,'关闭','1','sys_notice_status','','danger','N','0','admin','2023-01-05 14:21:37','',NULL,'关闭状态'),(18,99,'其他','0','sys_oper_type','','info','N','0','admin','2023-01-05 14:21:37','',NULL,'其他操作'),(19,1,'新增','1','sys_oper_type','','info','N','0','admin','2023-01-05 14:21:37','',NULL,'新增操作'),(20,2,'修改','2','sys_oper_type','','info','N','0','admin','2023-01-05 14:21:37','',NULL,'修改操作'),(21,3,'删除','3','sys_oper_type','','danger','N','0','admin','2023-01-05 14:21:37','',NULL,'删除操作'),(22,4,'授权','4','sys_oper_type','','primary','N','0','admin','2023-01-05 14:21:37','',NULL,'授权操作'),(23,5,'导出','5','sys_oper_type','','warning','N','0','admin','2023-01-05 14:21:37','',NULL,'导出操作'),(24,6,'导入','6','sys_oper_type','','warning','N','0','admin','2023-01-05 14:21:37','',NULL,'导入操作'),(25,7,'强退','7','sys_oper_type','','danger','N','0','admin','2023-01-05 14:21:37','',NULL,'强退操作'),(26,8,'生成代码','8','sys_oper_type','','warning','N','0','admin','2023-01-05 14:21:37','',NULL,'生成操作'),(27,9,'清空数据','9','sys_oper_type','','danger','N','0','admin','2023-01-05 14:21:37','',NULL,'清空操作'),(28,1,'成功','0','sys_common_status','','primary','N','0','admin','2023-01-05 14:21:37','',NULL,'正常状态'),(29,2,'失败','1','sys_common_status','','danger','N','0','admin','2023-01-05 14:21:37','',NULL,'停用状态'),(100,0,'履历类材料','一','zb97',NULL,'default','N','0','admin','2023-04-07 16:07:28','admin','2023-04-07 18:37:51',''),(101,1,'自传和思想类材料','二','zb97',NULL,'default','N','0','admin','2023-04-07 16:08:01','admin','2023-04-07 18:37:47',''),(102,2,'考核鉴定类材料','三','zb97',NULL,'default','N','0','admin','2023-04-07 16:09:37','',NULL,NULL),(103,3,'学历学位、专业技术职务（职称）、学术评鉴和教育培训类材料','四','zb97',NULL,'default','N','0','admin','2023-04-07 16:10:13','',NULL,NULL),(104,4,'学历学位材料','4-1','zb97',NULL,'default','N','0','admin','2023-04-07 16:10:45','',NULL,NULL),(105,5,'专业技术职务材料','4-2','zb97',NULL,'default','N','0','admin','2023-04-07 16:11:16','',NULL,NULL),(106,6,'科研学术材料','4-3','zb97',NULL,'default','N','0','admin','2023-04-07 16:11:48','admin','2023-04-07 16:11:55',NULL),(107,7,'培训材料','4-4','zb97',NULL,'default','N','0','admin','2023-04-07 16:12:36','admin','2023-04-07 16:12:43',NULL),(108,8,'政审、审计和审核类材料','五','zb97',NULL,'default','N','0','admin','2023-04-07 16:13:53','',NULL,NULL),(109,9,'党、团类材料','六','zb97',NULL,'default','N','0','admin','2023-04-07 16:14:21','',NULL,NULL),(110,10,'表彰奖励类材料','七','zb97',NULL,'default','N','0','admin','2023-04-07 16:14:52','',NULL,NULL),(111,11,'违规违纪违法处理处分材料','八','zb97',NULL,'default','N','0','admin','2023-04-07 16:15:13','',NULL,NULL),(112,12,'工资、任免、出国和会议代表类材料','九','zb97',NULL,'default','N','0','admin','2023-04-07 16:15:42','',NULL,NULL),(113,13,'工资材料','9-1','zb97',NULL,'default','N','0','admin','2023-04-07 16:16:07','',NULL,NULL),(114,14,'任免材料','9-2','zb97',NULL,'default','N','0','admin','2023-04-07 16:16:33','',NULL,NULL),(115,15,'出国（境）审批材料','9-3','zb97',NULL,'default','N','0','admin','2023-04-07 16:16:59','',NULL,NULL),(116,16,'会议代表材料','9-4','zb97',NULL,'default','N','0','admin','2023-04-07 16:17:15','',NULL,NULL),(117,17,'其他可供组织参考的材料','十','zb97',NULL,'default','N','0','admin','2023-04-07 16:17:39','',NULL,NULL),(118,0,'字符','varchar','md98',NULL,'default','N','0','admin','2023-04-19 17:34:52','',NULL,NULL),(119,1,'数字','int','md98',NULL,'default','N','0','admin','2023-04-19 17:35:25','',NULL,NULL),(120,2,'时间','datetime','md98',NULL,'default','N','0','admin','2023-04-19 17:35:53','',NULL,NULL),(124,0,'数字','/^[\\d]+$/','regex99',NULL,'default','N','0','admin','2023-04-27 17:23:10','admin','2023-04-27 17:38:50','/^[0-9]\\d*$/   '),(125,1,'数字组成,长度为3','/^[\\d]{3}$/','regex99',NULL,'default','N','0','admin','2023-04-27 17:33:47','',NULL,NULL),(126,2,'数字组成,长度为4','/^[\\d]{4}$/','regex99',NULL,'default','N','0','admin','2023-04-27 17:36:46','admin','2023-04-27 17:36:55',NULL),(128,3,'年份','/^(19\\d\\d|20\\d\\d|2100)$/','regex99',NULL,'default','N','0','admin','2023-04-27 18:06:17','',NULL,NULL),(129,4,'月份','/^(0?[1-9]|1[0-2])$/','regex99',NULL,'default','N','0','admin','2023-04-27 18:06:43','',NULL,NULL),(130,5,'日期','/^((0?[1-9])|((1|2)[0-9])|30|31)$/','regex99',NULL,'default','N','0','admin','2023-04-27 18:07:19','',NULL,NULL);
/*!40000 ALTER TABLE `sys_dict_data` ENABLE KEYS */;
UNLOCK TABLES;

--
-- Table structure for table `sys_dict_type`
--

DROP TABLE IF EXISTS `sys_dict_type`;
/*!40101 SET @saved_cs_client     = @@character_set_client */;
/*!50503 SET character_set_client = utf8mb4 */;
CREATE TABLE `sys_dict_type` (
  `dict_id` bigint NOT NULL AUTO_INCREMENT COMMENT '字典主键',
  `dict_name` varchar(100) CHARACTER SET utf8 COLLATE utf8_general_ci DEFAULT '' COMMENT '字典名称',
  `dict_type` varchar(100) CHARACTER SET utf8 COLLATE utf8_general_ci DEFAULT '' COMMENT '字典类型',
  `status` char(1) CHARACTER SET utf8 COLLATE utf8_general_ci DEFAULT '0' COMMENT '状态（0正常 1停用）',
  `create_by` varchar(64) CHARACTER SET utf8 COLLATE utf8_general_ci DEFAULT '' COMMENT '创建者',
  `create_time` datetime DEFAULT NULL COMMENT '创建时间',
  `update_by` varchar(64) CHARACTER SET utf8 COLLATE utf8_general_ci DEFAULT '' COMMENT '更新者',
  `update_time` datetime DEFAULT NULL COMMENT '更新时间',
  `remark` varchar(500) CHARACTER SET utf8 COLLATE utf8_general_ci DEFAULT NULL COMMENT '备注',
  PRIMARY KEY (`dict_id`) USING BTREE,
  UNIQUE KEY `dict_type` (`dict_type`) USING BTREE
) ENGINE=InnoDB AUTO_INCREMENT=15 DEFAULT CHARSET=utf8mb3 COMMENT='字典类型表';
/*!40101 SET character_set_client = @saved_cs_client */;

--
-- Dumping data for table `sys_dict_type`
--

LOCK TABLES `sys_dict_type` WRITE;
/*!40000 ALTER TABLE `sys_dict_type` DISABLE KEYS */;
INSERT INTO `sys_dict_type` VALUES (1,'用户性别','sys_user_sex','0','admin','2023-01-05 14:21:37','',NULL,'用户性别列表'),(2,'菜单状态','sys_show_hide','0','admin','2023-01-05 14:21:37','',NULL,'菜单状态列表'),(3,'系统开关','sys_normal_disable','0','admin','2023-01-05 14:21:37','',NULL,'系统开关列表'),(4,'任务状态','sys_job_status','0','admin','2023-01-05 14:21:37','',NULL,'任务状态列表'),(5,'任务分组','sys_job_group','0','admin','2023-01-05 14:21:37','',NULL,'任务分组列表'),(6,'系统是否','sys_yes_no','0','admin','2023-01-05 14:21:37','',NULL,'系统是否列表'),(7,'通知类型','sys_notice_type','0','admin','2023-01-05 14:21:37','',NULL,'通知类型列表'),(8,'通知状态','sys_notice_status','0','admin','2023-01-05 14:21:37','',NULL,'通知状态列表'),(9,'操作类型','sys_oper_type','0','admin','2023-01-05 14:21:37','',NULL,'操作类型列表'),(10,'系统状态','sys_common_status','0','admin','2023-01-05 14:21:37','',NULL,'登录状态列表'),(11,'人事档案材料类别代码','zb97','0','admin','2023-04-07 16:06:26','',NULL,'人事档案材料分类列表'),(12,'元数据类型','md98','0','admin','2023-04-19 17:32:02','',NULL,'元数据数据类型'),(14,'字段正则表达式验证','regex99','0','admin','2023-04-27 16:48:29','',NULL,NULL);
/*!40000 ALTER TABLE `sys_dict_type` ENABLE KEYS */;
UNLOCK TABLES;

--
-- Table structure for table `sys_job`
--

DROP TABLE IF EXISTS `sys_job`;
/*!40101 SET @saved_cs_client     = @@character_set_client */;
/*!50503 SET character_set_client = utf8mb4 */;
CREATE TABLE `sys_job` (
  `job_id` bigint NOT NULL AUTO_INCREMENT COMMENT '任务ID',
  `job_name` varchar(64) CHARACTER SET utf8 COLLATE utf8_general_ci NOT NULL DEFAULT '' COMMENT '任务名称',
  `job_group` varchar(64) CHARACTER SET utf8 COLLATE utf8_general_ci NOT NULL DEFAULT 'DEFAULT' COMMENT '任务组名',
  `invoke_target` varchar(500) CHARACTER SET utf8 COLLATE utf8_general_ci NOT NULL COMMENT '调用目标字符串',
  `cron_expression` varchar(255) CHARACTER SET utf8 COLLATE utf8_general_ci DEFAULT '' COMMENT 'cron执行表达式',
  `misfire_policy` varchar(20) CHARACTER SET utf8 COLLATE utf8_general_ci DEFAULT '3' COMMENT '计划执行错误策略（1立即执行 2执行一次 3放弃执行）',
  `concurrent` char(1) CHARACTER SET utf8 COLLATE utf8_general_ci DEFAULT '1' COMMENT '是否并发执行（0允许 1禁止）',
  `status` char(1) CHARACTER SET utf8 COLLATE utf8_general_ci DEFAULT '0' COMMENT '状态（0正常 1暂停）',
  `create_by` varchar(64) CHARACTER SET utf8 COLLATE utf8_general_ci DEFAULT '' COMMENT '创建者',
  `create_time` datetime DEFAULT NULL COMMENT '创建时间',
  `update_by` varchar(64) CHARACTER SET utf8 COLLATE utf8_general_ci DEFAULT '' COMMENT '更新者',
  `update_time` datetime DEFAULT NULL COMMENT '更新时间',
  `remark` varchar(500) CHARACTER SET utf8 COLLATE utf8_general_ci DEFAULT '' COMMENT '备注信息',
  PRIMARY KEY (`job_id`,`job_name`,`job_group`) USING BTREE
) ENGINE=InnoDB AUTO_INCREMENT=100 DEFAULT CHARSET=utf8mb3 COMMENT='定时任务调度表';
/*!40101 SET character_set_client = @saved_cs_client */;

--
-- Dumping data for table `sys_job`
--

LOCK TABLES `sys_job` WRITE;
/*!40000 ALTER TABLE `sys_job` DISABLE KEYS */;
INSERT INTO `sys_job` VALUES (1,'系统默认（无参）','DEFAULT','ryTask.ryNoParams','0/10 * * * * ?','3','1','1','admin','2023-01-05 14:21:37','',NULL,''),(2,'系统默认（有参）','DEFAULT','ryTask.ryParams(\'ry\')','0/15 * * * * ?','3','1','1','admin','2023-01-05 14:21:37','',NULL,''),(3,'系统默认（多参）','DEFAULT','ryTask.ryMultipleParams(\'ry\', true, 2000L, 316.50D, 100)','0/20 * * * * ?','3','1','1','admin','2023-01-05 14:21:37','',NULL,'');
/*!40000 ALTER TABLE `sys_job` ENABLE KEYS */;
UNLOCK TABLES;

--
-- Table structure for table `sys_job_log`
--

DROP TABLE IF EXISTS `sys_job_log`;
/*!40101 SET @saved_cs_client     = @@character_set_client */;
/*!50503 SET character_set_client = utf8mb4 */;
CREATE TABLE `sys_job_log` (
  `job_log_id` bigint NOT NULL AUTO_INCREMENT COMMENT '任务日志ID',
  `job_name` varchar(64) CHARACTER SET utf8 COLLATE utf8_general_ci NOT NULL COMMENT '任务名称',
  `job_group` varchar(64) CHARACTER SET utf8 COLLATE utf8_general_ci NOT NULL COMMENT '任务组名',
  `invoke_target` varchar(500) CHARACTER SET utf8 COLLATE utf8_general_ci NOT NULL COMMENT '调用目标字符串',
  `job_message` varchar(500) CHARACTER SET utf8 COLLATE utf8_general_ci DEFAULT NULL COMMENT '日志信息',
  `status` char(1) CHARACTER SET utf8 COLLATE utf8_general_ci DEFAULT '0' COMMENT '执行状态（0正常 1失败）',
  `exception_info` varchar(2000) CHARACTER SET utf8 COLLATE utf8_general_ci DEFAULT '' COMMENT '异常信息',
  `create_time` datetime DEFAULT NULL COMMENT '创建时间',
  PRIMARY KEY (`job_log_id`) USING BTREE
) ENGINE=InnoDB DEFAULT CHARSET=utf8mb3 COMMENT='定时任务调度日志表';
/*!40101 SET character_set_client = @saved_cs_client */;

--
-- Dumping data for table `sys_job_log`
--

LOCK TABLES `sys_job_log` WRITE;
/*!40000 ALTER TABLE `sys_job_log` DISABLE KEYS */;
/*!40000 ALTER TABLE `sys_job_log` ENABLE KEYS */;
UNLOCK TABLES;

--
-- Table structure for table `sys_logininfor`
--

DROP TABLE IF EXISTS `sys_logininfor`;
/*!40101 SET @saved_cs_client     = @@character_set_client */;
/*!50503 SET character_set_client = utf8mb4 */;
CREATE TABLE `sys_logininfor` (
  `info_id` bigint NOT NULL AUTO_INCREMENT COMMENT '访问ID',
  `user_name` varchar(50) CHARACTER SET utf8 COLLATE utf8_general_ci DEFAULT '' COMMENT '用户账号',
  `ipaddr` varchar(128) CHARACTER SET utf8 COLLATE utf8_general_ci DEFAULT '' COMMENT '登录IP地址',
  `login_location` varchar(255) CHARACTER SET utf8 COLLATE utf8_general_ci DEFAULT '' COMMENT '登录地点',
  `browser` varchar(50) CHARACTER SET utf8 COLLATE utf8_general_ci DEFAULT '' COMMENT '浏览器类型',
  `os` varchar(50) CHARACTER SET utf8 COLLATE utf8_general_ci DEFAULT '' COMMENT '操作系统',
  `status` char(1) CHARACTER SET utf8 COLLATE utf8_general_ci DEFAULT '0' COMMENT '登录状态（0成功 1失败）',
  `msg` varchar(255) CHARACTER SET utf8 COLLATE utf8_general_ci DEFAULT '' COMMENT '提示消息',
  `login_time` datetime DEFAULT NULL COMMENT '访问时间',
  PRIMARY KEY (`info_id`) USING BTREE
) ENGINE=InnoDB AUTO_INCREMENT=1293 DEFAULT CHARSET=utf8mb3 COMMENT='系统访问记录';
/*!40101 SET character_set_client = @saved_cs_client */;

--
-- Dumping data for table `sys_logininfor`
--

LOCK TABLES `sys_logininfor` WRITE;
/*!40000 ALTER TABLE `sys_logininfor` DISABLE KEYS */;
INSERT INTO `sys_logininfor` VALUES (100,'admin','127.0.0.1','内网IP','Chrome 8','Windows 10','0','登录成功','2023-01-05 14:47:50'),(101,'admin','127.0.0.1','内网IP','Chrome 8','Windows 10','0','登录成功','2023-01-05 16:58:09'),(102,'admin','127.0.0.1','内网IP','Chrome 8','Windows 10','0','登录成功','2023-01-05 17:05:01'),(103,'admin','127.0.0.1','内网IP','Chrome 8','Windows 10','0','退出成功','2023-01-05 17:06:39'),(104,'admin','127.0.0.1','内网IP','Chrome 8','Windows 10','1','验证码错误','2023-01-05 17:06:46'),(105,'admin','127.0.0.1','内网IP','Chrome 8','Windows 10','0','登录成功','2023-01-05 17:06:51'),(106,'admin','127.0.0.1','内网IP','Chrome 10','Windows 10','0','登录成功','2023-01-05 17:08:14'),(107,'admin','127.0.0.1','内网IP','Chrome 8','Windows 10','0','登录成功','2023-01-05 17:13:08'),(108,'admin','192.168.0.55','内网IP','Chrome 8','Windows 10','0','登录成功','2023-01-05 17:18:56'),(109,'admin','127.0.0.1','内网IP','Chrome 10','Windows 10','0','登录成功','2023-01-05 17:33:40'),(110,'admin','192.168.0.55','内网IP','Chrome 8','Windows 10','0','登录成功','2023-01-05 17:34:43'),(111,'admin','127.0.0.1','内网IP','Chrome 10','Windows 10','0','登录成功','2023-01-05 17:36:05'),(112,'admin','127.0.0.1','内网IP','Chrome 10','Windows 10','0','登录成功','2023-01-05 17:40:08'),(113,'admin','127.0.0.1','内网IP','Chrome 8','Windows 10','0','登录成功','2023-01-05 17:40:24'),(114,'admin','127.0.0.1','内网IP','Chrome 8','Windows 10','0','登录成功','2023-01-06 15:11:10'),(115,'admin','127.0.0.1','内网IP','Chrome 8','Windows 10','0','登录成功','2023-01-10 09:59:12'),(116,'admin','127.0.0.1','内网IP','Chrome 10','Mac OS X','1','验证码错误','2023-01-10 10:00:37'),(117,'admin','127.0.0.1','内网IP','Chrome 10','Mac OS X','0','登录成功','2023-01-10 10:00:41'),(118,'admin','192.168.0.58','内网IP','Chrome 10','Windows 10','0','登录成功','2023-01-10 12:01:53'),(119,'admin','127.0.0.1','内网IP','Chrome 10','Mac OS X','0','退出成功','2023-01-10 13:45:15'),(120,'admin','127.0.0.1','内网IP','Chrome 10','Mac OS X','1','验证码已失效','2023-01-10 13:47:21'),(121,'admin','127.0.0.1','内网IP','Chrome 10','Mac OS X','0','登录成功','2023-01-10 13:47:25'),(122,'admin','127.0.0.1','内网IP','Chrome 10','Windows 10','1','验证码错误','2023-01-10 14:08:53'),(123,'admin','127.0.0.1','内网IP','Chrome 10','Windows 10','0','登录成功','2023-01-10 14:09:01'),(124,'admin','127.0.0.1','内网IP','Chrome 10','Windows 10','0','登录成功','2023-01-10 14:11:04'),(125,'admin','127.0.0.1','内网IP','Chrome 8','Windows 10','1','验证码错误','2023-01-10 15:40:19'),(126,'admin','127.0.0.1','内网IP','Chrome 8','Windows 10','0','登录成功','2023-01-10 15:40:22'),(127,'admin','127.0.0.1','内网IP','Chrome 8','Windows 10','0','登录成功','2023-01-10 16:01:04'),(128,'admin','127.0.0.1','内网IP','Chrome 10','Mac OS X','0','退出成功','2023-01-10 16:27:29'),(129,'admin','127.0.0.1','内网IP','Chrome 10','Mac OS X','1','验证码错误','2023-01-10 16:27:32'),(130,'admin','127.0.0.1','内网IP','Chrome 10','Mac OS X','0','登录成功','2023-01-10 16:27:35'),(131,'admin','127.0.0.1','内网IP','Chrome 10','Mac OS X','0','退出成功','2023-01-10 16:28:11'),(132,'admin','127.0.0.1','内网IP','Chrome 10','Mac OS X','0','登录成功','2023-01-10 16:28:12'),(133,'admin','127.0.0.1','内网IP','Chrome 10','Mac OS X','0','退出成功','2023-01-10 17:20:32'),(134,'admin','127.0.0.1','内网IP','Chrome 10','Mac OS X','0','登录成功','2023-01-10 17:20:46'),(135,'admin','127.0.0.1','内网IP','Chrome 8','Windows 10','0','登录成功','2023-01-11 11:06:34'),(136,'admin','127.0.0.1','内网IP','Chrome 8','Windows 10','0','退出成功','2023-01-11 11:07:26'),(137,'admin','127.0.0.1','内网IP','Chrome 8','Windows 10','0','登录成功','2023-01-11 11:07:28'),(138,'admin','192.168.0.14','内网IP','Chrome 8','Windows 7','0','登录成功','2023-01-11 11:08:47'),(139,'admin','127.0.0.1','内网IP','Chrome 8','Windows 10','0','登录成功','2023-01-11 11:11:10'),(140,'admin','127.0.0.1','内网IP','Chrome 10','Windows 10','0','登录成功','2023-01-11 11:11:23'),(141,'admin','192.168.0.55','内网IP','Chrome 8','Windows 10','0','登录成功','2023-01-11 11:34:30'),(142,'admin','127.0.0.1','内网IP','Chrome 8','Windows 10','0','退出成功','2023-01-11 12:22:46'),(143,'admin','127.0.0.1','内网IP','Chrome 8','Windows 10','0','登录成功','2023-01-11 12:22:48'),(144,'admin','127.0.0.1','内网IP','Chrome 8','Windows 10','0','登录成功','2023-01-11 14:00:18'),(145,'admin','192.168.0.55','内网IP','Chrome 8','Windows 10','0','登录成功','2023-01-11 18:35:09'),(146,'admin','127.0.0.1','内网IP','Chrome 8','Windows 10','0','登录成功','2023-01-11 22:58:07'),(147,'admin','127.0.0.1','内网IP','Chrome 8','Windows 10','0','登录成功','2023-01-12 09:38:58'),(148,'','127.0.0.1','内网IP','Chrome 10','Windows 10','1','登录用户： 不存在','2023-01-12 09:41:17'),(149,'admin','127.0.0.1','内网IP','Chrome 10','Windows 10','0','登录成功','2023-01-12 09:42:22'),(150,'admin','127.0.0.1','内网IP','Chrome 10','Windows 10','0','登录成功','2023-01-12 09:47:04'),(151,'admin','192.168.0.55','内网IP','Chrome 8','Windows 10','0','登录成功','2023-01-12 09:47:13'),(152,'admin','127.0.0.1','内网IP','Chrome 8','Windows 10','0','登录成功','2023-01-12 09:50:53'),(153,'admin','127.0.0.1','内网IP','Chrome 10','Mac OS X','0','登录成功','2023-01-12 10:13:33'),(154,'admin','192.168.0.14','内网IP','Chrome 8','Windows 7','0','登录成功','2023-01-12 10:26:28'),(155,'admin','127.0.0.1','内网IP','Chrome 8','Windows 10','0','登录成功','2023-01-12 10:26:52'),(156,'admin','192.168.0.14','内网IP','Chrome 8','Windows 7','0','登录成功','2023-01-12 10:27:24'),(157,'admin','127.0.0.1','内网IP','Chrome 10','Mac OS X','0','退出成功','2023-01-12 10:39:35'),(158,'admin','127.0.0.1','内网IP','Chrome 10','Mac OS X','0','登录成功','2023-01-12 10:48:00'),(159,'admin','127.0.0.1','内网IP','Chrome 10','Mac OS X','0','退出成功','2023-01-12 11:06:42'),(160,'admin','127.0.0.1','内网IP','Chrome 10','Mac OS X','0','退出成功','2023-01-12 11:06:42'),(161,'admin','127.0.0.1','内网IP','Chrome 10','Mac OS X','0','退出成功','2023-01-12 11:06:42'),(162,'admin','127.0.0.1','内网IP','Chrome 10','Windows 10','0','退出成功','2023-01-12 11:18:43'),(163,'admin','127.0.0.1','内网IP','Chrome 10','Windows 10','0','登录成功','2023-01-12 11:18:45'),(164,'admin','127.0.0.1','内网IP','Chrome 8','Windows 10','0','退出成功','2023-01-12 11:19:08'),(165,'admin','127.0.0.1','内网IP','Chrome 8','Windows 10','0','登录成功','2023-01-12 11:19:10'),(166,'admin','127.0.0.1','内网IP','Chrome 10','Mac OS X','0','登录成功','2023-01-12 11:19:28'),(167,'admin','127.0.0.1','内网IP','Chrome 8','Windows 10','0','退出成功','2023-01-12 11:22:12'),(168,'admin','127.0.0.1','内网IP','Chrome 8','Windows 10','0','登录成功','2023-01-12 11:22:14'),(169,'admin','127.0.0.1','内网IP','Chrome 8','Windows 10','0','登录成功','2023-01-12 11:22:24'),(170,'admin','127.0.0.1','内网IP','Chrome 10','Mac OS X','0','退出成功','2023-01-12 11:22:58'),(171,'admin','127.0.0.1','内网IP','Chrome 10','Mac OS X','0','登录成功','2023-01-12 11:23:11'),(172,'admin','127.0.0.1','内网IP','Chrome 8','Windows 10','0','登录成功','2023-01-12 11:34:19'),(173,'xiaruibo','192.168.0.55','内网IP','Chrome 8','Windows 10','1','登录用户：xiaruibo 不存在','2023-01-12 12:02:45'),(174,'admin','192.168.0.55','内网IP','Chrome 8','Windows 10','0','登录成功','2023-01-12 12:02:54'),(175,'admin','192.168.0.55','内网IP','Chrome 8','Windows 10','0','退出成功','2023-01-12 12:05:08'),(176,'xiaruibo','192.168.0.55','内网IP','Chrome 8','Windows 10','0','登录成功','2023-01-12 12:05:24'),(177,'xiaruibo','192.168.0.55','内网IP','Chrome 8','Windows 10','0','退出成功','2023-01-12 12:05:28'),(178,'admin','192.168.0.55','内网IP','Chrome 8','Windows 10','0','登录成功','2023-01-12 12:05:30'),(179,'admin','192.168.0.55','内网IP','Chrome 8','Windows 10','0','退出成功','2023-01-12 12:05:41'),(180,'xiaruibo','192.168.0.55','内网IP','Chrome 8','Windows 10','0','登录成功','2023-01-12 12:05:47'),(181,'xiaruibo','192.168.0.55','内网IP','Chrome 8','Windows 10','0','退出成功','2023-01-12 12:06:15'),(182,'admin','192.168.0.55','内网IP','Chrome 8','Windows 10','0','登录成功','2023-01-12 12:06:17'),(183,'admin','127.0.0.1','内网IP','Chrome 8','Windows 10','0','退出成功','2023-01-12 12:15:14'),(184,'夏睿博','127.0.0.1','内网IP','Chrome 8','Windows 10','0','登录成功','2023-01-12 12:15:19'),(185,'夏睿博','127.0.0.1','内网IP','Chrome 8','Windows 10','0','退出成功','2023-01-12 12:15:22'),(186,'夏睿博','127.0.0.1','内网IP','Chrome 8','Windows 10','0','登录成功','2023-01-12 12:15:55'),(187,'夏睿博','127.0.0.1','内网IP','Chrome 8','Windows 10','0','退出成功','2023-01-12 12:15:58'),(188,'夏睿博','127.0.0.1','内网IP','Chrome 8','Windows 10','0','登录成功','2023-01-12 12:16:00'),(189,'admin','127.0.0.1','内网IP','Chrome 10','Windows 10','0','退出成功','2023-01-12 13:48:34'),(190,'admin','127.0.0.1','内网IP','Chrome 10','Windows 10','0','登录成功','2023-01-12 13:48:35'),(191,'夏睿博','127.0.0.1','内网IP','Chrome 8','Windows 10','0','登录成功','2023-01-12 13:54:57'),(192,'夏睿博','127.0.0.1','内网IP','Chrome 8','Windows 10','0','退出成功','2023-01-12 13:56:31'),(193,'admin','127.0.0.1','内网IP','Chrome 8','Windows 10','0','登录成功','2023-01-12 13:56:40'),(194,'admin','127.0.0.1','内网IP','Chrome 8','Windows 10','0','退出成功','2023-01-12 13:56:43'),(195,'xiaruibo','127.0.0.1','内网IP','Chrome 8','Windows 10','0','登录成功','2023-01-12 13:56:49'),(196,'xiaruibo','127.0.0.1','内网IP','Chrome 8','Windows 10','0','退出成功','2023-01-12 13:58:27'),(197,'admin','127.0.0.1','内网IP','Chrome 8','Windows 10','0','登录成功','2023-01-12 13:58:39'),(198,'admin','127.0.0.1','内网IP','Chrome 10','Windows 10','0','退出成功','2023-01-12 14:00:52'),(199,'liupeng','127.0.0.1','内网IP','Chrome 10','Windows 10','0','登录成功','2023-01-12 14:01:03'),(200,'liupeng','127.0.0.1','内网IP','Chrome 10','Windows 10','0','退出成功','2023-01-12 14:01:53'),(201,'admin','127.0.0.1','内网IP','Chrome 10','Windows 10','0','登录成功','2023-01-12 14:02:42'),(202,'admin','127.0.0.1','内网IP','Chrome 8','Windows 10','0','退出成功','2023-01-12 14:04:21'),(203,'xrb','127.0.0.1','内网IP','Chrome 8','Windows 10','0','登录成功','2023-01-12 14:04:27'),(204,'xrb','127.0.0.1','内网IP','Chrome 8','Windows 10','0','退出成功','2023-01-12 14:05:14'),(205,'admin','127.0.0.1','内网IP','Chrome 10','Windows 10','0','退出成功','2023-01-12 14:05:21'),(206,'admin','127.0.0.1','内网IP','Chrome 8','Windows 10','0','登录成功','2023-01-12 14:05:23'),(207,'liupeng','127.0.0.1','内网IP','Chrome 10','Windows 10','0','登录成功','2023-01-12 14:05:43'),(208,'liupeng','127.0.0.1','内网IP','Chrome 10','Windows 10','0','退出成功','2023-01-12 14:05:49'),(209,'liupeng','127.0.0.1','内网IP','Chrome 10','Windows 10','0','登录成功','2023-01-12 14:06:54'),(210,'liupeng','127.0.0.1','内网IP','Chrome 10','Windows 10','0','退出成功','2023-01-12 14:11:28'),(211,'admin','127.0.0.1','内网IP','Chrome 10','Windows 10','0','登录成功','2023-01-12 14:11:32'),(212,'admin','127.0.0.1','内网IP','Chrome 10','Windows 10','0','退出成功','2023-01-12 14:12:03'),(213,'liupeng','127.0.0.1','内网IP','Chrome 10','Windows 10','0','登录成功','2023-01-12 14:12:16'),(214,'admin','192.168.0.55','内网IP','Chrome 8','Windows 10','0','登录成功','2023-01-12 14:25:27'),(215,'admin','192.168.0.55','内网IP','Chrome 8','Windows 10','0','退出成功','2023-01-12 14:25:37'),(216,'xrb','192.168.0.55','内网IP','Chrome 8','Windows 10','1','密码输入错误1次','2023-01-12 14:25:42'),(217,'xrb','192.168.0.55','内网IP','Chrome 8','Windows 10','1','用户不存在/密码错误','2023-01-12 14:25:42'),(218,'xrb','192.168.0.55','内网IP','Chrome 8','Windows 10','1','用户不存在/密码错误','2023-01-12 14:25:46'),(219,'xrb','192.168.0.55','内网IP','Chrome 8','Windows 10','1','密码输入错误2次','2023-01-12 14:25:46'),(220,'admin','192.168.0.55','内网IP','Chrome 8','Windows 10','0','登录成功','2023-01-12 14:25:52'),(221,'admin','192.168.0.55','内网IP','Chrome 8','Windows 10','0','退出成功','2023-01-12 14:26:38'),(222,'xrb','192.168.0.55','内网IP','Chrome 8','Windows 10','0','登录成功','2023-01-12 14:26:43'),(223,'liupeng','127.0.0.1','内网IP','Chrome 10','Windows 10','0','退出成功','2023-01-12 14:32:15'),(224,'admin','127.0.0.1','内网IP','Chrome 10','Windows 10','0','登录成功','2023-01-12 14:32:17'),(225,'admin','127.0.0.1','内网IP','Chrome 10','Windows 10','0','退出成功','2023-01-12 14:49:28'),(226,'liupeng','127.0.0.1','内网IP','Chrome 10','Windows 10','0','登录成功','2023-01-12 14:49:39'),(227,'xrb','192.168.0.55','内网IP','Chrome 8','Windows 10','0','退出成功','2023-01-12 15:18:31'),(228,'admin','192.168.0.55','内网IP','Chrome 8','Windows 10','0','登录成功','2023-01-12 15:18:33'),(229,'liupeng','127.0.0.1','内网IP','Chrome 10','Windows 10','0','退出成功','2023-01-12 15:26:45'),(230,'admin','127.0.0.1','内网IP','Chrome 10','Windows 10','0','登录成功','2023-01-12 15:26:47'),(231,'admin','127.0.0.1','内网IP','Chrome 10','Windows 10','0','退出成功','2023-01-12 15:30:48'),(232,'liupeng','127.0.0.1','内网IP','Chrome 10','Windows 10','0','登录成功','2023-01-12 15:30:58'),(233,'admin','127.0.0.1','内网IP','Chrome 10','Mac OS X','0','登录成功','2023-01-12 15:40:39'),(234,'admin','192.168.0.55','内网IP','Chrome 8','Windows 10','0','退出成功','2023-01-12 16:39:21'),(235,'admin','192.168.0.55','内网IP','Chrome 8','Windows 10','0','登录成功','2023-01-12 16:39:23'),(236,'admin','192.168.0.55','内网IP','Chrome 8','Windows 10','0','登录成功','2023-01-12 17:05:42'),(237,'liupeng','127.0.0.1','内网IP','Chrome 10','Windows 10','0','退出成功','2023-01-12 17:48:39'),(238,'admin','127.0.0.1','内网IP','Chrome 10','Windows 10','0','登录成功','2023-01-12 17:48:40'),(239,'admin','192.168.0.14','内网IP','Chrome 8','Windows 7','0','登录成功','2023-01-12 18:26:17'),(240,'admin','127.0.0.1','内网IP','Chrome 8','Windows 10','0','登录成功','2023-01-13 10:12:34'),(241,'admin','192.168.0.55','内网IP','Chrome 8','Windows 10','0','登录成功','2023-01-13 10:36:54'),(242,'admin','127.0.0.1','内网IP','Chrome 8','Windows 10','0','登录成功','2023-01-13 10:39:09'),(243,'admin','127.0.0.1','内网IP','Chrome 10','Windows 10','0','登录成功','2023-01-13 11:18:29'),(244,'admin','127.0.0.1','内网IP','Chrome 10','Windows 10','0','退出成功','2023-01-13 13:54:18'),(245,'liupeng','127.0.0.1','内网IP','Chrome 10','Windows 10','0','登录成功','2023-01-13 13:54:37'),(246,'admin','127.0.0.1','内网IP','Chrome 10','Windows 10','0','登录成功','2023-01-13 14:44:52'),(247,'admin','192.168.0.55','内网IP','Chrome 8','Windows 10','0','登录成功','2023-01-13 17:23:04'),(248,'admin','192.168.0.55','内网IP','Chrome 8','Windows 10','0','登录成功','2023-01-13 17:24:40'),(249,'admin','127.0.0.1','内网IP','Chrome 8','Windows 10','0','登录成功','2023-01-28 09:46:46'),(250,'admin','127.0.0.1','内网IP','Chrome 10','Windows 10','0','登录成功','2023-01-28 10:10:43'),(251,'admin','127.0.0.1','内网IP','Chrome 8','Windows 10','0','登录成功','2023-01-28 10:10:47'),(252,'admin','192.168.0.14','内网IP','Chrome 8','Windows 7','0','登录成功','2023-01-28 11:23:28'),(253,'admin','192.168.0.14','内网IP','Chrome 8','Windows 7','0','登录成功','2023-01-28 11:27:49'),(254,'admin','127.0.0.1','内网IP','Chrome 10','Windows 10','0','登录成功','2023-01-28 13:57:45'),(255,'admin','127.0.0.1','内网IP','Chrome 10','Windows 10','0','退出成功','2023-01-28 13:59:07'),(256,'admin','127.0.0.1','内网IP','Chrome 10','Windows 10','0','登录成功','2023-01-28 13:59:08'),(257,'admin','127.0.0.1','内网IP','Chrome 8','Windows 10','0','登录成功','2023-01-28 14:21:14'),(258,'admin','127.0.0.1','内网IP','Chrome 10','Windows 10','0','登录成功','2023-01-28 14:48:01'),(259,'admin','127.0.0.1','内网IP','Chrome 10','Windows 10','0','登录成功','2023-01-28 15:44:40'),(260,'admin','127.0.0.1','内网IP','Chrome 8','Windows 10','0','登录成功','2023-01-28 16:54:41'),(261,'admin','192.168.0.55','内网IP','Chrome 8','Windows 10','0','登录成功','2023-01-28 17:01:12'),(262,'admin','127.0.0.1','内网IP','Chrome 8','Windows 10','0','登录成功','2023-01-28 17:25:07'),(263,'admin','127.0.0.1','内网IP','Chrome 10','Windows 10','0','登录成功','2023-01-29 09:54:15'),(264,'admin','127.0.0.1','内网IP','Chrome 8','Windows 10','0','登录成功','2023-01-29 11:50:40'),(265,'admin','127.0.0.1','内网IP','Chrome 8','Windows 10','0','登录成功','2023-01-29 15:31:51'),(266,'admin','127.0.0.1','内网IP','Chrome 8','Windows 10','0','登录成功','2023-01-29 18:10:58'),(267,'admin','127.0.0.1','内网IP','Chrome 10','Mac OS X','0','登录成功','2023-01-30 09:55:12'),(268,'admin','127.0.0.1','内网IP','Chrome 10','Windows 10','0','登录成功','2023-01-30 09:56:21'),(269,'admin','127.0.0.1','内网IP','Chrome 10','Windows 10','0','退出成功','2023-01-30 09:56:51'),(270,'admin','127.0.0.1','内网IP','Chrome 10','Windows 10','0','登录成功','2023-01-30 09:56:53'),(271,'admin','127.0.0.1','内网IP','Chrome 10','Windows 10','0','退出成功','2023-01-30 09:57:04'),(272,'admin','127.0.0.1','内网IP','Chrome 10','Windows 10','0','登录成功','2023-01-30 09:57:56'),(273,'admin','127.0.0.1','内网IP','Chrome 10','Mac OS X','0','登录成功','2023-01-30 10:02:45'),(274,'admin','127.0.0.1','内网IP','Chrome 8','Windows 10','0','登录成功','2023-01-30 10:17:48'),(275,'admin','127.0.0.1','内网IP','Chrome 10','Windows 10','0','登录成功','2023-01-30 13:48:49'),(276,'admin','127.0.0.1','内网IP','Chrome 10','Windows 10','0','登录成功','2023-01-30 15:03:31'),(277,'admin','192.168.0.55','内网IP','Chrome 8','Windows 10','0','登录成功','2023-01-30 16:01:00'),(278,'admin','192.168.0.55','内网IP','Chrome 8','Windows 10','0','登录成功','2023-01-30 16:01:40'),(279,'admin','127.0.0.1','内网IP','Chrome 8','Windows 10','0','登录成功','2023-01-30 17:30:20'),(280,'admin','127.0.0.1','内网IP','Chrome 8','Windows 10','0','登录成功','2023-01-30 18:40:31'),(281,'admin','127.0.0.1','内网IP','Chrome 10','Windows 10','0','登录成功','2023-01-31 09:36:44'),(282,'admin','192.168.0.55','内网IP','Chrome 8','Windows 10','0','登录成功','2023-01-31 10:14:05'),(283,'admin','192.168.0.55','内网IP','Chrome 8','Windows 10','0','登录成功','2023-01-31 10:14:23'),(284,'admin','127.0.0.1','内网IP','Chrome 10','Windows 10','0','登录成功','2023-01-31 11:40:19'),(285,'admin','127.0.0.1','内网IP','Chrome 10','Windows 10','0','登录成功','2023-01-31 12:10:50'),(286,'admin','127.0.0.1','内网IP','Chrome 8','Windows 10','0','登录成功','2023-01-31 16:04:27'),(287,'admin','127.0.0.1','内网IP','Chrome 10','Windows 10','0','登录成功','2023-01-31 16:06:06'),(288,'admin','127.0.0.1','内网IP','Chrome 10','Windows 10','0','登录成功','2023-01-31 16:45:09'),(289,'admin','127.0.0.1','内网IP','Chrome 10','Windows 10','0','登录成功','2023-02-01 09:32:00'),(290,'admin','127.0.0.1','内网IP','Chrome 8','Windows 10','0','登录成功','2023-02-01 09:43:59'),(291,'admin','127.0.0.1','内网IP','Chrome 8','Windows 10','0','退出成功','2023-02-01 09:44:25'),(292,'admin','192.168.0.55','内网IP','Chrome 8','Windows 10','0','登录成功','2023-02-01 09:45:49'),(293,'admin','192.168.0.55','内网IP','Chrome 8','Windows 10','0','退出成功','2023-02-01 09:49:51'),(294,'admin','127.0.0.1','内网IP','Chrome 10','Mac OS X','0','登录成功','2023-02-01 09:49:51'),(295,'admin','192.168.0.55','内网IP','Chrome 8','Windows 10','0','登录成功','2023-02-01 09:54:50'),(296,'admin','192.168.0.55','内网IP','Chrome 8','Windows 10','0','登录成功','2023-02-01 10:29:54'),(297,'admin','192.168.0.55','内网IP','Chrome 8','Windows 10','0','登录成功','2023-02-01 11:08:28'),(298,'admin','192.168.0.55','内网IP','Chrome 8','Windows 10','0','登录成功','2023-02-01 11:08:53'),(299,'admin','127.0.0.1','内网IP','Chrome 8','Windows 10','0','登录成功','2023-02-01 11:47:20'),(300,'admin','192.168.0.55','内网IP','Chrome 8','Windows 10','0','登录成功','2023-02-01 14:47:07'),(301,'admin','192.168.0.58','内网IP','Chrome 10','Windows 10','0','登录成功','2023-02-01 15:51:51'),(302,'admin','127.0.0.1','内网IP','Chrome 8','Windows 10','0','登录成功','2023-02-01 15:57:19'),(303,'admin','192.168.0.20','内网IP','Chrome 10','Windows 10','0','登录成功','2023-02-01 17:34:21'),(304,'admin','127.0.0.1','内网IP','Chrome 10','Windows 10','0','退出成功','2023-02-01 18:02:11'),(305,'admin','127.0.0.1','内网IP','Chrome 10','Windows 10','0','登录成功','2023-02-01 18:02:13'),(306,'admin','127.0.0.1','内网IP','Chrome 10','Windows 10','0','登录成功','2023-02-02 09:38:28'),(307,'admin','127.0.0.1','内网IP','Chrome 10','Windows 10','0','登录成功','2023-02-02 09:43:51'),(308,'admin','127.0.0.1','内网IP','Chrome 8','Windows 10','0','登录成功','2023-02-02 09:54:02'),(309,'admin','192.168.0.55','内网IP','Chrome 8','Windows 10','0','登录成功','2023-02-02 11:34:05'),(310,'admin','192.168.0.55','内网IP','Chrome 8','Windows 10','0','登录成功','2023-02-02 11:44:48'),(311,'admin','127.0.0.1','内网IP','Chrome 8','Windows 10','0','登录成功','2023-02-02 12:27:18'),(312,'admin','192.168.0.55','内网IP','Chrome 8','Windows 10','0','登录成功','2023-02-02 14:03:51'),(313,'admin','192.168.0.55','内网IP','Chrome 8','Windows 10','0','退出成功','2023-02-02 14:12:21'),(314,'admin','192.168.0.55','内网IP','Chrome 8','Windows 10','0','登录成功','2023-02-02 14:12:22'),(315,'admin','127.0.0.1','内网IP','Chrome 8','Windows 10','0','登录成功','2023-02-02 16:20:03'),(316,'admin','127.0.0.1','内网IP','Chrome 10','Windows 10','0','登录成功','2023-02-03 09:39:36'),(317,'admin','127.0.0.1','内网IP','Chrome 8','Windows 10','0','登录成功','2023-02-03 09:57:01'),(318,'admin','192.168.0.55','内网IP','Chrome 8','Windows 10','0','登录成功','2023-02-03 10:03:53'),(319,'admin','192.168.0.55','内网IP','Chrome 8','Windows 10','0','登录成功','2023-02-03 10:59:49'),(320,'admin','127.0.0.1','内网IP','Chrome 8','Windows 10','0','登录成功','2023-02-03 13:47:04'),(321,'admin','127.0.0.1','内网IP','Chrome 10','Windows 10','0','登录成功','2023-02-03 13:52:00'),(322,'admin','127.0.0.1','内网IP','Chrome 10','Windows 10','0','登录成功','2023-02-03 13:52:35'),(323,'admin','127.0.0.1','内网IP','Chrome 10','Windows 10','0','登录成功','2023-02-03 14:05:15'),(324,'admin','127.0.0.1','内网IP','Chrome 10','Mac OS X','0','登录成功','2023-02-03 14:34:05'),(325,'admin','192.168.0.58','内网IP','Chrome 10','Windows 10','0','登录成功','2023-02-03 14:44:48'),(326,'admin','192.168.0.55','内网IP','Chrome 8','Windows 10','0','登录成功','2023-02-03 14:56:21'),(327,'admin','127.0.0.1','内网IP','Chrome 8','Windows 10','0','登录成功','2023-02-03 17:53:34'),(328,'admin','127.0.0.1','内网IP','Chrome 10','Windows 10','0','登录成功','2023-02-03 18:01:31'),(329,'admin','127.0.0.1','内网IP','Chrome 8','Windows 10','0','登录成功','2023-02-06 09:48:58'),(330,'admin','127.0.0.1','内网IP','Chrome 8','Windows 10','0','登录成功','2023-02-06 10:06:44'),(331,'admin','127.0.0.1','内网IP','Chrome 10','Windows 10','0','登录成功','2023-02-06 10:07:04'),(332,'admin','127.0.0.1','内网IP','Chrome 10','Windows 10','0','登录成功','2023-02-06 11:14:59'),(333,'admin','127.0.0.1','内网IP','Chrome 10','Windows 10','0','登录成功','2023-02-06 13:50:17'),(334,'admin','192.168.0.31','内网IP','Firefox 10','Windows 10','0','登录成功','2023-02-06 16:54:48'),(335,'admin','127.0.0.1','内网IP','Chrome 10','Mac OS X','0','登录成功','2023-02-06 16:58:23'),(336,'admin','127.0.0.1','内网IP','Chrome 8','Windows 10','0','登录成功','2023-02-06 17:19:44'),(337,'admin','192.168.0.55','内网IP','Chrome 8','Windows 10','0','登录成功','2023-02-06 17:22:28'),(338,'','192.168.0.26','内网IP','Chrome 10','Mac OS X','1','登录用户： 不存在','2023-02-06 17:28:05'),(339,'admin','192.168.0.26','内网IP','Chrome 10','Mac OS X','1','用户不存在/密码错误','2023-02-06 17:28:21'),(340,'admin','192.168.0.26','内网IP','Chrome 10','Mac OS X','1','密码输入错误1次','2023-02-06 17:28:21'),(341,'admin123','192.168.0.26','内网IP','Chrome 10','Mac OS X','1','登录用户：admin123 不存在','2023-02-06 17:29:53'),(342,'admin','192.168.0.26','内网IP','Chrome 10','Mac OS X','0','登录成功','2023-02-06 17:30:36'),(343,'admin','127.0.0.1','内网IP','Chrome 10','Windows 10','0','退出成功','2023-02-06 17:53:57'),(344,'liupeng','127.0.0.1','内网IP','Chrome 10','Windows 10','1','密码输入错误1次','2023-02-06 17:54:17'),(345,'liupeng','127.0.0.1','内网IP','Chrome 10','Windows 10','1','用户不存在/密码错误','2023-02-06 17:54:17'),(346,'liupeng','127.0.0.1','内网IP','Chrome 10','Windows 10','1','用户不存在/密码错误','2023-02-06 17:54:26'),(347,'liupeng','127.0.0.1','内网IP','Chrome 10','Windows 10','1','密码输入错误2次','2023-02-06 17:54:26'),(348,'admin','127.0.0.1','内网IP','Chrome 10','Windows 10','0','登录成功','2023-02-06 17:54:30'),(349,'admin','127.0.0.1','内网IP','Chrome 10','Windows 10','0','退出成功','2023-02-06 17:55:05'),(350,'liupeng','127.0.0.1','内网IP','Chrome 10','Windows 10','0','登录成功','2023-02-06 17:55:15'),(351,'admin','192.168.0.26','内网IP','Chrome 10','Mac OS X','0','登录成功','2023-02-06 18:29:35'),(352,'admin','192.168.0.26','内网IP','Chrome 10','Mac OS X','0','登录成功','2023-02-06 18:32:52'),(353,'admin','127.0.0.1','内网IP','Chrome 8','Windows 10','0','登录成功','2023-02-07 09:42:51'),(354,'admin','127.0.0.1','内网IP','Chrome 10','Windows 10','0','登录成功','2023-02-07 09:46:35'),(355,'admin','127.0.0.1','内网IP','Chrome 10','Windows 10','0','退出成功','2023-02-07 14:22:00'),(356,'liupeng','127.0.0.1','内网IP','Chrome 10','Windows 10','0','登录成功','2023-02-07 14:22:11'),(357,'liupeng','127.0.0.1','内网IP','Chrome 10','Windows 10','0','退出成功','2023-02-07 14:25:32'),(358,'admin','127.0.0.1','内网IP','Chrome 10','Windows 10','0','登录成功','2023-02-07 14:25:44'),(359,'admin','127.0.0.1','内网IP','Chrome 10','Windows 10','0','登录成功','2023-02-07 16:35:46'),(360,'admin','127.0.0.1','内网IP','Chrome 10','Windows 10','0','登录成功','2023-02-07 18:50:18'),(361,'admin','127.0.0.1','内网IP','Chrome 10','Windows 10','0','登录成功','2023-02-08 09:43:25'),(362,'admin','127.0.0.1','内网IP','Chrome 10','Mac OS X','0','登录成功','2023-02-08 10:24:07'),(363,'admin','192.168.0.26','内网IP','Chrome 10','Mac OS X','0','登录成功','2023-02-08 17:59:23'),(364,'admin','127.0.0.1','内网IP','Chrome 10','Windows 10','0','登录成功','2023-02-09 09:40:21'),(365,'admin','127.0.0.1','内网IP','Chrome 8','Windows 10','0','登录成功','2023-02-09 11:52:12'),(366,'admin','127.0.0.1','内网IP','Chrome 10','Mac OS X','0','退出成功','2023-02-09 14:04:33'),(367,'admin','127.0.0.1','内网IP','Chrome 10','Mac OS X','0','登录成功','2023-02-09 14:05:02'),(368,'admin','192.168.0.55','内网IP','Chrome 8','Windows 10','0','登录成功','2023-02-09 15:11:59'),(369,'admin','127.0.0.1','内网IP','Chrome 10','Windows 10','0','登录成功','2023-02-09 15:44:53'),(370,'admin','127.0.0.1','内网IP','Chrome 10','Windows 10','0','登录成功','2023-02-09 15:47:19'),(371,'admin','127.0.0.1','内网IP','Chrome 10','Mac OS X','0','退出成功','2023-02-09 16:33:32'),(372,'admin','127.0.0.1','内网IP','Chrome 10','Mac OS X','0','登录成功','2023-02-09 16:36:50'),(373,'admin','127.0.0.1','内网IP','Chrome 10','Windows 10','0','退出成功','2023-02-09 18:23:34'),(374,'admin','127.0.0.1','内网IP','Chrome 10','Windows 10','0','登录成功','2023-02-09 18:23:38'),(375,'admin','127.0.0.1','内网IP','Chrome 10','Windows 10','0','登录成功','2023-02-10 09:50:54'),(376,'admin','192.168.0.55','内网IP','Chrome 8','Windows 10','0','登录成功','2023-02-10 12:19:58'),(377,'admin','127.0.0.1','内网IP','Chrome 8','Windows 10','0','登录成功','2023-02-10 14:48:46'),(378,'admin','127.0.0.1','内网IP','Chrome 8','Windows 10','0','登录成功','2023-02-10 14:55:46'),(379,'admin','127.0.0.1','内网IP','Chrome 10','Windows 10','0','登录成功','2023-02-13 09:39:36'),(380,'admin','127.0.0.1','内网IP','Chrome 8','Windows 10','0','登录成功','2023-02-13 09:53:52'),(381,'admin','127.0.0.1','内网IP','Chrome 8','Windows 10','0','退出成功','2023-02-13 10:22:53'),(382,'admin','127.0.0.1','内网IP','Chrome 8','Windows 10','0','登录成功','2023-02-13 10:29:25'),(383,'admin','127.0.0.1','内网IP','Chrome 8','Windows 10','0','退出成功','2023-02-13 10:29:34'),(384,'admin','127.0.0.1','内网IP','Chrome 8','Windows 10','1','密码输入错误1次','2023-02-13 10:38:32'),(385,'admin','127.0.0.1','内网IP','Chrome 8','Windows 10','1','用户不存在/密码错误','2023-02-13 10:38:32'),(386,'admin','127.0.0.1','内网IP','Chrome 8','Windows 10','1','密码输入错误2次','2023-02-13 10:38:34'),(387,'admin','127.0.0.1','内网IP','Chrome 8','Windows 10','1','用户不存在/密码错误','2023-02-13 10:38:34'),(388,'admin','127.0.0.1','内网IP','Chrome 8','Windows 10','1','用户不存在/密码错误','2023-02-13 10:38:35'),(389,'admin','127.0.0.1','内网IP','Chrome 8','Windows 10','1','密码输入错误3次','2023-02-13 10:38:35'),(390,'admin','127.0.0.1','内网IP','Chrome 10','Windows 10','0','退出成功','2023-02-13 10:45:25'),(391,'admin','127.0.0.1','内网IP','Chrome 10','Windows 10','0','登录成功','2023-02-13 10:45:28'),(392,'admin','127.0.0.1','内网IP','Chrome 8','Windows 10','0','登录成功','2023-02-13 10:45:34'),(393,'admin','127.0.0.1','内网IP','Chrome 8','Windows 10','0','退出成功','2023-02-13 10:50:58'),(394,'admin','127.0.0.1','内网IP','Chrome 8','Windows 10','0','登录成功','2023-02-13 10:51:00'),(395,'admin','127.0.0.1','内网IP','Chrome 8','Windows 10','0','登录成功','2023-02-13 10:56:45'),(396,'admin','127.0.0.1','内网IP','Chrome 8','Windows 10','0','退出成功','2023-02-13 11:59:49'),(397,'admin','127.0.0.1','内网IP','Chrome 8','Windows 10','0','登录成功','2023-02-13 11:59:53'),(398,'admin','127.0.0.1','内网IP','Chrome 8','Windows 10','0','退出成功','2023-02-13 12:03:38'),(399,'admin','127.0.0.1','内网IP','Chrome 8','Windows 10','0','登录成功','2023-02-13 12:12:34'),(400,'admin','127.0.0.1','内网IP','Chrome 8','Windows 10','0','退出成功','2023-02-13 12:27:41'),(401,'admin','127.0.0.1','内网IP','Chrome 8','Windows 10','0','登录成功','2023-02-13 12:27:44'),(402,'admin','127.0.0.1','内网IP','Chrome 8','Windows 10','0','退出成功','2023-02-13 12:29:35'),(403,'admin','127.0.0.1','内网IP','Chrome 8','Windows 10','0','登录成功','2023-02-13 12:29:38'),(404,'admin','127.0.0.1','内网IP','Chrome 8','Windows 10','0','登录成功','2023-02-13 14:05:05'),(405,'admin','127.0.0.1','内网IP','Chrome 8','Windows 10','0','退出成功','2023-02-13 14:17:39'),(406,'xrb','127.0.0.1','内网IP','Chrome 8','Windows 10','0','登录成功','2023-02-13 14:17:44'),(407,'xrb','127.0.0.1','内网IP','Chrome 8','Windows 10','0','退出成功','2023-02-13 14:17:54'),(408,'admin','127.0.0.1','内网IP','Chrome 8','Windows 10','0','登录成功','2023-02-13 14:17:56'),(409,'admin','127.0.0.1','内网IP','Chrome 10','Windows 10','0','登录成功','2023-02-13 14:19:42'),(410,'admin','127.0.0.1','内网IP','Chrome 10','Windows 10','0','登录成功','2023-02-13 18:32:03'),(411,'admin','127.0.0.1','内网IP','Chrome 10','Windows 10','0','登录成功','2023-02-14 09:37:15'),(412,'admin','127.0.0.1','内网IP','Chrome 8','Windows 10','0','登录成功','2023-02-14 09:45:56'),(413,'admin','127.0.0.1','内网IP','Chrome 8','Windows 10','0','登录成功','2023-02-14 10:03:03'),(414,'admin','127.0.0.1','内网IP','Chrome 8','Windows 10','0','登录成功','2023-02-14 13:54:38'),(415,'admin','127.0.0.1','内网IP','Chrome 8','Windows 10','0','登录成功','2023-02-14 13:55:42'),(416,'admin','127.0.0.1','内网IP','Chrome 10','Windows 10','0','登录成功','2023-02-14 14:15:11'),(417,'admin','127.0.0.1','内网IP','Chrome 8','Windows 10','0','登录成功','2023-02-14 15:36:06'),(418,'admin','127.0.0.1','内网IP','Chrome 8','Windows 10','0','退出成功','2023-02-14 19:18:16'),(419,'admin','127.0.0.1','内网IP','Chrome 8','Windows 10','0','登录成功','2023-02-14 19:18:19'),(420,'admin','127.0.0.1','内网IP','Chrome 8','Windows 10','0','登录成功','2023-02-15 09:55:40'),(421,'admin','127.0.0.1','内网IP','Chrome 8','Windows 10','0','登录成功','2023-02-15 09:56:03'),(422,'admin','192.168.0.55','内网IP','Chrome 8','Windows 10','0','登录成功','2023-02-15 14:21:36'),(423,'admin','192.168.0.55','内网IP','Chrome 8','Windows 10','0','登录成功','2023-02-15 15:04:41'),(424,'admin','192.168.0.55','内网IP','Chrome 8','Windows 10','0','登录成功','2023-02-15 15:48:32'),(425,'admin','192.168.0.55','内网IP','Chrome 8','Windows 10','0','登录成功','2023-02-15 15:49:18'),(426,'admin','127.0.0.1','内网IP','Chrome 8','Windows 10','0','退出成功','2023-02-15 17:19:51'),(427,'admin','127.0.0.1','内网IP','Chrome 8','Windows 10','0','登录成功','2023-02-15 17:19:56'),(428,'admin','127.0.0.1','内网IP','Chrome 8','Windows 10','0','退出成功','2023-02-15 17:55:31'),(429,'admin','127.0.0.1','内网IP','Chrome 8','Windows 10','0','登录成功','2023-02-15 17:58:06'),(430,'admin','127.0.0.1','内网IP','Chrome 8','Windows 10','0','退出成功','2023-02-15 17:59:52'),(431,'admin','127.0.0.1','内网IP','Chrome 8','Windows 10','0','登录成功','2023-02-15 18:00:48'),(432,'admin','192.168.0.55','内网IP','Chrome 8','Windows 10','0','登录成功','2023-02-15 18:17:49'),(433,'admin','127.0.0.1','内网IP','Chrome 8','Windows 10','0','登录成功','2023-02-16 09:41:12'),(434,'admin','127.0.0.1','内网IP','Chrome 8','Windows 10','0','登录成功','2023-02-16 10:01:57'),(435,'admin','127.0.0.1','内网IP','Chrome 10','Windows 10','0','登录成功','2023-02-16 11:57:05'),(436,'admin','192.168.0.55','内网IP','Chrome 8','Windows 10','0','登录成功','2023-02-16 12:23:15'),(437,'admin','127.0.0.1','内网IP','Chrome 8','Windows 10','0','登录成功','2023-02-16 12:30:33'),(438,'admin','127.0.0.1','内网IP','Chrome 8','Windows 10','0','登录成功','2023-02-16 13:59:46'),(439,'admin','127.0.0.1','内网IP','Chrome 8','Windows 10','0','登录成功','2023-02-16 15:58:52'),(440,'admin','192.168.0.55','内网IP','Chrome 8','Windows 10','0','登录成功','2023-02-16 18:03:39'),(441,'admin','127.0.0.1','内网IP','Chrome 10','Windows 10','0','登录成功','2023-02-16 18:45:25'),(442,'admin','127.0.0.1','内网IP','Chrome 8','Windows 10','0','登录成功','2023-02-17 09:46:23'),(443,'admin','127.0.0.1','内网IP','Chrome 8','Windows 10','0','登录成功','2023-02-17 10:23:01'),(444,'admin','127.0.0.1','内网IP','Chrome 10','Windows 10','0','登录成功','2023-02-17 11:14:41'),(445,'admin','127.0.0.1','内网IP','Chrome 8','Windows 10','0','登录成功','2023-02-17 15:43:34'),(446,'admin','127.0.0.1','内网IP','Chrome 8','Windows 10','0','登录成功','2023-02-17 16:17:04'),(447,'admin','127.0.0.1','内网IP','Chrome 10','Windows 10','0','登录成功','2023-02-17 18:26:45'),(448,'admin','127.0.0.1','内网IP','Chrome 8','Windows 10','0','登录成功','2023-02-17 18:28:08'),(449,'admin','127.0.0.1','内网IP','Chrome 10','Windows 10','0','登录成功','2023-02-17 18:31:43'),(450,'admin','127.0.0.1','内网IP','Chrome 8','Windows 10','0','登录成功','2023-02-20 09:45:39'),(451,'admin','127.0.0.1','内网IP','Chrome 10','Windows 10','0','登录成功','2023-02-20 09:49:40'),(452,'admin','127.0.0.1','内网IP','Chrome 10','Windows 10','0','登录成功','2023-02-20 16:18:17'),(453,'admin','127.0.0.1','内网IP','Chrome 8','Windows 10','0','登录成功','2023-02-21 10:00:35'),(454,'admin','127.0.0.1','内网IP','Chrome 8','Windows 10','0','登录成功','2023-02-21 11:06:56'),(455,'admin','127.0.0.1','内网IP','Chrome 10','Windows 10','0','登录成功','2023-02-21 12:16:32'),(456,'admin','127.0.0.1','内网IP','Chrome 8','Windows 10','0','登录成功','2023-02-21 14:10:38'),(457,'admin','127.0.0.1','内网IP','Chrome 10','Windows 10','0','登录成功','2023-02-21 14:55:06'),(458,'admin','127.0.0.1','内网IP','Chrome 8','Windows 10','0','退出成功','2023-02-21 18:17:44'),(459,'admin','127.0.0.1','内网IP','Chrome 8','Windows 10','0','登录成功','2023-02-21 18:17:55'),(460,'admin','127.0.0.1','内网IP','Chrome 8','Windows 10','0','登录成功','2023-02-21 18:54:12'),(461,'admin','127.0.0.1','内网IP','Chrome 10','Windows 10','0','登录成功','2023-02-22 09:40:29'),(462,'admin','127.0.0.1','内网IP','Chrome 8','Windows 10','0','登录成功','2023-02-22 10:02:42'),(463,'admin','127.0.0.1','内网IP','Chrome 8','Windows 10','0','登录成功','2023-02-22 13:49:43'),(464,'admin','127.0.0.1','内网IP','Chrome 8','Windows 10','0','登录成功','2023-02-22 16:50:01'),(465,'admin','127.0.0.1','内网IP','Chrome 8','Windows 10','0','登录成功','2023-02-23 09:39:55'),(466,'admin','127.0.0.1','内网IP','Chrome 10','Windows 10','0','登录成功','2023-02-23 09:40:39'),(467,'admin','127.0.0.1','内网IP','Chrome 8','Windows 10','0','登录成功','2023-02-23 11:21:48'),(468,'admin','192.168.0.55','内网IP','Chrome 8','Windows 10','0','登录成功','2023-02-23 11:46:24'),(469,'admin','192.168.0.55','内网IP','Chrome 8','Windows 10','0','登录成功','2023-02-23 12:06:20'),(470,'admin','127.0.0.1','内网IP','Chrome 8','Windows 10','0','登录成功','2023-02-23 15:54:35'),(471,'admin','127.0.0.1','内网IP','Chrome 8','Windows 10','0','登录成功','2023-02-24 10:23:19'),(472,'admin','127.0.0.1','内网IP','Chrome 8','Windows 10','0','登录成功','2023-02-24 10:35:33'),(473,'admin','192.168.0.55','内网IP','Chrome 8','Windows 10','0','登录成功','2023-02-24 11:21:54'),(474,'admin','127.0.0.1','内网IP','Chrome 8','Windows 10','0','登录成功','2023-02-24 18:42:54'),(475,'admin','127.0.0.1','内网IP','Chrome 8','Windows 10','0','登录成功','2023-02-24 19:03:32'),(476,'admin','192.168.0.55','内网IP','Chrome 8','Windows 10','0','登录成功','2023-02-25 13:06:34'),(477,'admin','127.0.0.1','内网IP','Chrome 8','Windows 10','0','登录成功','2023-02-25 13:10:00'),(478,'admin','127.0.0.1','内网IP','Chrome 8','Windows 10','0','登录成功','2023-02-25 13:20:52'),(479,'admin','127.0.0.1','内网IP','Chrome 8','Windows 10','0','登录成功','2023-02-27 09:47:21'),(480,'admin','127.0.0.1','内网IP','Chrome 10','Windows 10','0','登录成功','2023-02-27 10:55:23'),(481,'admin','127.0.0.1','内网IP','Chrome 10','Windows 10','0','登录成功','2023-02-28 11:00:48'),(482,'admin','127.0.0.1','内网IP','Chrome 10','Windows 10','0','登录成功','2023-02-28 11:01:28'),(483,'admin','127.0.0.1','内网IP','Chrome 8','Windows 10','0','登录成功','2023-02-28 14:09:31'),(484,'admin','127.0.0.1','内网IP','Chrome 8','Windows 10','0','登录成功','2023-02-28 16:02:48'),(485,'admin','127.0.0.1','内网IP','Chrome 8','Windows 10','0','登录成功','2023-02-28 16:11:08'),(486,'admin','127.0.0.1','内网IP','Chrome 8','Windows 10','0','登录成功','2023-02-28 16:24:33'),(487,'admin','127.0.0.1','内网IP','Chrome 10','Windows 10','0','登录成功','2023-02-28 16:33:23'),(488,'admin','127.0.0.1','内网IP','Chrome 10','Windows 10','0','退出成功','2023-02-28 18:13:26'),(489,'admin','127.0.0.1','内网IP','Chrome 10','Windows 10','0','登录成功','2023-02-28 18:13:28'),(490,'admin','127.0.0.1','内网IP','Chrome 8','Windows 10','0','登录成功','2023-03-01 09:44:36'),(491,'admin','127.0.0.1','内网IP','Chrome 10','Windows 10','0','登录成功','2023-03-01 15:23:55'),(492,'admin','127.0.0.1','内网IP','Chrome 8','Windows 10','0','登录成功','2023-03-01 17:18:16'),(493,'admin','127.0.0.1','内网IP','Chrome 10','Windows 10','0','登录成功','2023-03-01 17:20:46'),(494,'admin','127.0.0.1','内网IP','Chrome 8','Windows 10','0','登录成功','2023-03-02 09:50:32'),(495,'admin','127.0.0.1','内网IP','Chrome 8','Windows 10','0','退出成功','2023-03-02 11:11:57'),(496,'liupeng','127.0.0.1','内网IP','Chrome 8','Windows 10','1','密码输入错误1次','2023-03-02 11:12:09'),(497,'liupeng','127.0.0.1','内网IP','Chrome 8','Windows 10','1','用户不存在/密码错误','2023-03-02 11:12:09'),(498,'liupeng','127.0.0.1','内网IP','Chrome 8','Windows 10','0','登录成功','2023-03-02 11:12:14'),(499,'liupeng','127.0.0.1','内网IP','Chrome 8','Windows 10','0','退出成功','2023-03-02 11:12:22'),(500,'admin','127.0.0.1','内网IP','Chrome 8','Windows 10','0','登录成功','2023-03-02 11:12:24'),(501,'admin','127.0.0.1','内网IP','Chrome 8','Windows 10','0','退出成功','2023-03-02 11:12:55'),(502,'liupeng','127.0.0.1','内网IP','Chrome 8','Windows 10','1','密码输入错误1次','2023-03-02 11:13:04'),(503,'liupeng','127.0.0.1','内网IP','Chrome 8','Windows 10','1','用户不存在/密码错误','2023-03-02 11:13:04'),(504,'liupeng','127.0.0.1','内网IP','Chrome 8','Windows 10','0','登录成功','2023-03-02 11:13:08'),(505,'liupeng','127.0.0.1','内网IP','Chrome 8','Windows 10','0','退出成功','2023-03-02 11:14:32'),(506,'admin','127.0.0.1','内网IP','Chrome 8','Windows 10','0','登录成功','2023-03-02 11:14:34'),(507,'admin','127.0.0.1','内网IP','Chrome 8','Windows 10','0','登录成功','2023-03-03 09:59:22'),(508,'admin','127.0.0.1','内网IP','Chrome 10','Windows 10','0','登录成功','2023-03-03 15:25:15'),(509,'admin','127.0.0.1','内网IP','Chrome 10','Windows 10','0','登录成功','2023-03-03 15:42:21'),(510,'admin','127.0.0.1','内网IP','Chrome 8','Windows 10','0','登录成功','2023-03-06 10:12:14'),(511,'admin','127.0.0.1','内网IP','Chrome 10','Windows 10','0','登录成功','2023-03-06 14:37:53'),(512,'admin','127.0.0.1','内网IP','Chrome 10','Windows 10','0','登录成功','2023-03-06 18:43:06'),(513,'admin','127.0.0.1','内网IP','Chrome 8','Windows 10','0','登录成功','2023-03-07 10:21:32'),(514,'admin','127.0.0.1','内网IP','Chrome 8','Windows 10','0','登录成功','2023-03-07 14:03:05'),(515,'admin','127.0.0.1','内网IP','Chrome 10','Windows 10','0','登录成功','2023-03-07 16:31:54'),(516,'admin','127.0.0.1','内网IP','Chrome 8','Windows 10','0','登录成功','2023-03-07 17:01:34'),(517,'admin','127.0.0.1','内网IP','Chrome 8','Windows 10','0','登录成功','2023-03-08 09:47:22'),(518,'admin','127.0.0.1','内网IP','Chrome 8','Windows 10','0','退出成功','2023-03-08 10:46:43'),(519,'admin','127.0.0.1','内网IP','Chrome 8','Windows 10','0','登录成功','2023-03-08 10:46:44'),(520,'admin','127.0.0.1','内网IP','Chrome 10','Windows 10','0','登录成功','2023-03-08 13:59:29'),(521,'admin','127.0.0.1','内网IP','Chrome 10','Windows 10','0','登录成功','2023-03-08 17:10:27'),(522,'admin','127.0.0.1','内网IP','Chrome 10','Windows 10','0','登录成功','2023-03-09 10:20:55'),(523,'admin','127.0.0.1','内网IP','Chrome 10','Windows 10','0','登录成功','2023-03-09 10:40:23'),(524,'admin','127.0.0.1','内网IP','Chrome 8','Windows 10','0','登录成功','2023-03-09 11:43:47'),(525,'admin','192.168.0.55','内网IP','Chrome 8','Windows 10','0','登录成功','2023-03-09 17:16:49'),(526,'admin','192.168.0.55','内网IP','Chrome 8','Windows 10','0','登录成功','2023-03-09 17:17:01'),(527,'admin','127.0.0.1','内网IP','Chrome 8','Windows 10','0','登录成功','2023-03-10 09:41:31'),(528,'admin','127.0.0.1','内网IP','Chrome 8','Windows 10','0','登录成功','2023-03-10 12:25:22'),(529,'admin','127.0.0.1','内网IP','Chrome 8','Windows 10','0','登录成功','2023-03-13 09:38:18'),(530,'admin','127.0.0.1','内网IP','Chrome 10','Windows 10','0','登录成功','2023-03-13 15:49:01'),(531,'admin','127.0.0.1','内网IP','Chrome 8','Windows 10','0','登录成功','2023-03-14 10:03:34'),(532,'admin','127.0.0.1','内网IP','Chrome 10','Windows 10','0','登录成功','2023-03-14 13:50:04'),(533,'admin','127.0.0.1','内网IP','Chrome 8','Windows 10','0','登录成功','2023-03-15 10:02:12'),(534,'admin','127.0.0.1','内网IP','Chrome 11','Mac OS X','0','登录成功','2023-03-15 11:48:05'),(535,'admin','127.0.0.1','内网IP','Chrome 10','Windows 10','0','登录成功','2023-03-15 14:50:32'),(536,'admin','127.0.0.1','内网IP','Chrome 8','Windows 10','0','登录成功','2023-03-15 18:04:05'),(537,'admin','127.0.0.1','内网IP','Chrome 10','Windows 10','0','登录成功','2023-03-15 18:05:41'),(538,'admin','127.0.0.1','内网IP','Chrome 8','Windows 10','0','登录成功','2023-03-16 10:09:17'),(539,'admin','127.0.0.1','内网IP','Chrome 10','Windows 10','0','登录成功','2023-03-16 11:13:54'),(540,'admin','127.0.0.1','内网IP','Chrome 8','Windows 10','0','登录成功','2023-03-16 18:24:12'),(541,'admin','127.0.0.1','内网IP','Chrome 8','Windows 10','0','登录成功','2023-03-17 10:35:23'),(542,'admin','127.0.0.1','内网IP','Chrome 8','Windows 10','0','登录成功','2023-03-17 12:33:36'),(543,'admin','127.0.0.1','内网IP','Chrome 8','Windows 10','0','登录成功','2023-03-20 09:37:08'),(544,'admin','127.0.0.1','内网IP','Chrome 11','Mac OS X','0','登录成功','2023-03-20 09:56:23'),(545,'admin','127.0.0.1','内网IP','Chrome 10','Windows 10','0','登录成功','2023-03-20 10:42:28'),(546,'admin','127.0.0.1','内网IP','Chrome 8','Windows 10','0','登录成功','2023-03-20 11:44:53'),(547,'admin','127.0.0.1','内网IP','Chrome 10','Windows 10','0','登录成功','2023-03-20 14:46:23'),(548,'admin','127.0.0.1','内网IP','Chrome 8','Windows 10','0','登录成功','2023-03-20 15:45:34'),(549,'admin','127.0.0.1','内网IP','Chrome 10','Windows 10','0','登录成功','2023-03-20 16:35:40'),(550,'admin','127.0.0.1','内网IP','Chrome 8','Windows 10','0','登录成功','2023-03-21 10:04:29'),(551,'admin','127.0.0.1','内网IP','Chrome 8','Windows 10','0','登录成功','2023-03-21 10:49:25'),(552,'admin','127.0.0.1','内网IP','Chrome 11','Mac OS X','0','登录成功','2023-03-21 11:00:59'),(553,'admin','192.168.0.58','内网IP','Chrome 11','Windows 10','0','登录成功','2023-03-21 16:20:27'),(554,'admin','127.0.0.1','内网IP','Chrome 8','Windows 10','0','登录成功','2023-03-22 10:23:34'),(555,'admin','127.0.0.1','内网IP','Chrome 10','Windows 10','0','登录成功','2023-03-22 11:53:40'),(556,'admin','127.0.0.1','内网IP','Chrome 11','Mac OS X','0','登录成功','2023-03-22 13:51:23'),(557,'admin','127.0.0.1','内网IP','Chrome 10','Windows 10','0','登录成功','2023-03-22 15:59:00'),(558,'admin','127.0.0.1','内网IP','Chrome 11','Mac OS X','0','登录成功','2023-03-22 16:40:20'),(559,'admin','127.0.0.1','内网IP','Chrome 8','Windows 10','0','登录成功','2023-03-22 16:43:58'),(560,'admin','127.0.0.1','内网IP','Chrome 10','Windows 10','0','登录成功','2023-03-22 17:14:59'),(561,'admin','127.0.0.1','内网IP','Chrome 8','Windows 10','0','登录成功','2023-03-22 17:21:07'),(562,'admin','127.0.0.1','内网IP','Chrome 10','Windows 10','0','登录成功','2023-03-22 17:41:18'),(563,'admin','127.0.0.1','内网IP','Chrome 11','Mac OS X','0','登录成功','2023-03-23 09:38:46'),(564,'admin','127.0.0.1','内网IP','Chrome 8','Windows 10','0','登录成功','2023-03-23 09:40:33'),(565,'admin','127.0.0.1','内网IP','Chrome 10','Windows 10','0','登录成功','2023-03-23 09:57:28'),(566,'admin','127.0.0.1','内网IP','Chrome 10','Windows 10','0','登录成功','2023-03-23 11:03:56'),(567,'admin','127.0.0.1','内网IP','Chrome 11','Mac OS X','0','退出成功','2023-03-23 12:04:40'),(568,'admin','127.0.0.1','内网IP','Chrome 10','Windows 10','0','登录成功','2023-03-23 12:19:51'),(569,'admin','127.0.0.1','内网IP','Chrome 11','Mac OS X','0','登录成功','2023-03-23 12:23:22'),(570,'admin','127.0.0.1','内网IP','Chrome 8','Windows 10','0','退出成功','2023-03-23 13:48:49'),(571,'admin','127.0.0.1','内网IP','Chrome 8','Windows 10','0','登录成功','2023-03-23 13:49:07'),(572,'admin','127.0.0.1','内网IP','Chrome 10','Windows 10','0','退出成功','2023-03-23 13:51:21'),(573,'admin','127.0.0.1','内网IP','Chrome 10','Windows 10','0','登录成功','2023-03-23 13:51:25'),(574,'admin','127.0.0.1','内网IP','Chrome 8','Windows 10','0','登录成功','2023-03-23 17:02:51'),(575,'admin','127.0.0.1','内网IP','Chrome 10','Windows 10','0','登录成功','2023-03-23 17:41:22'),(576,'admin','127.0.0.1','内网IP','Chrome 8','Windows 10','0','登录成功','2023-03-24 09:41:10'),(577,'admin','127.0.0.1','内网IP','Chrome 10','Windows 10','0','登录成功','2023-03-24 10:38:24'),(578,'admin','127.0.0.1','内网IP','Chrome 10','Windows 10','0','登录成功','2023-03-24 10:48:43'),(579,'admin','127.0.0.1','内网IP','Chrome 8','Windows 10','0','登录成功','2023-03-24 11:40:45'),(580,'admin','127.0.0.1','内网IP','Chrome 11','Mac OS X','0','登录成功','2023-03-24 14:57:01'),(581,'admin','127.0.0.1','内网IP','Chrome 10','Windows 10','0','登录成功','2023-03-24 15:13:16'),(582,'admin','127.0.0.1','内网IP','Chrome 8','Windows 10','0','登录成功','2023-03-24 16:53:33'),(583,'admin','127.0.0.1','内网IP','Chrome 10','Windows 10','0','登录成功','2023-03-24 18:52:02'),(584,'admin','127.0.0.1','内网IP','Chrome 10','Windows 10','0','登录成功','2023-03-24 19:00:54'),(585,'admin','127.0.0.1','内网IP','Chrome 8','Windows 10','0','登录成功','2023-03-26 17:42:19'),(586,'admin','127.0.0.1','内网IP','Chrome 8','Windows 10','0','登录成功','2023-03-27 10:33:02'),(587,'admin','127.0.0.1','内网IP','Chrome 10','Windows 10','0','登录成功','2023-03-27 10:38:55'),(588,'admin','127.0.0.1','内网IP','Chrome 11','Mac OS X','0','登录成功','2023-03-27 10:45:10'),(589,'admin','127.0.0.1','内网IP','Chrome 8','Windows 10','0','登录成功','2023-03-27 14:04:09'),(590,'admin','127.0.0.1','内网IP','Chrome 10','Windows 10','0','登录成功','2023-03-27 14:44:36'),(591,'admin','127.0.0.1','内网IP','Chrome 10','Windows 10','0','登录成功','2023-03-27 18:00:48'),(592,'admin','127.0.0.1','内网IP','Chrome 8','Windows 10','0','登录成功','2023-03-28 09:34:52'),(593,'admin','127.0.0.1','内网IP','Chrome 10','Windows 10','0','登录成功','2023-03-28 10:41:24'),(594,'admin','127.0.0.1','内网IP','Chrome 10','Windows 10','0','登录成功','2023-03-28 11:21:42'),(595,'admin','127.0.0.1','内网IP','Chrome 8','Windows 10','0','登录成功','2023-03-28 11:41:43'),(596,'admin','127.0.0.1','内网IP','Chrome 10','Windows 10','0','登录成功','2023-03-28 13:49:05'),(597,'admin','127.0.0.1','内网IP','Chrome 11','Mac OS X','0','退出成功','2023-03-28 14:24:33'),(598,'admin','127.0.0.1','内网IP','Chrome 11','Mac OS X','0','登录成功','2023-03-28 14:26:47'),(599,'admin','127.0.0.1','内网IP','Chrome 10','Windows 10','0','登录成功','2023-03-28 14:47:54'),(600,'','192.168.0.27','内网IP','Chrome 11','Mac OS X','1','登录用户： 不存在','2023-03-28 17:26:13'),(601,'admin','192.168.0.27','内网IP','Chrome 11','Mac OS X','1','密码输入错误1次','2023-03-28 17:26:25'),(602,'admin','192.168.0.27','内网IP','Chrome 11','Mac OS X','1','用户不存在/密码错误','2023-03-28 17:26:25'),(603,'admin123','192.168.0.27','内网IP','Chrome 11','Mac OS X','1','登录用户：admin123 不存在','2023-03-28 17:27:57'),(604,'admin','192.168.0.27','内网IP','Chrome 11','Mac OS X','0','登录成功','2023-03-28 17:28:06'),(605,'admin','127.0.0.1','内网IP','Chrome 10','Windows 10','0','登录成功','2023-03-28 18:32:52'),(606,'admin','127.0.0.1','内网IP','Chrome 8','Windows 10','0','登录成功','2023-03-29 09:45:50'),(607,'admin','127.0.0.1','内网IP','Chrome 10','Windows 10','0','登录成功','2023-03-29 10:18:31'),(608,'admin','127.0.0.1','内网IP','Chrome 10','Windows 10','0','登录成功','2023-03-29 10:19:43'),(609,'admin','127.0.0.1','内网IP','Chrome 11','Mac OS X','0','登录成功','2023-03-29 16:16:19'),(610,'admin','127.0.0.1','内网IP','Chrome 10','Windows 10','0','登录成功','2023-03-29 17:09:30'),(611,'admin','127.0.0.1','内网IP','Chrome 8','Windows 10','0','登录成功','2023-03-30 09:51:10'),(612,'admin','127.0.0.1','内网IP','Chrome 10','Windows 10','0','登录成功','2023-03-30 15:25:56'),(613,'admin','127.0.0.1','内网IP','Chrome 11','Mac OS X','0','登录成功','2023-03-30 16:46:10'),(614,'admin','127.0.0.1','内网IP','Chrome 8','Windows 10','0','登录成功','2023-03-31 09:45:33'),(615,'admin','127.0.0.1','内网IP','Chrome 10','Windows 10','0','登录成功','2023-03-31 10:20:10'),(616,'admin','127.0.0.1','内网IP','Chrome 11','Windows 10','0','登录成功','2023-03-31 10:46:02'),(617,'admin','192.168.0.14','内网IP','Chrome 8','Windows 7','0','登录成功','2023-03-31 15:18:00'),(618,'admin','127.0.0.1','内网IP','Chrome 11','Windows 10','0','登录成功','2023-04-03 09:42:44'),(619,'admin','127.0.0.1','内网IP','Chrome 11','Windows 10','0','登录成功','2023-04-03 09:43:22'),(620,'admin','127.0.0.1','内网IP','Chrome 11','Mac OS X','0','登录成功','2023-04-03 09:51:33'),(621,'','192.168.0.27','内网IP','Chrome 11','Mac OS X','1','登录用户： 不存在','2023-04-03 10:04:11'),(622,'admin','192.168.0.27','内网IP','Chrome 11','Mac OS X','0','登录成功','2023-04-03 10:04:28'),(623,'admin','127.0.0.1','内网IP','Chrome 8','Windows 10','0','登录成功','2023-04-03 11:39:32'),(624,'admin','127.0.0.1','内网IP','Chrome 8','Windows 10','0','登录成功','2023-04-03 12:25:11'),(625,'admin','127.0.0.1','内网IP','Chrome 8','Windows 10','0','登录成功','2023-04-03 18:46:57'),(626,'admin','127.0.0.1','内网IP','Chrome 8','Windows 10','0','登录成功','2023-04-04 09:34:22'),(627,'admin','127.0.0.1','内网IP','Chrome 11','Windows 10','0','登录成功','2023-04-04 09:34:34'),(628,'admin','127.0.0.1','内网IP','Chrome 11','Windows 10','0','登录成功','2023-04-04 11:16:22'),(629,'admin','192.168.0.27','内网IP','Chrome 11','Mac OS X','0','登录成功','2023-04-04 14:40:51'),(630,'admin','127.0.0.1','内网IP','Chrome 11','Windows 10','0','登录成功','2023-04-06 09:37:28'),(631,'admin','127.0.0.1','内网IP','Chrome 11','Windows 10','0','登录成功','2023-04-06 17:39:02'),(632,'admin','127.0.0.1','内网IP','Chrome 8','Windows 10','0','登录成功','2023-04-06 18:24:17'),(633,'admin','127.0.0.1','内网IP','Chrome 11','Windows 10','0','登录成功','2023-04-07 09:35:30'),(634,'admin','127.0.0.1','内网IP','Chrome 8','Windows 10','0','登录成功','2023-04-07 10:54:22'),(635,'admin','127.0.0.1','内网IP','Chrome 8','Windows 10','0','登录成功','2023-04-07 11:07:28'),(636,'admin','127.0.0.1','内网IP','Chrome 8','Windows 10','0','退出成功','2023-04-07 11:15:47'),(637,'admin','127.0.0.1','内网IP','Chrome 8','Windows 10','0','登录成功','2023-04-07 11:16:43'),(638,'admin','192.168.0.3','内网IP','Chrome 8','Windows 10','0','登录成功','2023-04-07 11:23:22'),(639,'admin','127.0.0.1','内网IP','Chrome 8','Windows 10','0','登录成功','2023-04-07 15:07:30'),(640,'admin','127.0.0.1','内网IP','Chrome 11','Windows 10','0','登录成功','2023-04-10 09:42:59'),(641,'admin','127.0.0.1','内网IP','Chrome 8','Windows 10','0','登录成功','2023-04-10 10:44:43'),(642,'admin','127.0.0.1','内网IP','Chrome 11','Windows 10','0','登录成功','2023-04-10 10:48:33'),(643,'admin','192.168.0.3','内网IP','Chrome 8','Windows 10','0','登录成功','2023-04-10 11:02:18'),(644,'admin','127.0.0.1','内网IP','Chrome 8','Windows 10','0','登录成功','2023-04-10 14:48:03'),(645,'admin','127.0.0.1','内网IP','Chrome 11','Windows 10','0','登录成功','2023-04-11 09:37:00'),(646,'admin','127.0.0.1','内网IP','Chrome 11','Windows 10','0','登录成功','2023-04-11 09:54:34'),(647,'admin','127.0.0.1','内网IP','Chrome 8','Windows 10','0','登录成功','2023-04-11 10:51:31'),(648,'admin','127.0.0.1','内网IP','Chrome 8','Windows 10','0','登录成功','2023-04-11 13:49:38'),(649,'admin','192.168.0.3','内网IP','Chrome 8','Windows 10','0','登录成功','2023-04-11 14:05:09'),(650,'admin','127.0.0.1','内网IP','Chrome 11','Mac OS X','0','登录成功','2023-04-11 14:17:46'),(651,'admin','192.168.0.3','内网IP','Chrome 8','Windows 10','0','登录成功','2023-04-11 17:59:31'),(652,'admin','127.0.0.1','内网IP','Chrome 11','Windows 10','0','登录成功','2023-04-12 09:41:17'),(653,'admin','127.0.0.1','内网IP','Chrome 8','Windows 10','0','登录成功','2023-04-12 09:43:50'),(654,'admin','127.0.0.1','内网IP','Chrome 11','Windows 10','0','登录成功','2023-04-12 10:33:50'),(655,'admin','192.168.0.3','内网IP','Chrome 8','Windows 10','0','登录成功','2023-04-12 11:31:01'),(656,'admin','127.0.0.1','内网IP','Chrome 8','Windows 10','0','登录成功','2023-04-12 14:03:21'),(657,'admin','127.0.0.1','内网IP','Chrome 8','Windows 10','0','登录成功','2023-04-12 15:25:57'),(658,'admin','192.168.0.3','内网IP','Chrome 8','Windows 10','0','登录成功','2023-04-12 15:31:51'),(659,'admin','192.168.0.3','内网IP','Chrome 8','Windows 10','0','登录成功','2023-04-12 15:39:22'),(660,'admin','192.168.0.3','内网IP','Chrome 8','Windows 10','0','退出成功','2023-04-12 15:59:57'),(661,'admin','192.168.0.3','内网IP','Chrome 8','Windows 10','0','登录成功','2023-04-12 15:59:59'),(662,'admin','192.168.0.3','内网IP','Chrome 8','Windows 10','0','退出成功','2023-04-12 16:09:20'),(663,'liupeng','192.168.0.3','内网IP','Chrome 8','Windows 10','0','登录成功','2023-04-12 16:09:25'),(664,'admin','192.168.0.3','内网IP','Chrome 8','Windows 10','0','登录成功','2023-04-12 16:27:46'),(665,'admin','127.0.0.1','内网IP','Chrome 8','Windows 10','0','登录成功','2023-04-12 17:11:32'),(666,'admin','127.0.0.1','内网IP','Chrome 8','Windows 10','0','登录成功','2023-04-12 17:36:58'),(667,'admin','127.0.0.1','内网IP','Chrome 8','Windows 10','0','登录成功','2023-04-12 17:37:18'),(668,'admin','127.0.0.1','内网IP','Chrome 8','Windows 10','0','登录成功','2023-04-12 17:40:45'),(669,'admin','192.168.0.3','内网IP','Chrome 8','Windows 10','0','登录成功','2023-04-12 18:08:28'),(670,'admin','127.0.0.1','内网IP','Chrome 8','Windows 10','0','登录成功','2023-04-13 09:39:46'),(671,'admin','127.0.0.1','内网IP','Chrome 8','Windows 10','0','登录成功','2023-04-13 09:47:37'),(672,'admin','127.0.0.1','内网IP','Chrome 11','Windows 10','0','登录成功','2023-04-13 10:53:39'),(673,'admin','127.0.0.1','内网IP','Chrome 8','Windows 10','0','登录成功','2023-04-14 09:45:27'),(674,'admin','127.0.0.1','内网IP','Chrome 8','Windows 10','0','登录成功','2023-04-14 10:08:04'),(675,'admin','192.168.0.3','内网IP','Chrome 8','Windows 10','0','登录成功','2023-04-14 10:46:42'),(676,'admin','127.0.0.1','内网IP','Chrome 11','Windows 10','0','登录成功','2023-04-14 11:35:37'),(677,'admin','127.0.0.1','内网IP','Chrome 8','Windows 10','0','登录成功','2023-04-14 12:09:11'),(678,'admin','127.0.0.1','内网IP','Chrome 8','Windows 10','0','登录成功','2023-04-14 17:16:31'),(679,'admin','127.0.0.1','内网IP','Chrome 8','Windows 10','0','登录成功','2023-04-15 10:18:27'),(680,'admin','127.0.0.1','内网IP','Chrome 11','Windows 10','0','登录成功','2023-04-15 10:27:20'),(681,'admin','127.0.0.1','内网IP','Chrome 8','Windows 10','0','登录成功','2023-04-15 14:13:31'),(682,'admin','127.0.0.1','内网IP','Chrome 8','Windows 10','0','登录成功','2023-04-17 09:53:05'),(683,'admin','127.0.0.1','内网IP','Chrome 11','Windows 10','0','登录成功','2023-04-17 10:06:43'),(684,'admin','127.0.0.1','内网IP','Chrome 11','Windows 10','0','登录成功','2023-04-17 11:15:39'),(685,'admin','127.0.0.1','内网IP','Chrome 8','Windows 10','0','登录成功','2023-04-17 11:49:47'),(686,'admin','127.0.0.1','内网IP','Chrome 11','Windows 10','0','登录成功','2023-04-17 14:32:57'),(687,'admin','127.0.0.1','内网IP','Chrome 11','Windows 10','0','登录成功','2023-04-17 14:39:26'),(688,'admin','127.0.0.1','内网IP','Chrome 11','Windows 10','0','登录成功','2023-04-17 15:48:17'),(689,'admin','127.0.0.1','内网IP','Chrome 8','Windows 10','0','登录成功','2023-04-17 16:52:45'),(690,'admin','127.0.0.1','内网IP','Chrome 11','Windows 10','0','登录成功','2023-04-18 09:42:42'),(691,'admin','127.0.0.1','内网IP','Chrome 8','Windows 10','0','登录成功','2023-04-18 14:41:57'),(692,'admin','127.0.0.1','内网IP','Chrome 11','Windows 10','0','登录成功','2023-04-18 14:43:44'),(693,'admin','127.0.0.1','内网IP','Chrome 8','Windows 10','0','登录成功','2023-04-18 17:55:19'),(694,'admin','127.0.0.1','内网IP','Chrome 11','Windows 10','0','登录成功','2023-04-18 17:56:27'),(695,'admin','127.0.0.1','内网IP','Chrome 8','Windows 10','0','登录成功','2023-04-19 09:47:27'),(696,'admin','127.0.0.1','内网IP','Chrome 11','Windows 10','0','登录成功','2023-04-19 09:56:27'),(697,'admin','127.0.0.1','内网IP','Chrome 11','Windows 10','0','退出成功','2023-04-19 10:07:06'),(698,'admin','127.0.0.1','内网IP','Chrome 11','Windows 10','0','登录成功','2023-04-19 10:07:08'),(699,'admin','127.0.0.1','内网IP','Chrome 8','Windows 10','0','登录成功','2023-04-19 11:02:51'),(700,'admin','127.0.0.1','内网IP','Chrome 11','Windows 10','0','登录成功','2023-04-19 11:09:12'),(701,'admin','127.0.0.1','内网IP','Chrome 8','Windows 10','0','登录成功','2023-04-19 14:00:14'),(702,'admin','127.0.0.1','内网IP','Chrome 11','Windows 10','0','登录成功','2023-04-19 14:03:21'),(703,'admin','127.0.0.1','内网IP','Chrome 8','Windows 10','0','登录成功','2023-04-19 16:38:02'),(704,'admin','127.0.0.1','内网IP','Chrome 11','Windows 10','0','登录成功','2023-04-19 16:47:54'),(705,'admin','127.0.0.1','内网IP','Chrome 8','Windows 10','0','登录成功','2023-04-20 09:36:47'),(706,'admin','127.0.0.1','内网IP','Chrome 11','Windows 10','0','登录成功','2023-04-20 10:50:07'),(707,'admin','127.0.0.1','内网IP','Chrome 11','Windows 10','0','登录成功','2023-04-20 10:57:37'),(708,'admin','127.0.0.1','内网IP','Chrome 8','Windows 10','0','登录成功','2023-04-20 16:25:40'),(709,'admin','127.0.0.1','内网IP','Chrome 8','Windows 10','0','登录成功','2023-04-20 17:01:56'),(710,'admin','127.0.0.1','内网IP','Chrome 11','Windows 10','0','登录成功','2023-04-20 17:04:39'),(711,'admin','127.0.0.1','内网IP','Chrome 11','Windows 10','0','登录成功','2023-04-20 18:47:33'),(712,'admin','127.0.0.1','内网IP','Chrome 8','Windows 10','0','登录成功','2023-04-21 09:40:43'),(713,'admin','127.0.0.1','内网IP','Chrome 11','Windows 10','0','登录成功','2023-04-21 09:49:56'),(714,'admin','127.0.0.1','内网IP','Chrome 11','Windows 10','0','登录成功','2023-04-21 11:08:03'),(715,'admin','127.0.0.1','内网IP','Chrome 8','Windows 10','0','登录成功','2023-04-21 14:03:20'),(716,'admin','127.0.0.1','内网IP','Chrome 11','Windows 10','0','登录成功','2023-04-21 15:33:15'),(717,'admin','127.0.0.1','内网IP','Chrome 8','Windows 10','0','登录成功','2023-04-21 15:52:55'),(718,'admin','127.0.0.1','内网IP','Chrome 8','Windows 10','0','登录成功','2023-04-21 17:54:49'),(719,'admin','127.0.0.1','内网IP','Chrome 8','Windows 10','0','登录成功','2023-04-23 09:41:45'),(720,'admin','127.0.0.1','内网IP','Chrome 8','Windows 10','0','登录成功','2023-04-23 10:33:35'),(721,'admin','127.0.0.1','内网IP','Chrome 8','Windows 10','0','登录成功','2023-04-23 10:49:38'),(722,'admin','127.0.0.1','内网IP','Chrome 11','Mac OS X','0','登录成功','2023-04-23 11:29:16'),(723,'admin','192.168.0.16','内网IP','Chrome 8','Windows 10','0','登录成功','2023-04-23 11:32:08'),(724,'admin','127.0.0.1','内网IP','Chrome 11','Windows 10','0','登录成功','2023-04-23 11:52:24'),(725,'admin','192.168.0.16','内网IP','Chrome 8','Windows 10','0','退出成功','2023-04-23 12:24:20'),(726,'admin','192.168.0.16','内网IP','Chrome 8','Windows 10','1','密码输入错误1次','2023-04-23 12:24:25'),(727,'admin','192.168.0.16','内网IP','Chrome 8','Windows 10','1','用户不存在/密码错误','2023-04-23 12:24:25'),(728,'admin','192.168.0.16','内网IP','Chrome 8','Windows 10','1','用户不存在/密码错误','2023-04-23 12:24:31'),(729,'admin','192.168.0.16','内网IP','Chrome 8','Windows 10','1','密码输入错误2次','2023-04-23 12:24:31'),(730,'admin','192.168.0.16','内网IP','Chrome 8','Windows 10','0','登录成功','2023-04-23 12:24:38'),(731,'admin','192.168.0.16','内网IP','Chrome 8','Windows 10','0','退出成功','2023-04-23 12:24:48'),(732,'admin','192.168.0.16','内网IP','Chrome 8','Windows 10','0','登录成功','2023-04-23 12:25:07'),(733,'admin','192.168.0.16','内网IP','Chrome 8','Windows 10','0','退出成功','2023-04-23 12:25:23'),(734,'admin','192.168.0.16','内网IP','Chrome 8','Windows 10','0','登录成功','2023-04-23 12:25:25'),(735,'admin','127.0.0.1','内网IP','Chrome 8','Windows 10','0','登录成功','2023-04-23 13:53:30'),(736,'admin','192.168.0.16','内网IP','Chrome 8','Windows 10','0','登录成功','2023-04-23 13:53:52'),(737,'admin','192.168.0.16','内网IP','Chrome 8','Windows 10','0','登录成功','2023-04-23 14:03:17'),(738,'admin','127.0.0.1','内网IP','Chrome 11','Windows 10','0','退出成功','2023-04-23 14:18:09'),(739,'admin','127.0.0.1','内网IP','Chrome 11','Windows 10','0','登录成功','2023-04-23 14:18:12'),(740,'admin','127.0.0.1','内网IP','Chrome 11','Windows 10','0','登录成功','2023-04-23 16:38:11'),(741,'admin','127.0.0.1','内网IP','Chrome 11','Windows 10','0','登录成功','2023-04-23 17:47:44'),(742,'admin','192.168.0.16','内网IP','Chrome 8','Windows 10','0','退出成功','2023-04-23 18:46:06'),(743,'admin','192.168.0.16','内网IP','Chrome 8','Windows 10','0','登录成功','2023-04-23 18:47:03'),(744,'admin','127.0.0.1','内网IP','Chrome 8','Windows 10','0','登录成功','2023-04-24 09:41:18'),(745,'admin','127.0.0.1','内网IP','Chrome 11','Windows 10','0','登录成功','2023-04-24 09:53:56'),(746,'admin','192.168.0.18','内网IP','Chrome 11','Mac OS X','0','登录成功','2023-04-24 09:57:01'),(747,'admin','127.0.0.1','内网IP','Chrome 8','Windows 10','0','登录成功','2023-04-24 10:21:06'),(748,'admin','192.168.0.16','内网IP','Chrome 8','Windows 10','0','登录成功','2023-04-24 11:30:15'),(749,'admin','127.0.0.1','内网IP','Chrome 11','Windows 10','0','退出成功','2023-04-24 12:05:49'),(750,'admin','127.0.0.1','内网IP','Chrome 11','Windows 10','0','登录成功','2023-04-24 12:05:50'),(751,'admin','127.0.0.1','内网IP','Chrome 8','Windows 10','0','登录成功','2023-04-24 13:57:58'),(752,'admin','127.0.0.1','内网IP','Chrome 11','Windows 10','0','登录成功','2023-04-24 17:34:56'),(753,'admin','127.0.0.1','内网IP','Chrome 11','Windows 10','0','登录成功','2023-04-25 09:38:55'),(754,'admin','127.0.0.1','内网IP','Chrome 11','Windows 10','0','登录成功','2023-04-25 09:48:17'),(755,'admin','127.0.0.1','内网IP','Chrome 11','Mac OS X','0','登录成功','2023-04-25 11:24:52'),(756,'admin','127.0.0.1','内网IP','Chrome 11','Windows 10','0','登录成功','2023-04-26 09:32:22'),(757,'admin','127.0.0.1','内网IP','Chrome 11','Windows 10','0','登录成功','2023-04-26 10:54:48'),(758,'admin','127.0.0.1','内网IP','Chrome 11','Windows 10','0','登录成功','2023-04-26 11:42:57'),(759,'admin','127.0.0.1','内网IP','Chrome 8','Windows 10','0','登录成功','2023-04-26 17:56:14'),(760,'admin','192.168.0.16','内网IP','Chrome 8','Windows 10','0','登录成功','2023-04-26 17:56:57'),(761,'admin','127.0.0.1','内网IP','Chrome 8','Windows 10','0','登录成功','2023-04-27 09:37:12'),(762,'admin','127.0.0.1','内网IP','Chrome 11','Windows 10','0','登录成功','2023-04-27 09:44:06'),(763,'admin','127.0.0.1','内网IP','Chrome 11','Windows 10','0','登录成功','2023-04-27 10:22:34'),(764,'admin','127.0.0.1','内网IP','Chrome 11','Mac OS X','0','登录成功','2023-04-27 11:03:59'),(765,'admin','127.0.0.1','内网IP','Chrome 11','Mac OS X','0','登录成功','2023-04-27 11:04:39'),(766,'admin','127.0.0.1','内网IP','Chrome 11','Mac OS X','0','登录成功','2023-04-27 11:06:21'),(767,'admin','192.168.0.16','内网IP','Chrome 8','Windows 10','0','登录成功','2023-04-27 11:47:52'),(768,'admin','192.168.0.16','内网IP','Chrome 8','Windows 10','0','退出成功','2023-04-27 11:48:09'),(769,'admin','192.168.0.16','内网IP','Chrome 8','Windows 10','0','登录成功','2023-04-27 11:51:31'),(770,'admin','127.0.0.1','内网IP','Chrome 11','Mac OS X','0','退出成功','2023-04-27 12:18:14'),(771,'admin','127.0.0.1','内网IP','Chrome 11','Mac OS X','0','登录成功','2023-04-27 12:18:18'),(772,'admin','127.0.0.1','内网IP','Chrome 11','Mac OS X','0','退出成功','2023-04-27 14:22:31'),(773,'admin','127.0.0.1','内网IP','Chrome 11','Mac OS X','0','登录成功','2023-04-27 14:23:41'),(774,'admin','127.0.0.1','内网IP','Chrome 8','Windows 10','0','登录成功','2023-04-27 14:28:27'),(775,'admin','127.0.0.1','内网IP','Chrome 8','Windows 10','0','退出成功','2023-04-27 14:34:24'),(776,'admin','127.0.0.1','内网IP','Chrome 8','Windows 10','0','登录成功','2023-04-27 14:35:18'),(777,'admin','192.168.0.18','内网IP','Chrome 11','Mac OS X','0','登录成功','2023-04-27 15:36:44'),(778,'admin','127.0.0.1','内网IP','Chrome 8','Windows 10','0','登录成功','2023-04-27 16:46:05'),(779,'admin','127.0.0.1','内网IP','Chrome 11','Windows 10','0','登录成功','2023-04-28 09:42:21'),(780,'admin','127.0.0.1','内网IP','Chrome 8','Windows 10','0','登录成功','2023-04-28 09:44:29'),(781,'admin','127.0.0.1','内网IP','Chrome 8','Windows 10','0','登录成功','2023-04-28 10:52:23'),(782,'admin','127.0.0.1','内网IP','Chrome 8','Windows 10','0','退出成功','2023-04-28 11:02:12'),(783,'admin','127.0.0.1','内网IP','Chrome 8','Windows 10','0','登录成功','2023-04-28 11:02:25'),(784,'admin','127.0.0.1','内网IP','Chrome 8','Windows 10','0','退出成功','2023-04-28 11:02:28'),(785,'admin','127.0.0.1','内网IP','Chrome 8','Windows 10','0','登录成功','2023-04-28 11:02:43'),(786,'admin','127.0.0.1','内网IP','Chrome 8','Windows 10','0','退出成功','2023-04-28 11:02:48'),(787,'admin','127.0.0.1','内网IP','Chrome 8','Windows 10','0','登录成功','2023-04-28 11:03:26'),(788,'admin','127.0.0.1','内网IP','Chrome 8','Windows 10','0','退出成功','2023-04-28 11:03:45'),(789,'admin','127.0.0.1','内网IP','Chrome 11','Windows 10','0','登录成功','2023-04-28 11:05:15'),(790,'admin','127.0.0.1','内网IP','Chrome 8','Windows 10','0','登录成功','2023-04-28 11:42:11'),(791,'admin','127.0.0.1','内网IP','Chrome 8','Windows 10','0','退出成功','2023-04-28 11:42:16'),(792,'admin','127.0.0.1','内网IP','Chrome 8','Windows 10','0','登录成功','2023-04-28 11:42:28'),(793,'admin','127.0.0.1','内网IP','Chrome 8','Windows 10','0','退出成功','2023-04-28 11:42:36'),(794,'admin','127.0.0.1','内网IP','Chrome 8','Windows 10','0','登录成功','2023-04-28 11:43:35'),(795,'admin','192.168.0.18','内网IP','Chrome 11','Mac OS X','0','登录成功','2023-04-28 11:48:41'),(796,'admin','127.0.0.1','内网IP','Chrome 8','Windows 10','0','退出成功','2023-04-28 11:57:00'),(797,'admin','127.0.0.1','内网IP','Chrome 8','Windows 10','0','登录成功','2023-04-28 11:58:27'),(798,'admin','127.0.0.1','内网IP','Chrome 8','Windows 10','0','退出成功','2023-04-28 12:18:56'),(799,'admin','127.0.0.1','内网IP','Chrome 8','Windows 10','0','登录成功','2023-04-28 12:19:09'),(800,'admin','127.0.0.1','内网IP','Chrome 8','Windows 10','0','退出成功','2023-04-28 12:22:39'),(801,'admin','127.0.0.1','内网IP','Chrome 8','Windows 10','0','登录成功','2023-04-28 12:22:42'),(802,'admin','127.0.0.1','内网IP','Chrome 8','Windows 10','0','退出成功','2023-04-28 12:23:17'),(803,'zhangsan','127.0.0.1','内网IP','Chrome 8','Windows 10','0','登录成功','2023-04-28 12:23:23'),(804,'zhangsan','127.0.0.1','内网IP','Chrome 8','Windows 10','0','退出成功','2023-04-28 12:24:02'),(805,'admin','127.0.0.1','内网IP','Chrome 8','Windows 10','0','登录成功','2023-04-28 12:24:05'),(806,'admin','127.0.0.1','内网IP','Chrome 8','Windows 10','0','退出成功','2023-04-28 12:25:31'),(807,'liupeng','127.0.0.1','内网IP','Chrome 8','Windows 10','0','登录成功','2023-04-28 12:25:36'),(808,'liupeng','127.0.0.1','内网IP','Chrome 8','Windows 10','0','退出成功','2023-04-28 12:26:30'),(809,'admin','127.0.0.1','内网IP','Chrome 8','Windows 10','0','退出成功','2023-04-28 12:28:20'),(810,'admin','127.0.0.1','内网IP','Chrome 8','Windows 10','0','登录成功','2023-04-28 12:28:25'),(811,'admin','127.0.0.1','内网IP','Chrome 8','Windows 10','0','退出成功','2023-04-28 12:28:39'),(812,'liupeng','127.0.0.1','内网IP','Chrome 8','Windows 10','0','登录成功','2023-04-28 12:28:45'),(813,'admin','127.0.0.1','内网IP','Chrome 8','Windows 10','0','登录成功','2023-04-28 12:33:48'),(814,'admin','127.0.0.1','内网IP','Chrome 8','Windows 10','0','退出成功','2023-04-28 12:33:53'),(815,'liupeng','127.0.0.1','内网IP','Chrome 8','Windows 10','0','登录成功','2023-04-28 12:34:04'),(816,'liupeng','127.0.0.1','内网IP','Chrome 8','Windows 10','0','退出成功','2023-04-28 12:34:11'),(817,'liupeng','127.0.0.1','内网IP','Chrome 8','Windows 10','0','登录成功','2023-04-28 12:34:20'),(818,'liupeng','127.0.0.1','内网IP','Chrome 8','Windows 10','0','退出成功','2023-04-28 12:34:55'),(819,'zhangsan','127.0.0.1','内网IP','Chrome 8','Windows 10','0','登录成功','2023-04-28 12:35:04'),(820,'zhangsan','127.0.0.1','内网IP','Chrome 8','Windows 10','0','退出成功','2023-04-28 12:35:07'),(821,'admin','127.0.0.1','内网IP','Chrome 8','Windows 10','0','登录成功','2023-04-28 14:04:20'),(822,'admin','127.0.0.1','内网IP','Chrome 8','Windows 10','0','退出成功','2023-04-28 14:04:23'),(823,'zhangsan','127.0.0.1','内网IP','Chrome 8','Windows 10','0','登录成功','2023-04-28 14:04:29'),(824,'zhangsan','127.0.0.1','内网IP','Chrome 8','Windows 10','0','退出成功','2023-04-28 14:04:38'),(825,'admin','127.0.0.1','内网IP','Chrome 8','Windows 10','0','登录成功','2023-04-28 14:08:14'),(826,'admin','127.0.0.1','内网IP','Chrome 8','Windows 10','0','退出成功','2023-04-28 14:10:56'),(827,'admin','127.0.0.1','内网IP','Chrome 8','Windows 10','0','登录成功','2023-04-28 14:11:00'),(828,'admin','127.0.0.1','内网IP','Chrome 8','Windows 10','0','登录成功','2023-04-28 14:22:07'),(829,'admin','192.168.0.16','内网IP','Chrome 8','Windows 10','0','登录成功','2023-04-28 14:22:54'),(830,'admin','127.0.0.1','内网IP','Chrome 8','Windows 10','0','登录成功','2023-04-28 14:26:10'),(831,'admin','127.0.0.1','内网IP','Chrome 8','Windows 10','0','退出成功','2023-04-28 14:26:12'),(832,'admin','127.0.0.1','内网IP','Chrome 8','Windows 10','0','登录成功','2023-04-28 14:26:39'),(833,'admin','127.0.0.1','内网IP','Chrome 8','Windows 10','0','退出成功','2023-04-28 14:27:00'),(834,'liupeng','127.0.0.1','内网IP','Chrome 8','Windows 10','0','登录成功','2023-04-28 14:27:14'),(835,'liupeng','127.0.0.1','内网IP','Chrome 8','Windows 10','0','退出成功','2023-04-28 14:28:04'),(836,'zhangsan','127.0.0.1','内网IP','Chrome 8','Windows 10','0','登录成功','2023-04-28 14:28:11'),(837,'zhangsan','127.0.0.1','内网IP','Chrome 8','Windows 10','0','退出成功','2023-04-28 14:28:24'),(838,'admin','127.0.0.1','内网IP','Chrome 8','Windows 10','0','登录成功','2023-04-28 14:28:26'),(839,'admin','127.0.0.1','内网IP','Chrome 8','Windows 10','0','退出成功','2023-04-28 14:37:47'),(840,'admin','127.0.0.1','内网IP','Chrome 8','Windows 10','0','登录成功','2023-04-28 14:37:51'),(841,'admin','127.0.0.1','内网IP','Chrome 8','Windows 10','0','退出成功','2023-04-28 14:37:54'),(842,'admin','127.0.0.1','内网IP','Chrome 8','Windows 10','0','登录成功','2023-04-28 14:38:11'),(843,'admin','127.0.0.1','内网IP','Chrome 8','Windows 10','0','退出成功','2023-04-28 14:38:13'),(844,'liupeng','127.0.0.1','内网IP','Chrome 8','Windows 10','0','登录成功','2023-04-28 14:38:22'),(845,'liupeng','127.0.0.1','内网IP','Chrome 8','Windows 10','0','退出成功','2023-04-28 14:38:25'),(846,'zhangsan','127.0.0.1','内网IP','Chrome 8','Windows 10','0','登录成功','2023-04-28 14:38:36'),(847,'zhangsan','127.0.0.1','内网IP','Chrome 8','Windows 10','0','退出成功','2023-04-28 14:38:39'),(848,'admin','127.0.0.1','内网IP','Chrome 8','Windows 10','0','登录成功','2023-04-28 14:38:41'),(849,'admin','127.0.0.1','内网IP','Chrome 8','Windows 10','0','退出成功','2023-04-28 14:38:49'),(850,'wangwu','127.0.0.1','内网IP','Chrome 8','Windows 10','0','登录成功','2023-04-28 14:38:54'),(851,'wangwu','127.0.0.1','内网IP','Chrome 8','Windows 10','0','退出成功','2023-04-28 14:39:08'),(852,'wangwu','127.0.0.1','内网IP','Chrome 8','Windows 10','0','登录成功','2023-04-28 14:39:17'),(853,'wangwu','127.0.0.1','内网IP','Chrome 8','Windows 10','0','退出成功','2023-04-28 14:39:20'),(854,'wnagwu','127.0.0.1','内网IP','Chrome 8','Windows 10','1','登录用户：wnagwu 不存在','2023-04-28 14:39:27'),(855,'wangwu','127.0.0.1','内网IP','Chrome 8','Windows 10','0','登录成功','2023-04-28 14:39:34'),(856,'wangwu','127.0.0.1','内网IP','Chrome 8','Windows 10','0','退出成功','2023-04-28 14:39:36'),(857,'admin','127.0.0.1','内网IP','Chrome 8','Windows 10','0','登录成功','2023-04-28 14:39:38'),(858,'admin','127.0.0.1','内网IP','Chrome 8','Windows 10','0','退出成功','2023-04-28 14:39:47'),(859,'lisi','127.0.0.1','内网IP','Chrome 8','Windows 10','0','登录成功','2023-04-28 14:39:57'),(860,'lisi','127.0.0.1','内网IP','Chrome 8','Windows 10','0','退出成功','2023-04-28 14:40:21'),(861,'lisi','127.0.0.1','内网IP','Chrome 8','Windows 10','0','登录成功','2023-04-28 14:40:26'),(862,'lisi','127.0.0.1','内网IP','Chrome 8','Windows 10','0','退出成功','2023-04-28 14:59:47'),(863,'admin','127.0.0.1','内网IP','Chrome 8','Windows 10','0','登录成功','2023-04-28 14:59:51'),(864,'admin','127.0.0.1','内网IP','Chrome 8','Windows 10','0','退出成功','2023-04-28 14:59:54'),(865,'liupeng','127.0.0.1','内网IP','Chrome 8','Windows 10','0','登录成功','2023-04-28 15:00:08'),(866,'liupeng','127.0.0.1','内网IP','Chrome 8','Windows 10','0','退出成功','2023-04-28 15:00:11'),(867,'zhangsan','127.0.0.1','内网IP','Chrome 8','Windows 10','0','登录成功','2023-04-28 15:00:20'),(868,'zhangsan','127.0.0.1','内网IP','Chrome 8','Windows 10','0','退出成功','2023-04-28 15:00:22'),(869,'lisi','127.0.0.1','内网IP','Chrome 8','Windows 10','0','登录成功','2023-04-28 15:00:27'),(870,'lisi','127.0.0.1','内网IP','Chrome 8','Windows 10','0','退出成功','2023-04-28 15:00:30'),(871,'wangwu','127.0.0.1','内网IP','Chrome 8','Windows 10','0','登录成功','2023-04-28 15:00:34'),(872,'wangwu','127.0.0.1','内网IP','Chrome 8','Windows 10','0','退出成功','2023-04-28 15:00:37'),(873,'admin','127.0.0.1','内网IP','Chrome 8','Windows 10','0','登录成功','2023-04-28 15:01:43'),(874,'admin','127.0.0.1','内网IP','Chrome 8','Windows 10','0','退出成功','2023-04-28 15:01:45'),(875,'liupeng','127.0.0.1','内网IP','Chrome 8','Windows 10','1','密码输入错误1次','2023-04-28 15:01:51'),(876,'liupeng','127.0.0.1','内网IP','Chrome 8','Windows 10','1','用户不存在/密码错误','2023-04-28 15:01:51'),(877,'liupeng','127.0.0.1','内网IP','Chrome 8','Windows 10','0','登录成功','2023-04-28 15:01:55'),(878,'liupeng','127.0.0.1','内网IP','Chrome 8','Windows 10','0','退出成功','2023-04-28 15:01:57'),(879,'zhangsan','127.0.0.1','内网IP','Chrome 8','Windows 10','0','登录成功','2023-04-28 15:02:02'),(880,'zhangsan','127.0.0.1','内网IP','Chrome 8','Windows 10','0','退出成功','2023-04-28 15:02:04'),(881,'lisi','127.0.0.1','内网IP','Chrome 8','Windows 10','0','登录成功','2023-04-28 15:02:09'),(882,'lisi','127.0.0.1','内网IP','Chrome 8','Windows 10','0','退出成功','2023-04-28 15:02:11'),(883,'wangwu','127.0.0.1','内网IP','Chrome 8','Windows 10','0','登录成功','2023-04-28 15:02:22'),(884,'wangwu','127.0.0.1','内网IP','Chrome 8','Windows 10','0','退出成功','2023-04-28 15:02:28'),(885,'admin','127.0.0.1','内网IP','Chrome 8','Windows 10','0','登录成功','2023-04-28 15:15:12'),(886,'admin','127.0.0.1','内网IP','Chrome 8','Windows 10','0','退出成功','2023-04-28 15:15:50'),(887,'lisi','127.0.0.1','内网IP','Chrome 8','Windows 10','0','登录成功','2023-04-28 15:15:56'),(888,'lisi','127.0.0.1','内网IP','Chrome 8','Windows 10','0','退出成功','2023-04-28 15:15:59'),(889,'admin','127.0.0.1','内网IP','Chrome 8','Windows 10','0','登录成功','2023-04-28 15:29:27'),(890,'admin','127.0.0.1','内网IP','Chrome 8','Windows 10','0','退出成功','2023-04-28 15:29:31'),(891,'lisi','127.0.0.1','内网IP','Chrome 8','Windows 10','0','登录成功','2023-04-28 15:29:38'),(892,'lisi','127.0.0.1','内网IP','Chrome 8','Windows 10','0','退出成功','2023-04-28 15:29:48'),(893,'admin','127.0.0.1','内网IP','Chrome 8','Windows 10','0','登录成功','2023-04-28 15:29:50'),(894,'admin','127.0.0.1','内网IP','Chrome 8','Windows 10','0','退出成功','2023-04-28 15:29:55'),(895,'admin','127.0.0.1','内网IP','Chrome 8','Windows 10','0','登录成功','2023-04-28 15:30:00'),(896,'admin','127.0.0.1','内网IP','Chrome 8','Windows 10','0','退出成功','2023-04-28 15:33:55'),(897,'admin','127.0.0.1','内网IP','Chrome 8','Windows 10','0','登录成功','2023-04-28 15:37:11'),(898,'admin','127.0.0.1','内网IP','Chrome 8','Windows 10','0','退出成功','2023-04-28 15:37:19'),(899,'admin','127.0.0.1','内网IP','Chrome 8','Windows 10','0','登录成功','2023-04-28 15:37:24'),(900,'admin','127.0.0.1','内网IP','Chrome 8','Windows 10','0','退出成功','2023-04-28 15:37:41'),(901,'admin','127.0.0.1','内网IP','Chrome 8','Windows 10','0','登录成功','2023-04-28 15:37:46'),(902,'admin','127.0.0.1','内网IP','Chrome 8','Windows 10','0','退出成功','2023-04-28 15:38:03'),(903,'admin','127.0.0.1','内网IP','Chrome 8','Windows 10','0','登录成功','2023-04-28 15:38:13'),(904,'admin','127.0.0.1','内网IP','Chrome 8','Windows 10','0','退出成功','2023-04-28 15:38:19'),(905,'admin','127.0.0.1','内网IP','Chrome 8','Windows 10','0','登录成功','2023-04-28 15:38:21'),(906,'admin','127.0.0.1','内网IP','Chrome 8','Windows 10','0','退出成功','2023-04-28 15:39:46'),(907,'admin','127.0.0.1','内网IP','Chrome 8','Windows 10','0','登录成功','2023-04-28 15:46:23'),(908,'admin','127.0.0.1','内网IP','Chrome 8','Windows 10','0','退出成功','2023-04-28 15:46:27'),(909,'zhangsan','127.0.0.1','内网IP','Chrome 8','Windows 10','0','登录成功','2023-04-28 15:46:34'),(910,'zhangsan','127.0.0.1','内网IP','Chrome 8','Windows 10','0','退出成功','2023-04-28 15:46:37'),(911,'admin','127.0.0.1','内网IP','Chrome 8','Windows 10','0','登录成功','2023-04-28 15:49:04'),(912,'admin','127.0.0.1','内网IP','Chrome 8','Windows 10','0','退出成功','2023-04-28 15:49:08'),(913,'admin','127.0.0.1','内网IP','Chrome 8','Windows 10','0','登录成功','2023-04-28 15:49:29'),(914,'admin','127.0.0.1','内网IP','Chrome 8','Windows 10','0','退出成功','2023-04-28 15:49:42'),(915,'admin','127.0.0.1','内网IP','Chrome 8','Windows 10','0','登录成功','2023-04-28 15:53:33'),(916,'admin','127.0.0.1','内网IP','Chrome 8','Windows 10','0','退出成功','2023-04-28 15:53:37'),(917,'admin','127.0.0.1','内网IP','Chrome 8','Windows 10','0','登录成功','2023-04-28 15:53:41'),(918,'admin','127.0.0.1','内网IP','Chrome 8','Windows 10','0','退出成功','2023-04-28 15:53:45'),(919,'admin','127.0.0.1','内网IP','Chrome 8','Windows 10','0','登录成功','2023-04-28 15:56:44'),(920,'admin','127.0.0.1','内网IP','Chrome 8','Windows 10','0','退出成功','2023-04-28 15:57:04'),(921,'admin','127.0.0.1','内网IP','Chrome 8','Windows 10','0','登录成功','2023-04-28 15:57:06'),(922,'admin','127.0.0.1','内网IP','Chrome 8','Windows 10','0','退出成功','2023-04-28 15:57:08'),(923,'lisi','127.0.0.1','内网IP','Chrome 8','Windows 10','0','登录成功','2023-04-28 15:57:13'),(924,'lisi','127.0.0.1','内网IP','Chrome 8','Windows 10','0','退出成功','2023-04-28 15:57:18'),(925,'admin','127.0.0.1','内网IP','Chrome 8','Windows 10','0','登录成功','2023-04-28 15:57:41'),(926,'admin','127.0.0.1','内网IP','Chrome 8','Windows 10','0','退出成功','2023-04-28 15:58:10'),(927,'zhangsan','127.0.0.1','内网IP','Chrome 8','Windows 10','0','登录成功','2023-04-28 15:58:15'),(928,'zhangsan','127.0.0.1','内网IP','Chrome 8','Windows 10','0','退出成功','2023-04-28 15:58:19'),(929,'admin','127.0.0.1','内网IP','Chrome 11','Windows 10','0','退出成功','2023-04-28 15:59:17'),(930,'admin','127.0.0.1','内网IP','Chrome 11','Windows 10','0','登录成功','2023-04-28 15:59:22'),(931,'admin','127.0.0.1','内网IP','Chrome 8','Windows 10','0','登录成功','2023-04-28 16:00:06'),(932,'admin','127.0.0.1','内网IP','Chrome 8','Windows 10','0','退出成功','2023-04-28 16:00:40'),(933,'admin','127.0.0.1','内网IP','Chrome 8','Windows 10','0','登录成功','2023-04-28 16:00:44'),(934,'admin','127.0.0.1','内网IP','Chrome 8','Windows 10','0','退出成功','2023-04-28 16:00:59'),(935,'admin','127.0.0.1','内网IP','Chrome 11','Windows 10','0','退出成功','2023-04-28 16:01:15'),(936,'admin','127.0.0.1','内网IP','Chrome 11','Windows 10','0','登录成功','2023-04-28 16:01:30'),(937,'admin','127.0.0.1','内网IP','Chrome 11','Windows 10','0','退出成功','2023-04-28 16:01:37'),(938,'liupeng','127.0.0.1','内网IP','Chrome 11','Windows 10','0','登录成功','2023-04-28 16:01:54'),(939,'liupeng','127.0.0.1','内网IP','Chrome 11','Windows 10','0','退出成功','2023-04-28 16:02:01'),(940,'admin','127.0.0.1','内网IP','Chrome 11','Windows 10','0','登录成功','2023-04-28 16:02:18'),(941,'admin','127.0.0.1','内网IP','Chrome 8','Windows 10','1','密码输入错误1次','2023-04-28 16:02:51'),(942,'admin','127.0.0.1','内网IP','Chrome 8','Windows 10','1','用户不存在/密码错误','2023-04-28 16:02:52'),(943,'admin','127.0.0.1','内网IP','Chrome 8','Windows 10','1','密码输入错误2次','2023-04-28 16:03:18'),(944,'admin','127.0.0.1','内网IP','Chrome 8','Windows 10','1','用户不存在/密码错误','2023-04-28 16:03:18'),(945,'admin','127.0.0.1','内网IP','Chrome 8','Windows 10','1','用户不存在/密码错误','2023-04-28 16:03:20'),(946,'admin','127.0.0.1','内网IP','Chrome 8','Windows 10','1','密码输入错误3次','2023-04-28 16:03:20'),(947,'admin','127.0.0.1','内网IP','Chrome 8','Windows 10','1','用户不存在/密码错误','2023-04-28 16:03:24'),(948,'admin','127.0.0.1','内网IP','Chrome 8','Windows 10','1','密码输入错误4次','2023-04-28 16:03:24'),(949,'admin','127.0.0.1','内网IP','Chrome 8','Windows 10','0','登录成功','2023-04-28 16:03:27'),(950,'admin','127.0.0.1','内网IP','Chrome 8','Windows 10','0','退出成功','2023-04-28 16:03:39'),(951,'admin','127.0.0.1','内网IP','Chrome 8','Windows 10','0','登录成功','2023-04-28 16:08:57'),(952,'admin','127.0.0.1','内网IP','Chrome 8','Windows 10','0','退出成功','2023-04-28 16:09:13'),(953,'admin','127.0.0.1','内网IP','Chrome 8','Windows 10','0','登录成功','2023-04-28 16:09:16'),(954,'admin','127.0.0.1','内网IP','Chrome 8','Windows 10','0','退出成功','2023-04-28 16:09:18'),(955,'admin','127.0.0.1','内网IP','Chrome 8','Windows 10','0','登录成功','2023-04-28 16:09:19'),(956,'admin','127.0.0.1','内网IP','Chrome 8','Windows 10','0','退出成功','2023-04-28 16:09:21'),(957,'admin','127.0.0.1','内网IP','Chrome 8','Windows 10','0','登录成功','2023-04-28 16:12:31'),(958,'admin','127.0.0.1','内网IP','Chrome 8','Windows 10','0','退出成功','2023-04-28 16:12:36'),(959,'lisi','127.0.0.1','内网IP','Chrome 8','Windows 10','0','登录成功','2023-04-28 16:12:43'),(960,'lisi','127.0.0.1','内网IP','Chrome 8','Windows 10','0','退出成功','2023-04-28 16:12:48'),(961,'zhangsan','127.0.0.1','内网IP','Chrome 8','Windows 10','0','登录成功','2023-04-28 16:12:57'),(962,'zhangsan','127.0.0.1','内网IP','Chrome 8','Windows 10','0','退出成功','2023-04-28 16:12:59'),(963,'liupeng','127.0.0.1','内网IP','Chrome 8','Windows 10','0','登录成功','2023-04-28 16:13:04'),(964,'liupeng','127.0.0.1','内网IP','Chrome 8','Windows 10','0','退出成功','2023-04-28 16:13:16'),(965,'admin','127.0.0.1','内网IP','Chrome 8','Windows 10','0','登录成功','2023-04-28 16:20:00'),(966,'admin','127.0.0.1','内网IP','Chrome 8','Windows 10','0','退出成功','2023-04-28 16:20:10'),(967,'admin','127.0.0.1','内网IP','Chrome 8','Windows 10','0','登录成功','2023-04-28 16:20:11'),(968,'admin','127.0.0.1','内网IP','Chrome 8','Windows 10','0','退出成功','2023-04-28 16:20:26'),(969,'admin','127.0.0.1','内网IP','Chrome 8','Windows 10','0','登录成功','2023-04-28 16:23:41'),(970,'admin','127.0.0.1','内网IP','Chrome 8','Windows 10','0','退出成功','2023-04-28 16:23:45'),(971,'admin','127.0.0.1','内网IP','Chrome 8','Windows 10','0','登录成功','2023-04-28 16:23:47'),(972,'admin','127.0.0.1','内网IP','Chrome 8','Windows 10','0','退出成功','2023-04-28 16:23:56'),(973,'admin','127.0.0.1','内网IP','Chrome 8','Windows 10','0','登录成功','2023-04-28 16:23:59'),(974,'admin','127.0.0.1','内网IP','Chrome 8','Windows 10','0','退出成功','2023-04-28 16:24:58'),(975,'admin','127.0.0.1','内网IP','Chrome 8','Windows 10','0','登录成功','2023-04-28 16:25:01'),(976,'admin','192.168.0.16','内网IP','Chrome 8','Windows 10','0','登录成功','2023-04-28 18:17:49'),(977,'admin','127.0.0.1','内网IP','Chrome 8','Windows 10','0','登录成功','2023-05-04 09:35:55'),(978,'admin','127.0.0.1','内网IP','Chrome 8','Windows 10','0','退出成功','2023-05-04 09:35:59'),(979,'lisi','127.0.0.1','内网IP','Chrome 8','Windows 10','0','登录成功','2023-05-04 09:36:03'),(980,'lisi','127.0.0.1','内网IP','Chrome 8','Windows 10','0','退出成功','2023-05-04 09:36:06'),(981,'wangwu','127.0.0.1','内网IP','Chrome 8','Windows 10','1','密码输入错误1次','2023-05-04 09:36:10'),(982,'wangwu','127.0.0.1','内网IP','Chrome 8','Windows 10','1','用户不存在/密码错误','2023-05-04 09:36:10'),(983,'wangwu','127.0.0.1','内网IP','Chrome 8','Windows 10','0','登录成功','2023-05-04 09:36:12'),(984,'wangwu','127.0.0.1','内网IP','Chrome 8','Windows 10','0','退出成功','2023-05-04 09:36:15'),(985,'zhangsan','127.0.0.1','内网IP','Chrome 8','Windows 10','0','登录成功','2023-05-04 09:36:20'),(986,'zhangsan','127.0.0.1','内网IP','Chrome 8','Windows 10','0','退出成功','2023-05-04 09:36:26'),(987,'admin','127.0.0.1','内网IP','Chrome 8','Windows 10','0','登录成功','2023-05-04 09:36:56'),(988,'admin','127.0.0.1','内网IP','Chrome 11','Windows 10','0','登录成功','2023-05-04 09:38:05'),(989,'admin','127.0.0.1','内网IP','Chrome 8','Windows 10','0','退出成功','2023-05-04 09:44:27'),(990,'admin','127.0.0.1','内网IP','Chrome 8','Windows 10','0','登录成功','2023-05-04 09:44:29'),(991,'admin','127.0.0.1','内网IP','Chrome 8','Windows 10','0','退出成功','2023-05-04 09:44:33'),(992,'zhangsan','127.0.0.1','内网IP','Chrome 8','Windows 10','1','密码输入错误1次','2023-05-04 09:44:45'),(993,'zhangsan','127.0.0.1','内网IP','Chrome 8','Windows 10','1','用户不存在/密码错误','2023-05-04 09:44:45'),(994,'zhangsan','127.0.0.1','内网IP','Chrome 8','Windows 10','1','密码输入错误2次','2023-05-04 09:44:59'),(995,'zhangsan','127.0.0.1','内网IP','Chrome 8','Windows 10','1','用户不存在/密码错误','2023-05-04 09:44:59'),(996,'zhangsan','127.0.0.1','内网IP','Chrome 8','Windows 10','0','登录成功','2023-05-04 09:45:05'),(997,'zhangsan','127.0.0.1','内网IP','Chrome 8','Windows 10','0','退出成功','2023-05-04 09:45:12'),(998,'admin','127.0.0.1','内网IP','Chrome 8','Windows 10','0','登录成功','2023-05-04 09:46:32'),(999,'admin','127.0.0.1','内网IP','Chrome 8','Windows 10','0','登录成功','2023-05-04 09:52:59'),(1000,'admin','192.168.0.16','内网IP','Chrome 8','Windows 10','0','登录成功','2023-05-04 10:13:59'),(1001,'admin','127.0.0.1','内网IP','Chrome 8','Windows 10','0','退出成功','2023-05-04 10:26:14'),(1002,'admin','127.0.0.1','内网IP','Chrome 8','Windows 10','0','登录成功','2023-05-04 10:26:45'),(1003,'admin','127.0.0.1','内网IP','Chrome 8','Windows 10','0','退出成功','2023-05-04 10:26:48'),(1004,'admin','127.0.0.1','内网IP','Chrome 8','Windows 10','0','登录成功','2023-05-04 10:27:03'),(1005,'admin','127.0.0.1','内网IP','Chrome 8','Windows 10','0','退出成功','2023-05-04 10:35:25'),(1006,'admin','127.0.0.1','内网IP','Chrome 8','Windows 10','0','登录成功','2023-05-04 10:36:16'),(1007,'admin','127.0.0.1','内网IP','Chrome 8','Windows 10','0','退出成功','2023-05-04 10:37:28'),(1008,'admin','127.0.0.1','内网IP','Chrome 8','Windows 10','0','登录成功','2023-05-04 10:38:12'),(1009,'admin','127.0.0.1','内网IP','Chrome 8','Windows 10','0','登录成功','2023-05-04 14:02:41'),(1010,'admin','127.0.0.1','内网IP','Chrome 11','Windows 10','0','登录成功','2023-05-04 14:20:00'),(1011,'admin','127.0.0.1','内网IP','Chrome 8','Windows 10','0','登录成功','2023-05-05 09:30:27'),(1012,'admin','127.0.0.1','内网IP','Chrome 8','Windows 10','0','登录成功','2023-05-05 09:36:31'),(1013,'admin','127.0.0.1','内网IP','Chrome 11','Windows 10','0','登录成功','2023-05-05 09:42:21'),(1014,'admin','127.0.0.1','内网IP','Chrome 8','Windows 10','0','退出成功','2023-05-05 09:55:37'),(1015,'admin','127.0.0.1','内网IP','Chrome 8','Windows 10','0','登录成功','2023-05-05 09:55:52'),(1016,'admin','127.0.0.1','内网IP','Chrome 8','Windows 10','0','退出成功','2023-05-05 09:55:56'),(1017,'admin','127.0.0.1','内网IP','Chrome 8','Windows 10','0','登录成功','2023-05-05 11:00:08'),(1018,'admin','127.0.0.1','内网IP','Chrome 8','Windows 10','0','退出成功','2023-05-05 12:17:29'),(1019,'admin','192.168.0.17','内网IP','Chrome 11','Mac OS X','0','登录成功','2023-05-05 12:18:26'),(1020,'admin','192.168.0.16','内网IP','Chrome 8','Windows 10','0','登录成功','2023-05-05 12:21:32'),(1021,'admin','127.0.0.1','内网IP','Chrome 8','Windows 10','0','登录成功','2023-05-05 13:44:08'),(1022,'admin','127.0.0.1','内网IP','Chrome 8','Windows 10','0','登录成功','2023-05-05 13:52:37'),(1023,'admin','192.168.0.42','内网IP','Chrome 8','Windows 7','0','登录成功','2023-05-05 14:31:10'),(1024,'admin','127.0.0.1','内网IP','Chrome 8','Windows 10','0','退出成功','2023-05-05 18:18:50'),(1025,'admin','127.0.0.1','内网IP','Chrome 8','Windows 10','0','登录成功','2023-05-05 18:19:23'),(1026,'admin','127.0.0.1','内网IP','Chrome 11','Windows 10','0','登录成功','2023-05-06 09:47:58'),(1027,'admin','127.0.0.1','内网IP','Chrome 8','Windows 10','0','登录成功','2023-05-06 10:01:27'),(1028,'admin','127.0.0.1','内网IP','Chrome 8','Windows 10','0','登录成功','2023-05-06 13:56:28'),(1029,'admin','127.0.0.1','内网IP','Chrome 11','Windows 10','0','退出成功','2023-05-06 14:00:31'),(1030,'admin','192.168.0.3','内网IP','Chrome 11','Windows 10','0','登录成功','2023-05-06 14:00:38'),(1031,'admin','192.168.0.42','内网IP','Chrome 8','Windows 7','0','登录成功','2023-05-06 14:02:22'),(1032,'admin','127.0.0.1','内网IP','Chrome 11','Windows 10','0','登录成功','2023-05-06 14:04:14'),(1033,'admin','192.168.0.16','内网IP','Chrome 8','Windows 10','0','登录成功','2023-05-06 14:05:01'),(1034,'admin','192.168.0.42','内网IP','Chrome 8','Windows 7','0','登录成功','2023-05-06 15:50:48'),(1035,'admin','127.0.0.1','内网IP','Chrome 8','Windows 10','0','登录成功','2023-05-06 17:23:58'),(1036,'admin','127.0.0.1','内网IP','Chrome 8','Windows 10','0','登录成功','2023-05-06 17:55:24'),(1037,'admin','192.168.0.42','内网IP','Chrome 8','Windows 7','0','登录成功','2023-05-06 18:02:21'),(1038,'admin','192.168.0.16','内网IP','Chrome 8','Windows 10','0','登录成功','2023-05-06 18:29:18'),(1039,'admin','127.0.0.1','内网IP','Chrome 8','Windows 10','0','登录成功','2023-05-07 22:11:40'),(1040,'admin','127.0.0.1','内网IP','Chrome 8','Windows 10','0','登录成功','2023-05-08 09:20:42'),(1041,'admin','127.0.0.1','内网IP','Chrome 8','Windows 10','0','登录成功','2023-05-08 10:38:36'),(1042,'admin','127.0.0.1','内网IP','Chrome 8','Windows 10','0','退出成功','2023-05-08 11:20:45'),(1043,'admin','127.0.0.1','内网IP','Chrome 8','Windows 10','0','登录成功','2023-05-08 11:25:48'),(1044,'admin','127.0.0.1','内网IP','Chrome 11','Windows 10','0','登录成功','2023-05-08 11:43:28'),(1045,'admin','127.0.0.1','内网IP','Chrome 8','Windows 10','0','登录成功','2023-05-08 13:38:04'),(1046,'admin','127.0.0.1','内网IP','Chrome 8','Windows 10','0','登录成功','2023-05-08 13:55:08'),(1047,'admin','127.0.0.1','内网IP','Chrome 8','Windows 10','0','退出成功','2023-05-08 14:07:53'),(1048,'zhangsan','127.0.0.1','内网IP','Chrome 8','Windows 10','0','登录成功','2023-05-08 14:08:03'),(1049,'zhangsan','127.0.0.1','内网IP','Chrome 8','Windows 10','0','退出成功','2023-05-08 14:17:15'),(1050,'admin','127.0.0.1','内网IP','Chrome 8','Windows 10','0','登录成功','2023-05-08 14:17:18'),(1051,'admin','127.0.0.1','内网IP','Chrome 8','Windows 10','0','退出成功','2023-05-08 14:17:41'),(1052,'zhangsan','127.0.0.1','内网IP','Chrome 8','Windows 10','0','登录成功','2023-05-08 14:17:50'),(1053,'zhangsan','127.0.0.1','内网IP','Chrome 8','Windows 10','0','退出成功','2023-05-08 15:22:47'),(1054,'ad22','192.168.0.16','内网IP','Chrome 8','Windows 10','1','登录用户：ad22 不存在','2023-05-08 15:39:38'),(1055,'ad22','192.168.0.16','内网IP','Chrome 8','Windows 10','1','登录用户：ad22 不存在','2023-05-08 15:40:10'),(1056,'user1','192.168.0.16','内网IP','Chrome 8','Windows 10','1','登录用户：user1 不存在','2023-05-08 15:40:17'),(1057,'user1','192.168.0.16','内网IP','Chrome 8','Windows 10','1','登录用户：user1 不存在','2023-05-08 15:40:19'),(1058,'user1','192.168.0.16','内网IP','Chrome 8','Windows 10','1','登录用户：user1 不存在','2023-05-08 15:40:21'),(1059,'user1','192.168.0.16','内网IP','Chrome 8','Windows 10','1','登录用户：user1 不存在','2023-05-08 15:40:22'),(1060,'user1','192.168.0.16','内网IP','Chrome 8','Windows 10','1','登录用户：user1 不存在','2023-05-08 15:40:24'),(1061,'user1','192.168.0.16','内网IP','Chrome 8','Windows 10','1','登录用户：user1 不存在','2023-05-08 15:40:35'),(1062,'user1','192.168.0.16','内网IP','Chrome 8','Windows 10','1','登录用户：user1 不存在','2023-05-08 15:41:39'),(1063,'admin','192.168.0.16','内网IP','Chrome 8','Windows 10','0','登录成功','2023-05-08 15:41:45'),(1064,'admin','192.168.0.16','内网IP','Chrome 8','Windows 10','0','退出成功','2023-05-08 15:41:49'),(1065,'admin','192.168.0.16','内网IP','Chrome 8','Windows 10','1','密码输入错误1次','2023-05-08 15:41:53'),(1066,'admin','192.168.0.16','内网IP','Chrome 8','Windows 10','1','用户不存在/密码错误','2023-05-08 15:41:53'),(1067,'admin','192.168.0.16','内网IP','Chrome 8','Windows 10','0','登录成功','2023-05-08 15:41:57'),(1068,'admin','192.168.0.16','内网IP','Chrome 8','Windows 10','0','退出成功','2023-05-08 15:42:00'),(1069,'user1','192.168.0.16','内网IP','Chrome 8','Windows 10','1','登录用户：user1 不存在','2023-05-08 15:43:53'),(1070,'admin','192.168.0.16','内网IP','Chrome 8','Windows 10','1','用户不存在/密码错误','2023-05-08 15:44:24'),(1071,'admin','192.168.0.16','内网IP','Chrome 8','Windows 10','1','密码输入错误1次','2023-05-08 15:44:24'),(1072,'admin','192.168.0.16','内网IP','Chrome 8','Windows 10','1','密码输入错误2次','2023-05-08 15:45:25'),(1073,'admin','192.168.0.16','内网IP','Chrome 8','Windows 10','1','用户不存在/密码错误','2023-05-08 15:45:25'),(1074,'admin2','192.168.0.16','内网IP','Chrome 8','Windows 10','1','登录用户：admin2 不存在','2023-05-08 15:46:19'),(1075,'zhangsan','192.168.0.16','内网IP','Chrome 8','Windows 10','1','用户不存在/密码错误','2023-05-08 15:46:29'),(1076,'zhangsan','192.168.0.16','内网IP','Chrome 8','Windows 10','1','密码输入错误1次','2023-05-08 15:46:29'),(1077,'zhangsan','192.168.0.16','内网IP','Chrome 8','Windows 10','1','用户不存在/密码错误','2023-05-08 15:47:31'),(1078,'zhangsan','192.168.0.16','内网IP','Chrome 8','Windows 10','1','密码输入错误2次','2023-05-08 15:47:31'),(1079,'zhangsan','192.168.0.16','内网IP','Chrome 8','Windows 10','0','登录成功','2023-05-08 15:47:41'),(1080,'zhangsan','192.168.0.16','内网IP','Chrome 8','Windows 10','0','退出成功','2023-05-08 15:52:25'),(1081,'admin','192.168.0.16','内网IP','Chrome 8','Windows 10','0','登录成功','2023-05-08 15:52:30'),(1082,'admin','192.168.0.16','内网IP','Chrome 8','Windows 10','0','退出成功','2023-05-08 15:52:32'),(1083,'admin','192.168.0.16','内网IP','Chrome 8','Windows 10','0','登录成功','2023-05-08 15:59:03'),(1084,'admin','192.168.0.16','内网IP','Chrome 8','Windows 10','0','退出成功','2023-05-08 16:04:42'),(1085,'admin','192.168.0.16','内网IP','Chrome 8','Windows 10','0','登录成功','2023-05-08 16:05:58'),(1086,'admin','192.168.0.16','内网IP','Chrome 8','Windows 10','0','退出成功','2023-05-08 16:20:39'),(1087,'zhangsan','192.168.0.16','内网IP','Chrome 8','Windows 10','0','登录成功','2023-05-08 16:20:48'),(1088,'zhangsan','192.168.0.16','内网IP','Chrome 8','Windows 10','0','退出成功','2023-05-08 16:42:07'),(1089,'zhangsan','192.168.0.16','内网IP','Chrome 8','Windows 10','1','密码输入错误1次','2023-05-08 16:42:12'),(1090,'zhangsan','192.168.0.16','内网IP','Chrome 8','Windows 10','1','用户不存在/密码错误','2023-05-08 16:42:12'),(1091,'zhangsan','192.168.0.16','内网IP','Chrome 8','Windows 10','0','登录成功','2023-05-08 16:42:15'),(1092,'zhangsan','192.168.0.16','内网IP','Chrome 8','Windows 10','0','退出成功','2023-05-08 16:42:29'),(1093,'zhangsan','192.168.0.16','内网IP','Chrome 8','Windows 10','0','登录成功','2023-05-08 16:42:36'),(1094,'zhangsan','192.168.0.16','内网IP','Chrome 8','Windows 10','0','退出成功','2023-05-08 17:17:00'),(1095,'zhangsan','192.168.0.16','内网IP','Chrome 8','Windows 10','0','登录成功','2023-05-08 17:17:01'),(1096,'zhangsan','192.168.0.16','内网IP','Chrome 8','Windows 10','0','退出成功','2023-05-08 17:17:04'),(1097,'admin','192.168.0.16','内网IP','Chrome 8','Windows 10','0','登录成功','2023-05-08 17:17:09'),(1098,'admin','192.168.0.16','内网IP','Chrome 8','Windows 10','0','退出成功','2023-05-08 17:17:13'),(1099,'admin','192.168.0.16','内网IP','Chrome 8','Windows 10','0','登录成功','2023-05-08 17:17:14'),(1100,'admin','127.0.0.1','内网IP','Chrome 8','Windows 10','0','登录成功','2023-05-08 18:21:42'),(1101,'admin','127.0.0.1','内网IP','Chrome 8','Windows 10','0','登录成功','2023-05-09 11:52:28'),(1102,'admin','127.0.0.1','内网IP','Chrome 11','Windows 10','0','登录成功','2023-05-09 12:16:13'),(1103,'admin','127.0.0.1','内网IP','Chrome 8','Windows 10','0','登录成功','2023-05-09 13:59:05'),(1104,'','127.0.0.1','内网IP','Chrome 11','Windows 10','1','登录用户： 不存在','2023-05-09 15:55:30'),(1105,'admin','127.0.0.1','内网IP','Chrome 11','Windows 10','0','登录成功','2023-05-09 15:56:30'),(1106,'admin','192.168.0.16','内网IP','Chrome 8','Windows 10','0','登录成功','2023-05-09 15:59:27'),(1107,'admin','192.168.0.16','内网IP','Chrome 8','Windows 10','0','登录成功','2023-05-09 18:22:09'),(1108,'admin','127.0.0.1','内网IP','Chrome 11','Windows 10','0','登录成功','2023-05-10 09:39:42'),(1109,'admin','127.0.0.1','内网IP','Chrome 11','Mac OS X','0','登录成功','2023-05-10 11:22:55'),(1110,'admin','127.0.0.1','内网IP','Chrome 8','Windows 10','0','登录成功','2023-05-10 12:22:11'),(1111,'admin','127.0.0.1','内网IP','Chrome 8','Windows 10','0','登录成功','2023-05-10 13:47:53'),(1112,'admin','127.0.0.1','内网IP','Chrome 8','Windows 10','0','登录成功','2023-05-10 16:48:17'),(1113,'admin','127.0.0.1','内网IP','Chrome 8','Windows 10','0','登录成功','2023-05-10 18:13:31'),(1114,'admin','127.0.0.1','内网IP','Chrome 8','Windows 10','0','登录成功','2023-05-10 18:13:54'),(1115,'admin','127.0.0.1','内网IP','Chrome 11','Windows 10','0','登录成功','2023-05-11 09:42:00'),(1116,'admin','192.168.0.16','内网IP','Chrome 8','Windows 10','0','登录成功','2023-05-11 11:19:44'),(1117,'admin','192.168.0.16','内网IP','Chrome 8','Windows 10','0','登录成功','2023-05-11 13:47:24'),(1118,'admin','127.0.0.1','内网IP','Chrome 11','Windows 10','0','登录成功','2023-05-11 13:58:16'),(1119,'admin','127.0.0.1','内网IP','Chrome 8','Windows 10','0','登录成功','2023-05-11 14:21:06'),(1120,'admin','192.168.0.16','内网IP','Chrome 8','Windows 10','0','登录成功','2023-05-11 14:22:54'),(1121,'admin','127.0.0.1','内网IP','Chrome 11','Windows 10','0','退出成功','2023-05-11 16:02:17'),(1122,'刘朋','127.0.0.1','内网IP','Chrome 11','Windows 10','1','登录用户：刘朋 不存在','2023-05-11 16:02:27'),(1123,'liupeng','127.0.0.1','内网IP','Chrome 11','Windows 10','0','登录成功','2023-05-11 16:02:36'),(1124,'liupeng','127.0.0.1','内网IP','Chrome 11','Windows 10','0','退出成功','2023-05-11 16:03:44'),(1125,'admin','127.0.0.1','内网IP','Chrome 11','Windows 10','0','登录成功','2023-05-11 16:03:47'),(1126,'admin','127.0.0.1','内网IP','Chrome 11','Windows 10','0','退出成功','2023-05-11 16:05:33'),(1127,'liupeng','127.0.0.1','内网IP','Chrome 11','Windows 10','0','登录成功','2023-05-11 16:05:45'),(1128,'liupeng','127.0.0.1','内网IP','Chrome 11','Windows 10','0','退出成功','2023-05-11 16:08:25'),(1129,'admin','127.0.0.1','内网IP','Chrome 11','Windows 10','0','登录成功','2023-05-11 16:08:32'),(1130,'admin','127.0.0.1','内网IP','Chrome 11','Windows 10','0','登录成功','2023-05-11 19:03:13'),(1131,'admin','192.168.0.16','内网IP','Chrome 8','Windows 10','0','登录成功','2023-05-11 19:10:53'),(1132,'admin','127.0.0.1','内网IP','Chrome 8','Windows 10','0','登录成功','2023-05-11 19:23:25'),(1133,'admin','192.168.0.16','内网IP','Chrome 8','Windows 10','0','登录成功','2023-05-11 19:26:35'),(1134,'admin','127.0.0.1','内网IP','Chrome 11','Windows 10','0','登录成功','2023-05-12 09:50:46'),(1135,'admin','127.0.0.1','内网IP','Chrome 8','Windows 10','0','登录成功','2023-05-12 13:58:44'),(1136,'admin','127.0.0.1','内网IP','Chrome 11','Windows 10','0','登录成功','2023-05-12 13:58:53'),(1137,'admin','127.0.0.1','内网IP','Chrome 8','Windows 10','0','登录成功','2023-05-12 14:03:27'),(1138,'admin','192.168.0.16','内网IP','Chrome 8','Windows 10','0','登录成功','2023-05-12 16:58:00'),(1139,'admin','192.168.0.16','内网IP','Chrome 8','Windows 10','0','登录成功','2023-05-12 17:24:35'),(1140,'admin','192.168.0.16','内网IP','Chrome 8','Windows 10','0','登录成功','2023-05-12 17:59:51'),(1141,'admin','127.0.0.1','内网IP','Chrome 11','Windows 10','0','登录成功','2023-05-13 09:52:24'),(1142,'admin','127.0.0.1','内网IP','Chrome 11','Windows 10','0','登录成功','2023-05-13 12:05:30'),(1143,'admin','127.0.0.1','内网IP','Chrome 8','Windows 10','0','登录成功','2023-05-13 12:32:58'),(1144,'admin','192.168.0.16','内网IP','Chrome 8','Windows 10','0','登录成功','2023-05-13 12:33:10'),(1145,'admin','127.0.0.1','内网IP','Chrome 8','Windows 10','0','登录成功','2023-05-13 18:15:22'),(1146,'admin','127.0.0.1','内网IP','Chrome 8','Windows 10','0','登录成功','2023-05-13 18:40:16'),(1147,'admin','127.0.0.1','内网IP','Chrome 8','Windows 10','0','登录成功','2023-05-15 09:27:32'),(1148,'admin','127.0.0.1','内网IP','Chrome 10','Windows 10','0','登录成功','2023-05-15 09:58:17'),(1149,'admin','127.0.0.1','内网IP','Chrome 8','Windows 10','0','登录成功','2023-05-15 10:03:54'),(1150,'admin','127.0.0.1','内网IP','Chrome 11','Windows 10','0','登录成功','2023-05-15 10:26:12'),(1151,'admin','127.0.0.1','内网IP','Chrome 10','Windows 10','0','退出成功','2023-05-15 10:44:47'),(1152,'admin','127.0.0.1','内网IP','Chrome 10','Windows 10','1','密码输入错误1次','2023-05-15 10:44:55'),(1153,'admin','127.0.0.1','内网IP','Chrome 10','Windows 10','1','用户不存在/密码错误','2023-05-15 10:44:55'),(1154,'admin','127.0.0.1','内网IP','Chrome 10','Windows 10','0','登录成功','2023-05-15 10:45:23'),(1155,'admin','127.0.0.1','内网IP','Chrome 10','Windows 10','0','退出成功','2023-05-15 10:45:48'),(1156,'admin','127.0.0.1','内网IP','Chrome 10','Windows 10','0','登录成功','2023-05-15 10:45:57'),(1157,'admin','127.0.0.1','内网IP','Chrome 10','Windows 10','0','退出成功','2023-05-15 10:46:01'),(1158,'admin1','127.0.0.1','内网IP','Chrome 10','Windows 10','1','用户不存在/密码错误','2023-05-15 10:46:13'),(1159,'admin1','127.0.0.1','内网IP','Chrome 10','Windows 10','1','密码输入错误1次','2023-05-15 10:46:13'),(1160,'admin1','127.0.0.1','内网IP','Chrome 10','Windows 10','1','用户不存在/密码错误','2023-05-15 10:46:42'),(1161,'admin1','127.0.0.1','内网IP','Chrome 10','Windows 10','1','密码输入错误2次','2023-05-15 10:46:42'),(1162,'admin','127.0.0.1','内网IP','Chrome 10','Windows 10','0','登录成功','2023-05-15 10:46:45'),(1163,'admin','127.0.0.1','内网IP','Chrome 10','Windows 10','0','退出成功','2023-05-15 10:46:50'),(1164,'admin','127.0.0.1','内网IP','Chrome 10','Windows 10','0','登录成功','2023-05-15 10:46:57'),(1165,'admin','127.0.0.1','内网IP','Chrome 10','Windows 10','0','退出成功','2023-05-15 10:47:00'),(1166,'admin','127.0.0.1','内网IP','Chrome 10','Windows 10','0','登录成功','2023-05-15 10:47:02'),(1167,'admin','127.0.0.1','内网IP','Chrome 8','Windows 10','0','退出成功','2023-05-15 11:05:11'),(1168,'admin','127.0.0.1','内网IP','Chrome 8','Windows 10','0','登录成功','2023-05-15 11:05:12'),(1169,'admin','127.0.0.1','内网IP','Chrome 11','Windows 10','0','登录成功','2023-05-15 14:14:57'),(1170,'admin','192.168.0.16','内网IP','Chrome 8','Windows 10','0','登录成功','2023-05-15 14:19:19'),(1171,'admin','127.0.0.1','内网IP','Chrome 11','Windows 10','0','登录成功','2023-05-16 09:29:44'),(1172,'admin','127.0.0.1','内网IP','Chrome 8','Windows 10','0','登录成功','2023-05-16 09:53:18'),(1173,'admin','127.0.0.1','内网IP','Chrome 8','Windows 10','0','登录成功','2023-05-16 11:01:18'),(1174,'admin','127.0.0.1','内网IP','Chrome 8','Windows 10','0','登录成功','2023-05-16 13:56:03'),(1175,'admin','192.168.0.16','内网IP','Chrome 8','Windows 10','0','登录成功','2023-05-17 09:55:33'),(1176,'admin','127.0.0.1','内网IP','Chrome 8','Windows 10','0','登录成功','2023-05-17 09:58:47'),(1177,'admin','192.168.0.16','内网IP','Chrome 8','Windows 10','0','登录成功','2023-05-17 10:13:00'),(1178,'admin','127.0.0.1','内网IP','Chrome 11','Windows 10','0','登录成功','2023-05-17 10:23:42'),(1179,'admin','127.0.0.1','内网IP','Chrome 8','Windows 10','0','登录成功','2023-05-17 13:52:21'),(1180,'admin','127.0.0.1','内网IP','Chrome 8','Windows 10','0','登录成功','2023-05-17 13:53:35'),(1181,'admin','127.0.0.1','内网IP','Chrome 8','Windows 10','0','登录成功','2023-05-17 13:53:57'),(1182,'admin','192.168.0.16','内网IP','Chrome 8','Windows 10','0','登录成功','2023-05-17 13:54:31'),(1183,'admin','127.0.0.1','内网IP','Chrome 11','Windows 10','0','退出成功','2023-05-17 13:55:06'),(1184,'admin','127.0.0.1','内网IP','Chrome 11','Windows 10','0','登录成功','2023-05-17 13:55:08'),(1185,'admin','192.168.0.16','内网IP','Chrome 8','Windows 10','0','登录成功','2023-05-17 13:55:27'),(1186,'admin','127.0.0.1','内网IP','Chrome 11','Windows 10','0','登录成功','2023-05-17 13:55:35'),(1187,'admin','192.168.0.16','内网IP','Chrome 8','Windows 10','0','登录成功','2023-05-17 13:56:09'),(1188,'admin','127.0.0.1','内网IP','Chrome 11','Windows 10','0','登录成功','2023-05-17 13:56:09'),(1189,'admin','192.168.0.16','内网IP','Chrome 8','Windows 10','0','登录成功','2023-05-17 13:56:22'),(1190,'admin','127.0.0.1','内网IP','Chrome 8','Windows 10','0','登录成功','2023-05-17 13:57:58'),(1191,'admin','127.0.0.1','内网IP','Chrome 11','Windows 10','0','登录成功','2023-05-17 13:58:06'),(1192,'admin','192.168.0.16','内网IP','Chrome 8','Windows 10','0','登录成功','2023-05-17 13:59:28'),(1193,'admin','192.168.0.16','内网IP','Chrome 8','Windows 10','0','登录成功','2023-05-17 14:00:44'),(1194,'admin','127.0.0.1','内网IP','Chrome 11','Windows 10','0','登录成功','2023-05-17 14:02:02'),(1195,'admin','192.168.0.16','内网IP','Chrome 8','Windows 10','0','退出成功','2023-05-17 14:03:43'),(1196,'admin','192.168.0.16','内网IP','Chrome 8','Windows 10','0','登录成功','2023-05-17 14:03:50'),(1197,'admin','127.0.0.1','内网IP','Chrome 11','Windows 10','0','登录成功','2023-05-17 14:05:16'),(1198,'zhangsan','192.168.0.16','内网IP','Chrome 8','Windows 10','0','登录成功','2023-05-17 14:05:51'),(1199,'admin','127.0.0.1','内网IP','Chrome 11','Windows 10','0','登录成功','2023-05-17 14:17:26'),(1200,'zhangsan','192.168.0.16','内网IP','Chrome 8','Windows 10','0','登录成功','2023-05-17 14:18:12'),(1201,'zhangsan','192.168.0.16','内网IP','Chrome 8','Windows 10','0','退出成功','2023-05-17 14:41:45'),(1202,'admin','192.168.0.16','内网IP','Chrome 8','Windows 10','1','用户不存在/密码错误','2023-05-17 14:42:18'),(1203,'admin','192.168.0.16','内网IP','Chrome 8','Windows 10','1','密码输入错误1次','2023-05-17 14:42:18'),(1204,'admin','192.168.0.16','内网IP','Chrome 8','Windows 10','1','用户不存在/密码错误','2023-05-17 14:42:21'),(1205,'admin','192.168.0.16','内网IP','Chrome 8','Windows 10','1','密码输入错误2次','2023-05-17 14:42:21'),(1206,'admin','192.168.0.16','内网IP','Chrome 8','Windows 10','0','登录成功','2023-05-17 14:42:23'),(1207,'admin','127.0.0.1','内网IP','Chrome 11','Windows 10','0','登录成功','2023-05-17 18:35:52'),(1208,'admin','127.0.0.1','内网IP','Chrome 11','Windows 10','0','登录成功','2023-05-18 09:35:20'),(1209,'admin','192.168.0.16','内网IP','Chrome 8','Windows 10','0','登录成功','2023-05-18 09:56:50'),(1210,'admin','127.0.0.1','内网IP','Chrome 11','Mac OS X','0','登录成功','2023-05-18 15:55:47'),(1211,'admin','192.168.0.16','内网IP','Chrome 8','Windows 10','0','退出成功','2023-05-18 16:15:41'),(1212,'admin','192.168.0.16','内网IP','Chrome 8','Windows 10','0','登录成功','2023-05-18 16:15:43'),(1213,'admin','192.168.0.16','内网IP','Chrome 8','Windows 10','0','退出成功','2023-05-18 16:32:33'),(1214,'admin','192.168.0.16','内网IP','Chrome 8','Windows 10','0','登录成功','2023-05-18 16:32:45'),(1215,'admin','192.168.0.16','内网IP','Chrome 8','Windows 10','0','退出成功','2023-05-18 16:42:34'),(1216,'admin','192.168.0.16','内网IP','Chrome 8','Windows 10','0','登录成功','2023-05-18 16:43:25'),(1217,'admin','127.0.0.1','内网IP','Chrome 8','Windows 10','0','登录成功','2023-05-19 09:32:42'),(1218,'admin','127.0.0.1','内网IP','Chrome 11','Windows 10','0','登录成功','2023-05-19 10:11:53'),(1219,'admin','127.0.0.1','内网IP','Chrome 8','Windows 10','0','登录成功','2023-05-19 10:43:15'),(1220,'admin','127.0.0.1','内网IP','Chrome 8','Windows 10','0','登录成功','2023-05-19 13:46:13'),(1221,'admin','127.0.0.1','内网IP','Chrome 8','Windows 10','0','登录成功','2023-05-21 23:41:10'),(1222,'admin','127.0.0.1','内网IP','Chrome 11','Windows 10','0','登录成功','2023-05-22 09:40:52'),(1223,'admin','127.0.0.1','内网IP','Chrome 8','Windows 10','0','登录成功','2023-05-22 10:10:38'),(1224,'admin','127.0.0.1','内网IP','Chrome 8','Windows 10','0','登录成功','2023-05-22 15:49:11'),(1225,'admin','192.168.0.16','内网IP','Chrome 8','Windows 10','0','登录成功','2023-05-22 15:53:21'),(1226,'admin','127.0.0.1','内网IP','Chrome 11','Windows 10','0','登录成功','2023-05-23 09:35:57'),(1227,'admin','127.0.0.1','内网IP','Chrome 8','Windows 10','0','登录成功','2023-05-23 10:06:51'),(1228,'admin','127.0.0.1','内网IP','Chrome 8','Windows 10','0','登录成功','2023-05-23 13:58:48'),(1229,'admin','127.0.0.1','内网IP','Chrome 8','Windows 10','0','退出成功','2023-05-23 14:35:49'),(1230,'zhangsan','127.0.0.1','内网IP','Chrome 8','Windows 10','0','登录成功','2023-05-23 14:35:56'),(1231,'zhangsan','127.0.0.1','内网IP','Chrome 8','Windows 10','0','退出成功','2023-05-23 14:37:05'),(1232,'admin','127.0.0.1','内网IP','Chrome 8','Windows 10','0','登录成功','2023-05-23 14:37:08'),(1233,'admin','127.0.0.1','内网IP','Chrome 8','Windows 10','0','退出成功','2023-05-23 14:54:09'),(1234,'zhangsan','127.0.0.1','内网IP','Chrome 8','Windows 10','0','登录成功','2023-05-23 14:54:19'),(1235,'zhangsan','127.0.0.1','内网IP','Chrome 8','Windows 10','0','退出成功','2023-05-23 14:54:38'),(1236,'admin','127.0.0.1','内网IP','Chrome 8','Windows 10','0','登录成功','2023-05-23 14:54:40'),(1237,'admin','127.0.0.1','内网IP','Chrome 8','Windows 10','0','退出成功','2023-05-23 15:08:46'),(1238,'admin','127.0.0.1','内网IP','Chrome 8','Windows 10','0','登录成功','2023-05-23 15:09:47'),(1239,'admin','127.0.0.1','内网IP','Chrome 8','Windows 10','0','退出成功','2023-05-23 16:04:36'),(1240,'zhangsan','127.0.0.1','内网IP','Chrome 8','Windows 10','0','登录成功','2023-05-23 16:04:44'),(1241,'zhangsan','127.0.0.1','内网IP','Chrome 8','Windows 10','0','退出成功','2023-05-23 16:04:56'),(1242,'lisi','127.0.0.1','内网IP','Chrome 8','Windows 10','0','登录成功','2023-05-23 16:05:02'),(1243,'lisi','127.0.0.1','内网IP','Chrome 8','Windows 10','0','退出成功','2023-05-23 16:05:17'),(1244,'admin','127.0.0.1','内网IP','Chrome 8','Windows 10','0','登录成功','2023-05-23 16:05:18'),(1245,'admin','127.0.0.1','内网IP','Chrome 11','Windows 10','0','登录成功','2023-05-24 09:40:08'),(1246,'admin','127.0.0.1','内网IP','Chrome 8','Windows 10','0','登录成功','2023-05-24 09:40:15'),(1247,'admin','192.168.0.16','内网IP','Chrome 8','Windows 10','0','登录成功','2023-05-24 10:21:52'),(1248,'admin','127.0.0.1','内网IP','Chrome 8','Windows 10','0','登录成功','2023-05-24 12:07:10'),(1249,'admin','127.0.0.1','内网IP','Chrome 8','Windows 10','0','登录成功','2023-05-24 13:46:36'),(1250,'admin','127.0.0.1','内网IP','Chrome 11','Windows 10','0','登录成功','2023-05-24 14:08:02'),(1251,'admin','127.0.0.1','内网IP','Chrome 11','Windows 10','0','登录成功','2023-05-24 14:12:19'),(1252,'admin','192.168.0.16','内网IP','Chrome 8','Windows 10','0','登录成功','2023-05-24 18:38:52'),(1253,'admin','127.0.0.1','内网IP','Chrome 8','Windows 10','0','登录成功','2023-05-25 10:03:51'),(1254,'admin','127.0.0.1','内网IP','Chrome 11','Windows 10','0','登录成功','2023-05-25 10:04:07'),(1255,'admin','192.168.0.16','内网IP','Chrome 8','Windows 10','0','登录成功','2023-05-25 12:21:25'),(1256,'admin','127.0.0.1','内网IP','Chrome 8','Windows 10','0','登录成功','2023-05-25 13:45:17'),(1257,'admin','127.0.0.1','内网IP','Chrome 8','Windows 10','0','登录成功','2023-05-25 13:51:15'),(1258,'admin','192.168.0.16','内网IP','Chrome 8','Windows 10','0','登录成功','2023-05-25 17:14:45'),(1259,'admin','192.168.0.16','内网IP','Chrome 8','Windows 10','0','退出成功','2023-05-25 17:41:26'),(1260,'admin','192.168.0.16','内网IP','Chrome 8','Windows 10','0','登录成功','2023-05-25 17:41:28'),(1261,'admin','192.168.0.16','内网IP','Chrome 8','Windows 10','0','退出成功','2023-05-25 17:42:00'),(1262,'admin','192.168.0.16','内网IP','Chrome 8','Windows 10','0','登录成功','2023-05-25 17:42:02'),(1263,'admin','192.168.0.16','内网IP','Chrome 8','Windows 10','0','退出成功','2023-05-25 17:42:04'),(1264,'lisi','192.168.0.16','内网IP','Chrome 8','Windows 10','1','密码输入错误1次','2023-05-25 17:42:10'),(1265,'lisi','192.168.0.16','内网IP','Chrome 8','Windows 10','1','用户不存在/密码错误','2023-05-25 17:42:10'),(1266,'lisi','192.168.0.16','内网IP','Chrome 8','Windows 10','0','登录成功','2023-05-25 17:42:15'),(1267,'lisi','192.168.0.16','内网IP','Chrome 8','Windows 10','0','退出成功','2023-05-25 17:42:53'),(1268,'lisi','192.168.0.16','内网IP','Chrome 8','Windows 10','0','登录成功','2023-05-25 17:42:55'),(1269,'lisi','192.168.0.16','内网IP','Chrome 8','Windows 10','0','退出成功','2023-05-25 17:43:02'),(1270,'zhangsan','192.168.0.16','内网IP','Chrome 8','Windows 10','0','登录成功','2023-05-25 17:43:08'),(1271,'zhangsan','192.168.0.16','内网IP','Chrome 8','Windows 10','0','退出成功','2023-05-25 17:43:22'),(1272,'admin','192.168.0.16','内网IP','Chrome 8','Windows 10','1','用户不存在/密码错误','2023-05-25 17:43:27'),(1273,'admin','192.168.0.16','内网IP','Chrome 8','Windows 10','1','密码输入错误1次','2023-05-25 17:43:27'),(1274,'admin','192.168.0.16','内网IP','Chrome 8','Windows 10','1','密码输入错误2次','2023-05-25 17:43:32'),(1275,'admin','192.168.0.16','内网IP','Chrome 8','Windows 10','1','用户不存在/密码错误','2023-05-25 17:43:32'),(1276,'admin','192.168.0.16','内网IP','Chrome 8','Windows 10','1','用户不存在/密码错误','2023-05-25 17:43:34'),(1277,'admin','192.168.0.16','内网IP','Chrome 8','Windows 10','1','密码输入错误3次','2023-05-25 17:43:34'),(1278,'admin','192.168.0.16','内网IP','Chrome 8','Windows 10','1','密码输入错误4次','2023-05-25 17:43:40'),(1279,'admin','192.168.0.16','内网IP','Chrome 8','Windows 10','1','用户不存在/密码错误','2023-05-25 17:43:40'),(1280,'admin','192.168.0.16','内网IP','Chrome 8','Windows 10','0','登录成功','2023-05-25 17:43:45'),(1281,'admin','192.168.0.16','内网IP','Chrome 8','Windows 10','0','退出成功','2023-05-25 17:46:40'),(1282,'lisi','192.168.0.16','内网IP','Chrome 8','Windows 10','0','登录成功','2023-05-25 17:46:47'),(1283,'lisi','192.168.0.16','内网IP','Chrome 8','Windows 10','0','退出成功','2023-05-25 17:49:57'),(1284,'admin','192.168.0.16','内网IP','Chrome 8','Windows 10','0','登录成功','2023-05-25 17:50:31'),(1285,'admin','127.0.0.1','内网IP','Chrome 11','Windows 10','0','登录成功','2023-05-25 18:37:32'),(1286,'admin','127.0.0.1','内网IP','Chrome 11','Windows 10','0','登录成功','2023-05-26 09:44:47'),(1287,'admin','127.0.0.1','内网IP','Chrome 11','Mac OS X','0','登录成功','2023-05-26 09:50:24'),(1288,'admin','127.0.0.1','内网IP','Chrome 11','Windows 10','0','退出成功','2023-05-26 10:45:31'),(1289,'admin','127.0.0.1','内网IP','Chrome 11','Windows 10','0','登录成功','2023-05-26 10:45:33'),(1290,'admin','127.0.0.1','内网IP','Chrome 8','Windows 10','0','登录成功','2023-05-26 13:42:18'),(1291,'admin','127.0.0.1','内网IP','Chrome 8','Windows 10','0','登录成功','2023-05-26 13:47:37'),(1292,'admin','127.0.0.1','内网IP','Chrome 11','Mac OS X','0','登录成功','2023-05-26 14:18:06');
/*!40000 ALTER TABLE `sys_logininfor` ENABLE KEYS */;
UNLOCK TABLES;

--
-- Table structure for table `sys_menu`
--

DROP TABLE IF EXISTS `sys_menu`;
/*!40101 SET @saved_cs_client     = @@character_set_client */;
/*!50503 SET character_set_client = utf8mb4 */;
CREATE TABLE `sys_menu` (
  `menu_id` bigint NOT NULL AUTO_INCREMENT COMMENT '菜单ID',
  `menu_name` varchar(50) CHARACTER SET utf8 COLLATE utf8_general_ci NOT NULL COMMENT '菜单名称',
  `parent_id` bigint DEFAULT '0' COMMENT '父菜单ID',
  `order_num` int DEFAULT '0' COMMENT '显示顺序',
  `path` varchar(200) CHARACTER SET utf8 COLLATE utf8_general_ci DEFAULT '' COMMENT '路由地址',
  `component` varchar(255) CHARACTER SET utf8 COLLATE utf8_general_ci DEFAULT NULL COMMENT '组件路径',
  `query` varchar(255) CHARACTER SET utf8 COLLATE utf8_general_ci DEFAULT NULL COMMENT '路由参数',
  `is_frame` int DEFAULT '1' COMMENT '是否为外链（0是 1否）',
  `is_cache` int DEFAULT '0' COMMENT '是否缓存（0缓存 1不缓存）',
  `menu_type` char(1) CHARACTER SET utf8 COLLATE utf8_general_ci DEFAULT '' COMMENT '菜单类型（M目录 C菜单 F按钮）',
  `visible` char(1) CHARACTER SET utf8 COLLATE utf8_general_ci DEFAULT '0' COMMENT '菜单状态（0显示 1隐藏）',
  `status` char(1) CHARACTER SET utf8 COLLATE utf8_general_ci DEFAULT '0' COMMENT '菜单状态（0正常 1停用）',
  `perms` varchar(100) CHARACTER SET utf8 COLLATE utf8_general_ci DEFAULT NULL COMMENT '权限标识',
  `icon` varchar(100) CHARACTER SET utf8 COLLATE utf8_general_ci DEFAULT '#' COMMENT '菜单图标',
  `create_by` varchar(64) CHARACTER SET utf8 COLLATE utf8_general_ci DEFAULT '' COMMENT '创建者',
  `create_time` datetime DEFAULT NULL COMMENT '创建时间',
  `update_by` varchar(64) CHARACTER SET utf8 COLLATE utf8_general_ci DEFAULT '' COMMENT '更新者',
  `update_time` datetime DEFAULT NULL COMMENT '更新时间',
  `remark` varchar(500) CHARACTER SET utf8 COLLATE utf8_general_ci DEFAULT '' COMMENT '备注',
  PRIMARY KEY (`menu_id`) USING BTREE
) ENGINE=InnoDB AUTO_INCREMENT=2063 DEFAULT CHARSET=utf8mb3 COMMENT='菜单权限表';
/*!40101 SET character_set_client = @saved_cs_client */;

--
-- Dumping data for table `sys_menu`
--

LOCK TABLES `sys_menu` WRITE;
/*!40000 ALTER TABLE `sys_menu` DISABLE KEYS */;
INSERT INTO `sys_menu` VALUES (1,'系统管理',0,7,'system',NULL,'',1,0,'M','0','0','','system','admin','2023-01-05 14:21:37','admin','2023-03-20 14:14:44','系统管理目录'),(2,'系统监控',0,8,'monitor',NULL,'',1,0,'M','0','0','','monitor','admin','2023-01-05 14:21:37','admin','2023-03-20 14:14:57','系统监控目录'),(3,'系统工具',0,9,'tool',NULL,'',1,0,'M','0','1','','tool','admin','2023-01-05 14:21:37','admin','2023-05-18 11:57:05','系统工具目录'),(4,'若依官网',0,10,'http://ruoyi.vip',NULL,'',0,0,'M','0','1','','guide','admin','2023-01-05 14:21:37','admin','2023-01-11 12:20:13','若依官网地址'),(100,'用户管理',1,1,'user','system/user/index','',1,0,'C','0','0','system:user:list','user','admin','2023-01-05 14:21:37','',NULL,'用户管理菜单'),(101,'角色管理',1,2,'role','system/role/index','',1,0,'C','0','0','system:role:list','peoples','admin','2023-01-05 14:21:37','',NULL,'角色管理菜单'),(102,'菜单管理',1,3,'menu','system/menu/index','',1,0,'C','0','0','system:menu:list','tree-table','admin','2023-01-05 14:21:37','',NULL,'菜单管理菜单'),(103,'部门管理',1,4,'dept','system/dept/index','',1,0,'C','0','1','system:dept:list','tree','admin','2023-01-05 14:21:37','admin','2023-05-18 11:53:57','部门管理菜单'),(104,'岗位管理',1,5,'post','system/post/index','',1,0,'C','0','1','system:post:list','post','admin','2023-01-05 14:21:37','admin','2023-05-18 11:54:10','岗位管理菜单'),(105,'字典管理',1,6,'dict','system/dict/index','',1,0,'C','0','0','system:dict:list','dict','admin','2023-01-05 14:21:37','',NULL,'字典管理菜单'),(106,'参数设置',1,7,'config','system/config/index','',1,0,'C','0','1','system:config:list','edit','admin','2023-01-05 14:21:37','admin','2023-05-18 11:54:29','参数设置菜单'),(107,'通知公告',1,8,'notice','system/notice/index','',1,0,'C','0','1','system:notice:list','message','admin','2023-01-05 14:21:37','admin','2023-05-18 11:54:34','通知公告菜单'),(108,'日志管理',1,9,'log','','',1,0,'M','0','0','','log','admin','2023-01-05 14:21:37','',NULL,'日志管理菜单'),(109,'在线用户',2,1,'online','monitor/online/index','',1,0,'C','0','0','monitor:online:list','online','admin','2023-01-05 14:21:37','',NULL,'在线用户菜单'),(110,'定时任务',2,2,'job','monitor/job/index','',1,0,'C','0','1','monitor:job:list','job','admin','2023-01-05 14:21:37','admin','2023-05-18 11:55:22','定时任务菜单'),(111,'数据监控',2,3,'druid','monitor/druid/index','',1,0,'C','0','1','monitor:druid:list','druid','admin','2023-01-05 14:21:37','admin','2023-01-12 10:11:49','数据监控菜单'),(112,'服务监控',2,4,'server','monitor/server/index','',1,0,'C','0','0','monitor:server:list','server','admin','2023-01-05 14:21:37','',NULL,'服务监控菜单'),(113,'缓存监控',2,5,'cache','monitor/cache/index','',1,0,'C','0','1','monitor:cache:list','redis','admin','2023-01-05 14:21:37','admin','2023-05-18 11:55:51','缓存监控菜单'),(114,'缓存列表',2,6,'cacheList','monitor/cache/list','',1,0,'C','0','1','monitor:cache:list','redis-list','admin','2023-01-05 14:21:37','admin','2023-05-18 11:55:53','缓存列表菜单'),(115,'表单构建',3,1,'build','tool/build/index','',1,0,'C','0','0','tool:build:list','build','admin','2023-01-05 14:21:37','',NULL,'表单构建菜单'),(116,'代码生成',3,2,'gen','tool/gen/index','',1,0,'C','0','0','tool:gen:list','code','admin','2023-01-05 14:21:37','',NULL,'代码生成菜单'),(117,'系统接口',3,3,'swagger','tool/swagger/index','',1,0,'C','0','0','tool:swagger:list','swagger','admin','2023-01-05 14:21:37','',NULL,'系统接口菜单'),(500,'操作日志',108,1,'operlog','monitor/operlog/index','',1,0,'C','0','0','monitor:operlog:list','form','admin','2023-01-05 14:21:37','',NULL,'操作日志菜单'),(501,'登录日志',108,2,'logininfor','monitor/logininfor/index','',1,0,'C','0','0','monitor:logininfor:list','logininfor','admin','2023-01-05 14:21:37','',NULL,'登录日志菜单'),(1000,'用户查询',100,1,'','','',1,0,'F','0','0','system:user:query','#','admin','2023-01-05 14:21:37','',NULL,''),(1001,'用户新增',100,2,'','','',1,0,'F','0','0','system:user:add','#','admin','2023-01-05 14:21:37','',NULL,''),(1002,'用户修改',100,3,'','','',1,0,'F','0','0','system:user:edit','#','admin','2023-01-05 14:21:37','',NULL,''),(1003,'用户删除',100,4,'','','',1,0,'F','0','0','system:user:remove','#','admin','2023-01-05 14:21:37','',NULL,''),(1004,'用户导出',100,5,'','','',1,0,'F','0','0','system:user:export','#','admin','2023-01-05 14:21:37','',NULL,''),(1005,'用户导入',100,6,'','','',1,0,'F','0','0','system:user:import','#','admin','2023-01-05 14:21:37','',NULL,''),(1006,'重置密码',100,7,'','','',1,0,'F','0','0','system:user:resetPwd','#','admin','2023-01-05 14:21:37','',NULL,''),(1007,'角色查询',101,1,'','','',1,0,'F','0','0','system:role:query','#','admin','2023-01-05 14:21:37','',NULL,''),(1008,'角色新增',101,2,'','','',1,0,'F','0','0','system:role:add','#','admin','2023-01-05 14:21:37','',NULL,''),(1009,'角色修改',101,3,'','','',1,0,'F','0','0','system:role:edit','#','admin','2023-01-05 14:21:37','',NULL,''),(1010,'角色删除',101,4,'','','',1,0,'F','0','0','system:role:remove','#','admin','2023-01-05 14:21:37','',NULL,''),(1011,'角色导出',101,5,'','','',1,0,'F','0','0','system:role:export','#','admin','2023-01-05 14:21:37','',NULL,''),(1012,'菜单查询',102,1,'','','',1,0,'F','0','0','system:menu:query','#','admin','2023-01-05 14:21:37','',NULL,''),(1013,'菜单新增',102,2,'','','',1,0,'F','0','0','system:menu:add','#','admin','2023-01-05 14:21:37','',NULL,''),(1014,'菜单修改',102,3,'','','',1,0,'F','0','0','system:menu:edit','#','admin','2023-01-05 14:21:37','',NULL,''),(1015,'菜单删除',102,4,'','','',1,0,'F','0','0','system:menu:remove','#','admin','2023-01-05 14:21:37','',NULL,''),(1016,'部门查询',103,1,'','','',1,0,'F','0','0','system:dept:query','#','admin','2023-01-05 14:21:37','',NULL,''),(1017,'部门新增',103,2,'','','',1,0,'F','0','0','system:dept:add','#','admin','2023-01-05 14:21:37','',NULL,''),(1018,'部门修改',103,3,'','','',1,0,'F','0','0','system:dept:edit','#','admin','2023-01-05 14:21:37','',NULL,''),(1019,'部门删除',103,4,'','','',1,0,'F','0','0','system:dept:remove','#','admin','2023-01-05 14:21:37','',NULL,''),(1020,'岗位查询',104,1,'','','',1,0,'F','0','0','system:post:query','#','admin','2023-01-05 14:21:37','',NULL,''),(1021,'岗位新增',104,2,'','','',1,0,'F','0','0','system:post:add','#','admin','2023-01-05 14:21:37','',NULL,''),(1022,'岗位修改',104,3,'','','',1,0,'F','0','0','system:post:edit','#','admin','2023-01-05 14:21:37','',NULL,''),(1023,'岗位删除',104,4,'','','',1,0,'F','0','0','system:post:remove','#','admin','2023-01-05 14:21:37','',NULL,''),(1024,'岗位导出',104,5,'','','',1,0,'F','0','0','system:post:export','#','admin','2023-01-05 14:21:37','',NULL,''),(1025,'字典查询',105,1,'#','','',1,0,'F','0','0','system:dict:query','#','admin','2023-01-05 14:21:37','',NULL,''),(1026,'字典新增',105,2,'#','','',1,0,'F','0','0','system:dict:add','#','admin','2023-01-05 14:21:37','',NULL,''),(1027,'字典修改',105,3,'#','','',1,0,'F','0','0','system:dict:edit','#','admin','2023-01-05 14:21:37','',NULL,''),(1028,'字典删除',105,4,'#','','',1,0,'F','0','0','system:dict:remove','#','admin','2023-01-05 14:21:37','',NULL,''),(1029,'字典导出',105,5,'#','','',1,0,'F','0','0','system:dict:export','#','admin','2023-01-05 14:21:37','',NULL,''),(1030,'参数查询',106,1,'#','','',1,0,'F','0','0','system:config:query','#','admin','2023-01-05 14:21:37','',NULL,''),(1031,'参数新增',106,2,'#','','',1,0,'F','0','0','system:config:add','#','admin','2023-01-05 14:21:37','',NULL,''),(1032,'参数修改',106,3,'#','','',1,0,'F','0','0','system:config:edit','#','admin','2023-01-05 14:21:37','',NULL,''),(1033,'参数删除',106,4,'#','','',1,0,'F','0','0','system:config:remove','#','admin','2023-01-05 14:21:37','',NULL,''),(1034,'参数导出',106,5,'#','','',1,0,'F','0','0','system:config:export','#','admin','2023-01-05 14:21:37','',NULL,''),(1035,'公告查询',107,1,'#','','',1,0,'F','0','0','system:notice:query','#','admin','2023-01-05 14:21:37','',NULL,''),(1036,'公告新增',107,2,'#','','',1,0,'F','0','0','system:notice:add','#','admin','2023-01-05 14:21:37','',NULL,''),(1037,'公告修改',107,3,'#','','',1,0,'F','0','0','system:notice:edit','#','admin','2023-01-05 14:21:37','',NULL,''),(1038,'公告删除',107,4,'#','','',1,0,'F','0','0','system:notice:remove','#','admin','2023-01-05 14:21:37','',NULL,''),(1039,'操作查询',500,1,'#','','',1,0,'F','0','0','monitor:operlog:query','#','admin','2023-01-05 14:21:37','',NULL,''),(1040,'操作删除',500,2,'#','','',1,0,'F','0','0','monitor:operlog:remove','#','admin','2023-01-05 14:21:37','',NULL,''),(1041,'日志导出',500,3,'#','','',1,0,'F','0','0','monitor:operlog:export','#','admin','2023-01-05 14:21:37','',NULL,''),(1042,'登录查询',501,1,'#','','',1,0,'F','0','0','monitor:logininfor:query','#','admin','2023-01-05 14:21:37','',NULL,''),(1043,'登录删除',501,2,'#','','',1,0,'F','0','0','monitor:logininfor:remove','#','admin','2023-01-05 14:21:37','',NULL,''),(1044,'日志导出',501,3,'#','','',1,0,'F','0','0','monitor:logininfor:export','#','admin','2023-01-05 14:21:37','',NULL,''),(1045,'账户解锁',501,4,'#','','',1,0,'F','0','0','monitor:logininfor:unlock','#','admin','2023-01-05 14:21:37','',NULL,''),(1046,'在线查询',109,1,'#','','',1,0,'F','0','0','monitor:online:query','#','admin','2023-01-05 14:21:37','',NULL,''),(1047,'批量强退',109,2,'#','','',1,0,'F','0','0','monitor:online:batchLogout','#','admin','2023-01-05 14:21:37','',NULL,''),(1048,'单条强退',109,3,'#','','',1,0,'F','0','0','monitor:online:forceLogout','#','admin','2023-01-05 14:21:37','',NULL,''),(1049,'任务查询',110,1,'#','','',1,0,'F','0','0','monitor:job:query','#','admin','2023-01-05 14:21:37','',NULL,''),(1050,'任务新增',110,2,'#','','',1,0,'F','0','0','monitor:job:add','#','admin','2023-01-05 14:21:37','',NULL,''),(1051,'任务修改',110,3,'#','','',1,0,'F','0','0','monitor:job:edit','#','admin','2023-01-05 14:21:37','',NULL,''),(1052,'任务删除',110,4,'#','','',1,0,'F','0','0','monitor:job:remove','#','admin','2023-01-05 14:21:37','',NULL,''),(1053,'状态修改',110,5,'#','','',1,0,'F','0','0','monitor:job:changeStatus','#','admin','2023-01-05 14:21:37','',NULL,''),(1054,'任务导出',110,6,'#','','',1,0,'F','0','0','monitor:job:export','#','admin','2023-01-05 14:21:37','',NULL,''),(1055,'生成查询',116,1,'#','','',1,0,'F','0','0','tool:gen:query','#','admin','2023-01-05 14:21:37','',NULL,''),(1056,'生成修改',116,2,'#','','',1,0,'F','0','0','tool:gen:edit','#','admin','2023-01-05 14:21:37','',NULL,''),(1057,'生成删除',116,3,'#','','',1,0,'F','0','0','tool:gen:remove','#','admin','2023-01-05 14:21:37','',NULL,''),(1058,'导入代码',116,4,'#','','',1,0,'F','0','0','tool:gen:import','#','admin','2023-01-05 14:21:37','',NULL,''),(1059,'预览代码',116,5,'#','','',1,0,'F','0','0','tool:gen:preview','#','admin','2023-01-05 14:21:37','',NULL,''),(1060,'生成代码',116,6,'#','','',1,0,'F','0','0','tool:gen:code','#','admin','2023-01-05 14:21:37','',NULL,''),(2000,'项目批次管理',0,1,'szhjg/xmpcgl',NULL,NULL,1,0,'M','0','0','','hetong','admin','2023-01-11 11:57:13','admin','2023-05-19 14:34:35',''),(2001,'项目管理',2000,1,'xmgl','szhjg/xmpcgl/xmgl/index',NULL,1,0,'C','0','0','','0_xiangmu','admin','2023-01-11 12:07:20','admin','2023-05-19 14:36:26',''),(2002,'批次管理',2000,2,'pcgl','szhjg/xmpcgl/pcgl/index',NULL,1,0,'C','0','0','','0_pici','admin','2023-01-12 15:29:26','admin','2023-05-19 14:47:13',''),(2003,'数据加工',0,3,'szhjg/sjjg',NULL,NULL,1,0,'M','0','0','','yinshua','admin','2023-01-28 16:48:46','admin','2023-02-13 14:26:05',''),(2004,'添加任务',2003,1,'tjrw','szhjg/sjjg/tjrw/index',NULL,1,0,'C','0','0','','0_addrenwu','admin','2023-01-28 16:50:56','admin','2023-05-19 14:51:13',''),(2005,'分件',2003,2,'fjrw','szhjg/sjjg/fjrw/index',NULL,1,0,'C','0','0','','0_fenjian','admin','2023-01-29 15:23:52','admin','2023-05-19 14:53:05',''),(2006,'目录著录',2003,7,'mlzl','szhjg/sjjg/mlzl/index',NULL,1,0,'C','0','0','','0_zhulu','admin','2023-01-29 15:46:34','admin','2023-05-19 14:59:19',''),(2007,'数据质检',2003,8,'sjzj','szhjg/sjjg/sjzj/index',NULL,1,0,'C','0','0','','0_zhijian2','admin','2023-01-31 15:53:37','admin','2023-05-19 15:00:11',''),(2008,'任务管理',0,2,'szhjg/rwgl',NULL,NULL,1,0,'M','0','0','','renwu','admin','2023-02-02 13:54:23','admin','2023-05-19 14:02:34',''),(2009,'任务管理',2008,1,'rwgl','szhjg/rwgl/rwgl/index',NULL,1,0,'C','0','0','','0_renwu','admin','2023-02-02 13:55:13','admin','2023-05-19 14:49:24',''),(2010,'图像扫描',2003,3,'txsm','szhjg/sjjg/txsm/index',NULL,1,0,'C','0','0','','0_saomiao','admin','2023-02-03 14:17:50','admin','2023-05-19 14:54:03',''),(2011,'图像处理',2003,4,'txcl','szhjg/sjjg/txcl/index',NULL,1,0,'C','0','0','','0_chuli','admin','2023-02-03 14:18:53','admin','2023-05-19 14:54:51',''),(2012,'图像质检',2003,5,'txzj','szhjg/sjjg/txzj/index',NULL,1,0,'C','0','0','','0_zhijian','admin','2023-02-03 14:20:44','admin','2023-05-19 14:55:42',''),(2013,'图像质检处理',2003,6,'txzjhcl','szhjg/sjjg/txzjhcl/index',NULL,1,0,'C','0','0','','0_chuli2','admin','2023-02-03 14:21:14','admin','2023-05-19 14:57:55',''),(2014,'业务管理',0,6,'szhjg/ywgl',NULL,NULL,1,0,'M','0','0','','laodonghetong','admin','2023-02-03 17:01:17','admin','2023-03-20 14:14:35',''),(2015,'档案类型管理',2014,1,'dalxgl','szhjg/ywgl/dalxgl/index',NULL,1,0,'C','0','0','','0_dangan','admin','2023-02-03 17:02:23','admin','2023-05-19 15:04:50',''),(2016,'工序环节管理',2014,5,'gxhjgl','szhjg/ywgl/gxhjgl/index',NULL,1,0,'C','0','1','','#','admin','2023-02-03 17:02:58','admin','2023-05-18 16:29:45',''),(2017,'统计查询',0,5,'szhjg/tongji',NULL,NULL,1,0,'M','0','0','','search','admin','2023-02-09 17:18:47','admin','2023-03-20 14:14:17',''),(2018,'个人工作统计',2017,1,'grgzltj','szhjg/tongji/grgzltj/index',NULL,1,0,'C','0','0','','#','admin','2023-02-09 17:20:35','admin','2023-02-09 17:32:52',''),(2019,'工作量统计',2017,2,'gzltj','szhjg/tongji/gzltj/index',NULL,1,0,'C','0','0',NULL,'#','admin','2023-02-09 17:21:32','',NULL,''),(2020,'批次产量统计',2017,3,'pccltj','szhjg/tongji/pccltj/index',NULL,1,0,'C','0','0',NULL,'#','admin','2023-02-09 17:22:23','',NULL,''),(2021,'抽检',0,4,'szhjg/check',NULL,NULL,1,0,'M','0','0',NULL,'log','admin','2023-03-20 11:39:46','',NULL,''),(2022,'抽检任务生成',2021,1,'spotCheckTask','szhjg/check/spotCheckTask/index',NULL,1,0,'C','0','0','','0_choujian','admin','2023-03-20 11:42:34','admin','2023-05-19 15:14:46',''),(2023,'抽检',2021,2,'spotCheck','szhjg/check/spotCheck/index',NULL,1,0,'C','0','0','','0_choujian2','admin','2023-03-20 11:43:20','admin','2023-05-19 15:14:52',''),(2024,'元数据管理',2014,2,'setfield/metadata','szhjg/ywgl/setfield/metadata/index',NULL,1,0,'C','0','0','','0_yuanshuju','admin','2023-04-13 10:58:02','admin','2023-05-19 15:06:00',''),(2025,'数据字段管理',2014,3,'setfield/template','szhjg/ywgl/setfield/template/index',NULL,1,0,'C','0','0','','0_ziduan','admin','2023-04-13 12:03:12','admin','2023-05-19 15:07:09',''),(2026,'字段选择维护',2014,4,'setfield/xmaintenance','szhjg/ywgl/setfield/xmaintenance/index',NULL,1,0,'C','0','0','','0_ziduan2','admin','2023-04-25 18:26:48','admin','2023-05-19 15:07:50',''),(2027,'搜索',2002,1,'',NULL,NULL,1,0,'F','0','0','szhjg:xmpcgl:pcgl:search','#','admin','2023-05-11 15:15:50','',NULL,''),(2028,'批次新增',2002,2,'',NULL,NULL,1,0,'F','0','0','szhjg:xmpcgl:pcgl:addBatch','#','admin','2023-05-11 15:16:24','admin','2023-05-11 15:17:20',''),(2029,'批次修改',2002,3,'',NULL,NULL,1,0,'F','0','0','szhjg:xmpcgl:pcgl:updataBatch','#','admin','2023-05-11 15:17:11','',NULL,''),(2030,'批次删除',2002,4,'',NULL,NULL,1,0,'F','0','0','szhjg:xmpcgl:pcgl:deleteBatch','#','admin','2023-05-11 15:17:44','',NULL,''),(2031,'批次完成',2002,5,'',NULL,NULL,1,0,'F','0','0','szhjg:xmpcgl:pcgl:complete','#','admin','2023-05-11 15:18:11','',NULL,''),(2032,'任务新增',2002,6,'',NULL,NULL,1,0,'F','0','0','szhjg:xmpcgl:pcgl:addTask','#','admin','2023-05-11 15:28:33','',NULL,''),(2033,'任务修改',2002,7,'',NULL,NULL,1,0,'F','0','0','szhjg:xmpcgl:pcgl:updataTask','#','admin','2023-05-11 15:29:08','',NULL,''),(2034,'任务删除',2002,8,'',NULL,NULL,1,0,'F','0','0','szhjg:xmpcgl:pcgl:deleteTask','#','admin','2023-05-11 15:29:31','',NULL,''),(2035,'搜索',2009,1,'',NULL,NULL,1,0,'F','0','0','szhjg:rwgl:rwgl:search','#','admin','2023-05-11 15:31:18','',NULL,''),(2036,'新增',2009,2,'',NULL,NULL,1,0,'F','0','0','szhjg:rwgl:rwgl:add','#','admin','2023-05-11 15:31:53','',NULL,''),(2037,'修改',2009,3,'',NULL,NULL,1,0,'F','0','0','szhjg:rwgl:rwgl:updata','#','admin','2023-05-11 15:32:17','admin','2023-05-11 15:32:38',''),(2038,'删除',2009,4,'',NULL,NULL,1,0,'F','0','0','szhjg:rwgl:rwgl:delete','#','admin','2023-05-11 15:33:04','',NULL,''),(2040,'任务导入',2009,6,'',NULL,NULL,1,0,'F','0','0','szhjg:rwgl:rwgl:taskImport','#','admin','2023-05-11 15:34:17','',NULL,''),(2041,'释放当前用户',2009,7,'',NULL,NULL,1,0,'F','0','0','szhjg:rwgl:rwgl:release','#','admin','2023-05-11 15:34:42','',NULL,''),(2042,'搜索',2004,1,'',NULL,NULL,1,0,'F','0','0','szhjg:sjjg:tjrw:search','#','admin','2023-05-11 15:35:39','',NULL,''),(2043,'任务新增',2004,2,'',NULL,NULL,1,0,'F','0','0','szhjg:sjjg:tjrw:addTask','#','admin','2023-05-11 15:36:33','',NULL,''),(2044,'任务修改',2004,3,'',NULL,NULL,1,0,'F','0','0','szhjg:sjjg:tjrw:updataTask','#','admin','2023-05-11 15:37:00','',NULL,''),(2045,'任务删除',2004,4,'',NULL,NULL,1,0,'F','0','0','szhjg:sjjg:tjrw:deleteTask','#','admin','2023-05-11 15:37:25','',NULL,''),(2046,'分件',2004,6,'',NULL,NULL,1,0,'F','0','0','szhjg:sjjg:tjrw:subdivision','#','admin','2023-05-11 15:38:31','admin','2023-05-11 15:43:55',''),(2047,'加页',2004,7,'',NULL,NULL,1,0,'F','0','0','szhjg:sjjg:tjrw:addPage','#','admin','2023-05-11 15:38:53','admin','2023-05-11 15:44:54',''),(2048,'减页',2004,8,'',NULL,NULL,1,0,'F','0','0','szhjg:sjjg:tjrw:minusPage','#','admin','2023-05-11 15:39:31','admin','2023-05-11 15:44:29',''),(2049,'拆件',2004,9,'',NULL,NULL,1,0,'F','0','0','szhjg:sjjg:tjrw:split','#','admin','2023-05-11 15:40:20','admin','2023-05-11 15:44:24',''),(2050,'合件',2004,10,'',NULL,NULL,1,0,'F','0','0','szhjg:sjjg:tjrw:assembly','#','admin','2023-05-11 15:41:03','admin','2023-05-11 15:44:18',''),(2051,'清空文件',2004,11,'',NULL,NULL,1,0,'F','0','0','szhjg:sjjg:tjrw:clear','#','admin','2023-05-11 15:41:37','admin','2023-05-11 15:44:11',''),(2052,'展开/折叠',2004,12,'',NULL,NULL,1,0,'F','0','0','szhjg:sjjg:tjrw:toggle','#','admin','2023-05-11 15:42:13','admin','2023-05-11 15:44:04',''),(2053,'搜索',2005,1,'',NULL,NULL,1,0,'F','0','0','szhjg:sjjg:fjrw:search','#','admin','2023-05-11 15:42:51','',NULL,''),(2054,'任务提交',2004,5,'',NULL,NULL,1,0,'F','0','0','szhjg:sjjg:tjrw:taskSub','#','admin','2023-05-11 15:43:47','',NULL,''),(2055,'任务提交',2005,2,'',NULL,NULL,1,0,'F','0','0','szhjg:sjjg:fjrw:taskSub','#','admin','2023-05-11 15:45:51','',NULL,''),(2056,'分件',2005,3,'',NULL,NULL,1,0,'F','0','0','szhjg:sjjg:fjrw:subdivision','#','admin','2023-05-11 15:46:18','',NULL,''),(2057,'加页',2005,4,'',NULL,NULL,1,0,'F','0','0','szhjg:sjjg:fjrw:addPage','#','admin','2023-05-11 15:46:50','admin','2023-05-11 15:48:29',''),(2058,'减页',2005,5,'',NULL,NULL,1,0,'F','0','0','szhjg:sjjg:fjrw:minusPage','#','admin','2023-05-11 15:48:48','',NULL,''),(2059,'拆件',2005,6,'',NULL,NULL,1,0,'F','0','0','szhjg:sjjg:fjrw:split','#','admin','2023-05-11 15:49:23','',NULL,''),(2060,'合件',2005,7,'',NULL,NULL,1,0,'F','0','0','szhjg:sjjg:fjrw:assembly','#','admin','2023-05-11 15:49:49','',NULL,''),(2061,'清空文件',2005,8,'',NULL,NULL,1,0,'F','0','0','szhjg:sjjg:fjrw:clear','#','admin','2023-05-11 15:50:17','',NULL,''),(2062,'展开/折叠',2005,9,'',NULL,NULL,1,0,'F','0','0','szhjg:sjjg:fjrw:toggle','#','admin','2023-05-11 15:50:46','',NULL,'');
/*!40000 ALTER TABLE `sys_menu` ENABLE KEYS */;
UNLOCK TABLES;

--
-- Table structure for table `sys_notice`
--

DROP TABLE IF EXISTS `sys_notice`;
/*!40101 SET @saved_cs_client     = @@character_set_client */;
/*!50503 SET character_set_client = utf8mb4 */;
CREATE TABLE `sys_notice` (
  `notice_id` int NOT NULL AUTO_INCREMENT COMMENT '公告ID',
  `notice_title` varchar(50) CHARACTER SET utf8 COLLATE utf8_general_ci NOT NULL COMMENT '公告标题',
  `notice_type` char(1) CHARACTER SET utf8 COLLATE utf8_general_ci NOT NULL COMMENT '公告类型（1通知 2公告）',
  `notice_content` longblob COMMENT '公告内容',
  `status` char(1) CHARACTER SET utf8 COLLATE utf8_general_ci DEFAULT '0' COMMENT '公告状态（0正常 1关闭）',
  `create_by` varchar(64) CHARACTER SET utf8 COLLATE utf8_general_ci DEFAULT '' COMMENT '创建者',
  `create_time` datetime DEFAULT NULL COMMENT '创建时间',
  `update_by` varchar(64) CHARACTER SET utf8 COLLATE utf8_general_ci DEFAULT '' COMMENT '更新者',
  `update_time` datetime DEFAULT NULL COMMENT '更新时间',
  `remark` varchar(255) CHARACTER SET utf8 COLLATE utf8_general_ci DEFAULT NULL COMMENT '备注',
  PRIMARY KEY (`notice_id`) USING BTREE
) ENGINE=InnoDB AUTO_INCREMENT=3 DEFAULT CHARSET=utf8mb3 COMMENT='通知公告表';
/*!40101 SET character_set_client = @saved_cs_client */;

--
-- Dumping data for table `sys_notice`
--

LOCK TABLES `sys_notice` WRITE;
/*!40000 ALTER TABLE `sys_notice` DISABLE KEYS */;
INSERT INTO `sys_notice` VALUES (1,'温馨提醒：2018-07-01 若依新版本发布啦','2',_binary '新版本内容','0','admin','2023-01-05 14:21:38','',NULL,'管理员'),(2,'维护通知：2018-07-01 若依系统凌晨维护','1',_binary '维护内容','0','admin','2023-01-05 14:21:38','',NULL,'管理员');
/*!40000 ALTER TABLE `sys_notice` ENABLE KEYS */;
UNLOCK TABLES;

--
-- Table structure for table `sys_oper_log`
--

DROP TABLE IF EXISTS `sys_oper_log`;
/*!40101 SET @saved_cs_client     = @@character_set_client */;
/*!50503 SET character_set_client = utf8mb4 */;
CREATE TABLE `sys_oper_log` (
  `oper_id` bigint NOT NULL AUTO_INCREMENT COMMENT '日志主键',
  `title` varchar(50) CHARACTER SET utf8 COLLATE utf8_general_ci DEFAULT '' COMMENT '模块标题',
  `business_type` int DEFAULT '0' COMMENT '业务类型（0其它 1新增 2修改 3删除）',
  `method` varchar(100) CHARACTER SET utf8 COLLATE utf8_general_ci DEFAULT '' COMMENT '方法名称',
  `request_method` varchar(10) CHARACTER SET utf8 COLLATE utf8_general_ci DEFAULT '' COMMENT '请求方式',
  `operator_type` int DEFAULT '0' COMMENT '操作类别（0其它 1后台用户 2手机端用户）',
  `oper_name` varchar(50) CHARACTER SET utf8 COLLATE utf8_general_ci DEFAULT '' COMMENT '操作人员',
  `dept_name` varchar(50) CHARACTER SET utf8 COLLATE utf8_general_ci DEFAULT '' COMMENT '部门名称',
  `oper_url` varchar(255) CHARACTER SET utf8 COLLATE utf8_general_ci DEFAULT '' COMMENT '请求URL',
  `oper_ip` varchar(128) CHARACTER SET utf8 COLLATE utf8_general_ci DEFAULT '' COMMENT '主机地址',
  `oper_location` varchar(255) CHARACTER SET utf8 COLLATE utf8_general_ci DEFAULT '' COMMENT '操作地点',
  `oper_param` varchar(2000) CHARACTER SET utf8 COLLATE utf8_general_ci DEFAULT '' COMMENT '请求参数',
  `json_result` varchar(2000) CHARACTER SET utf8 COLLATE utf8_general_ci DEFAULT '' COMMENT '返回参数',
  `status` int DEFAULT '0' COMMENT '操作状态（0正常 1异常）',
  `error_msg` varchar(2000) CHARACTER SET utf8 COLLATE utf8_general_ci DEFAULT '' COMMENT '错误消息',
  `oper_time` datetime DEFAULT NULL COMMENT '操作时间',
  PRIMARY KEY (`oper_id`) USING BTREE
) ENGINE=InnoDB AUTO_INCREMENT=422 DEFAULT CHARSET=utf8mb3 COMMENT='操作日志记录';
/*!40101 SET character_set_client = @saved_cs_client */;

--
-- Dumping data for table `sys_oper_log`
--

LOCK TABLES `sys_oper_log` WRITE;
/*!40000 ALTER TABLE `sys_oper_log` DISABLE KEYS */;
INSERT INTO `sys_oper_log` VALUES (100,'菜单管理',2,'com.fudian.web.controller.system.SysMenuController.edit()','PUT',1,'admin',NULL,'/system/menu','127.0.0.1','内网IP','{\"children\":[],\"createTime\":\"2023-01-05 14:21:37\",\"icon\":\"guide\",\"isCache\":\"0\",\"isFrame\":\"0\",\"menuId\":4,\"menuName\":\"若依官网\",\"menuType\":\"M\",\"orderNum\":4,\"params\":{},\"parentId\":0,\"path\":\"http://ruoyi.vip\",\"perms\":\"\",\"query\":\"\",\"status\":\"1\",\"updateBy\":\"admin\",\"visible\":\"0\"}','{\"msg\":\"操作成功\",\"code\":200}',0,NULL,'2023-01-10 11:00:45'),(101,'用户管理',2,'com.fudian.web.controller.system.SysUserController.edit()','PUT',1,'admin',NULL,'/system/user','127.0.0.1','内网IP','{\"admin\":false,\"avatar\":\"\",\"createBy\":\"admin\",\"createTime\":\"2023-01-05 14:21:37\",\"delFlag\":\"0\",\"dept\":{\"ancestors\":\"0,100,101\",\"children\":[],\"deptId\":105,\"deptName\":\"测试部门\",\"leader\":\"若依\",\"orderNum\":3,\"params\":{},\"parentId\":101,\"status\":\"0\"},\"deptId\":105,\"email\":\"ry@qq.com\",\"loginDate\":\"2023-01-05 14:21:37\",\"loginIp\":\"127.0.0.1\",\"nickName\":\"若依\",\"params\":{},\"phonenumber\":\"15666666666\",\"postIds\":[2],\"remark\":\"测试员\",\"roleIds\":[2],\"roles\":[{\"admin\":false,\"dataScope\":\"2\",\"deptCheckStrictly\":false,\"flag\":false,\"menuCheckStrictly\":false,\"params\":{},\"roleId\":2,\"roleKey\":\"common\",\"roleName\":\"普通角色\",\"roleSort\":2,\"status\":\"0\"}],\"sex\":\"1\",\"status\":\"0\",\"updateBy\":\"admin\",\"userId\":2,\"userName\":\"ry\"}','{\"msg\":\"操作成功\",\"code\":200}',0,NULL,'2023-01-10 16:01:50'),(102,'参数管理',2,'com.fudian.web.controller.system.SysConfigController.edit()','PUT',1,'admin',NULL,'/system/config','127.0.0.1','内网IP','{\"configId\":4,\"configKey\":\"sys.account.captchaEnabled\",\"configName\":\"账号自助-验证码开关\",\"configType\":\"Y\",\"configValue\":\"false\",\"createBy\":\"admin\",\"createTime\":\"2023-01-05 14:21:37\",\"params\":{},\"remark\":\"是否开启验证码功能（true开启，false关闭）\",\"updateBy\":\"admin\"}','{\"msg\":\"操作成功\",\"code\":200}',0,NULL,'2023-01-10 16:27:59'),(103,'参数管理',2,'com.fudian.web.controller.system.SysConfigController.edit()','PUT',1,'admin',NULL,'/system/config','127.0.0.1','内网IP','{\"configId\":4,\"configKey\":\"sys.account.captchaEnabled\",\"configName\":\"账号自助-验证码开关\",\"configType\":\"Y\",\"configValue\":\"false\",\"createBy\":\"admin\",\"createTime\":\"2023-01-05 14:21:37\",\"params\":{},\"remark\":\"是否开启验证码功能（true开启，false关闭）\",\"updateBy\":\"admin\",\"updateTime\":\"2023-01-10 16:27:59\"}','{\"msg\":\"操作成功\",\"code\":200}',0,NULL,'2023-01-10 16:28:06'),(104,'用户管理',1,'com.fudian.web.controller.system.SysUserController.add()','POST',1,'admin',NULL,'/system/user','127.0.0.1','内网IP','{\"admin\":false,\"createBy\":\"admin\",\"deptId\":100,\"nickName\":\"xiaruibo\",\"params\":{},\"phonenumber\":\"18311156739\",\"postIds\":[1],\"roleIds\":[2],\"sex\":\"0\",\"status\":\"0\",\"userId\":100,\"userName\":\"夏睿博\"}','{\"msg\":\"操作成功\",\"code\":200}',0,NULL,'2023-01-10 18:27:49'),(105,'用户管理',2,'com.fudian.web.controller.system.SysUserController.changeStatus()','PUT',1,'admin',NULL,'/system/user/changeStatus','127.0.0.1','内网IP','{\"admin\":false,\"params\":{},\"status\":\"1\",\"updateBy\":\"admin\",\"userId\":100}','{\"msg\":\"操作成功\",\"code\":200}',0,NULL,'2023-01-10 18:27:55'),(106,'用户管理',2,'com.fudian.web.controller.system.SysUserController.changeStatus()','PUT',1,'admin',NULL,'/system/user/changeStatus','127.0.0.1','内网IP','{\"admin\":false,\"params\":{},\"status\":\"0\",\"updateBy\":\"admin\",\"userId\":100}','{\"msg\":\"操作成功\",\"code\":200}',0,NULL,'2023-01-10 18:27:58'),(107,'菜单管理',1,'com.fudian.web.controller.system.SysMenuController.add()','POST',1,'admin',NULL,'/system/menu','127.0.0.1','内网IP','{\"children\":[],\"createBy\":\"admin\",\"isCache\":\"0\",\"isFrame\":\"1\",\"menuName\":\"项目批次管理\",\"menuType\":\"M\",\"orderNum\":1,\"params\":{},\"parentId\":0,\"path\":\"szhjg\",\"status\":\"0\",\"visible\":\"0\"}','{\"msg\":\"操作成功\",\"code\":200}',0,NULL,'2023-01-11 11:57:13'),(108,'菜单管理',2,'com.fudian.web.controller.system.SysMenuController.edit()','PUT',1,'admin',NULL,'/system/menu','127.0.0.1','内网IP','{\"children\":[],\"createTime\":\"2023-01-05 14:21:37\",\"icon\":\"system\",\"isCache\":\"0\",\"isFrame\":\"1\",\"menuId\":1,\"menuName\":\"系统管理\",\"menuType\":\"M\",\"orderNum\":6,\"params\":{},\"parentId\":0,\"path\":\"system\",\"perms\":\"\",\"query\":\"\",\"status\":\"0\",\"updateBy\":\"admin\",\"visible\":\"0\"}','{\"msg\":\"操作成功\",\"code\":200}',0,NULL,'2023-01-11 11:57:35'),(109,'菜单管理',2,'com.fudian.web.controller.system.SysMenuController.edit()','PUT',1,'admin',NULL,'/system/menu','127.0.0.1','内网IP','{\"children\":[],\"createTime\":\"2023-01-05 14:21:37\",\"icon\":\"monitor\",\"isCache\":\"0\",\"isFrame\":\"1\",\"menuId\":2,\"menuName\":\"系统监控\",\"menuType\":\"M\",\"orderNum\":7,\"params\":{},\"parentId\":0,\"path\":\"monitor\",\"perms\":\"\",\"query\":\"\",\"status\":\"0\",\"updateBy\":\"admin\",\"visible\":\"0\"}','{\"msg\":\"操作成功\",\"code\":200}',0,NULL,'2023-01-11 11:57:42'),(110,'菜单管理',2,'com.fudian.web.controller.system.SysMenuController.edit()','PUT',1,'admin',NULL,'/system/menu','127.0.0.1','内网IP','{\"children\":[],\"createTime\":\"2023-01-05 14:21:37\",\"icon\":\"tool\",\"isCache\":\"0\",\"isFrame\":\"1\",\"menuId\":3,\"menuName\":\"系统工具\",\"menuType\":\"M\",\"orderNum\":8,\"params\":{},\"parentId\":0,\"path\":\"tool\",\"perms\":\"\",\"query\":\"\",\"status\":\"0\",\"updateBy\":\"admin\",\"visible\":\"0\"}','{\"msg\":\"操作成功\",\"code\":200}',0,NULL,'2023-01-11 11:57:50'),(111,'菜单管理',2,'com.fudian.web.controller.system.SysMenuController.edit()','PUT',1,'admin',NULL,'/system/menu','127.0.0.1','内网IP','{\"children\":[],\"createTime\":\"2023-01-05 14:21:37\",\"icon\":\"guide\",\"isCache\":\"0\",\"isFrame\":\"0\",\"menuId\":4,\"menuName\":\"若依官网\",\"menuType\":\"M\",\"orderNum\":9,\"params\":{},\"parentId\":0,\"path\":\"http://ruoyi.vip\",\"perms\":\"\",\"query\":\"\",\"status\":\"1\",\"updateBy\":\"admin\",\"visible\":\"0\"}','{\"msg\":\"操作成功\",\"code\":200}',0,NULL,'2023-01-11 11:57:57'),(112,'菜单管理',1,'com.fudian.web.controller.system.SysMenuController.add()','POST',1,'admin',NULL,'/system/menu','127.0.0.1','内网IP','{\"children\":[],\"component\":\"szhjg/xmpcgl/xmgl/index\",\"createBy\":\"admin\",\"isCache\":\"0\",\"isFrame\":\"1\",\"menuName\":\"项目管理\",\"menuType\":\"C\",\"orderNum\":1,\"params\":{},\"parentId\":2000,\"path\":\"xmgl\",\"status\":\"0\",\"visible\":\"0\"}','{\"msg\":\"操作成功\",\"code\":200}',0,NULL,'2023-01-11 12:07:20'),(113,'菜单管理',2,'com.fudian.web.controller.system.SysMenuController.edit()','PUT',1,'admin',NULL,'/system/menu','127.0.0.1','内网IP','{\"children\":[],\"component\":\"szhjg/xmpcgl/xmgl/index\",\"createTime\":\"2023-01-11 12:07:20\",\"icon\":\"#\",\"isCache\":\"0\",\"isFrame\":\"1\",\"menuId\":2001,\"menuName\":\"项目管理\",\"menuType\":\"C\",\"orderNum\":1,\"params\":{},\"parentId\":2000,\"path\":\"xmgl\",\"perms\":\"\",\"status\":\"0\",\"updateBy\":\"admin\",\"visible\":\"0\"}','{\"msg\":\"操作成功\",\"code\":200}',0,NULL,'2023-01-11 12:10:10'),(114,'菜单管理',2,'com.fudian.web.controller.system.SysMenuController.edit()','PUT',1,'admin',NULL,'/system/menu','127.0.0.1','内网IP','{\"children\":[],\"createTime\":\"2023-01-05 14:21:37\",\"icon\":\"guide\",\"isCache\":\"0\",\"isFrame\":\"0\",\"menuId\":4,\"menuName\":\"若依官网\",\"menuType\":\"M\",\"orderNum\":10,\"params\":{},\"parentId\":0,\"path\":\"http://ruoyi.vip\",\"perms\":\"\",\"query\":\"\",\"status\":\"1\",\"updateBy\":\"admin\",\"visible\":\"0\"}','{\"msg\":\"操作成功\",\"code\":200}',0,NULL,'2023-01-11 12:20:13'),(115,'用户管理',2,'com.fudian.web.controller.system.SysUserController.edit()','PUT',1,'admin',NULL,'/system/user','127.0.0.1','内网IP','{\"admin\":false,\"avatar\":\"\",\"createBy\":\"admin\",\"createTime\":\"2023-01-10 18:27:49\",\"delFlag\":\"0\",\"dept\":{\"ancestors\":\"0\",\"children\":[],\"deptId\":100,\"deptName\":\"若依科技\",\"leader\":\"若依\",\"orderNum\":0,\"params\":{},\"parentId\":0,\"status\":\"0\"},\"deptId\":100,\"email\":\"\",\"loginIp\":\"\",\"nickName\":\"xiaruibo\",\"params\":{},\"phonenumber\":\"18311156739\",\"postIds\":[1],\"roleIds\":[2],\"roles\":[{\"admin\":false,\"dataScope\":\"2\",\"deptCheckStrictly\":false,\"flag\":false,\"menuCheckStrictly\":false,\"params\":{},\"roleId\":2,\"roleKey\":\"common\",\"roleName\":\"普通角色\",\"roleSort\":2,\"status\":\"0\"}],\"sex\":\"0\",\"status\":\"0\",\"updateBy\":\"admin\",\"userId\":100,\"userName\":\"夏睿博\"}','{\"msg\":\"操作成功\",\"code\":200}',0,NULL,'2023-01-11 14:01:35'),(116,'菜单管理',2,'com.fudian.web.controller.system.SysMenuController.edit()','PUT',1,'admin',NULL,'/system/menu','127.0.0.1','内网IP','{\"children\":[],\"createTime\":\"2023-01-11 11:57:13\",\"icon\":\"dict\",\"isCache\":\"0\",\"isFrame\":\"1\",\"menuId\":2000,\"menuName\":\"项目批次管理\",\"menuType\":\"M\",\"orderNum\":1,\"params\":{},\"parentId\":0,\"path\":\"szhjg\",\"perms\":\"\",\"status\":\"0\",\"updateBy\":\"admin\",\"visible\":\"0\"}','{\"msg\":\"操作成功\",\"code\":200}',0,NULL,'2023-01-12 09:54:17'),(117,'菜单管理',2,'com.fudian.web.controller.system.SysMenuController.edit()','PUT',1,'admin',NULL,'/system/menu','127.0.0.1','内网IP','{\"children\":[],\"component\":\"monitor/druid/index\",\"createTime\":\"2023-01-05 14:21:37\",\"icon\":\"druid\",\"isCache\":\"0\",\"isFrame\":\"1\",\"menuId\":111,\"menuName\":\"数据监控\",\"menuType\":\"C\",\"orderNum\":3,\"params\":{},\"parentId\":2,\"path\":\"druid\",\"perms\":\"monitor:druid:list\",\"query\":\"\",\"status\":\"1\",\"updateBy\":\"admin\",\"visible\":\"0\"}','{\"msg\":\"操作成功\",\"code\":200}',0,NULL,'2023-01-12 10:11:49'),(118,'菜单管理',2,'com.fudian.web.controller.system.SysMenuController.edit()','PUT',1,'admin',NULL,'/system/menu','127.0.0.1','内网IP','{\"children\":[],\"component\":\"monitor/cache/list\",\"createTime\":\"2023-01-05 14:21:37\",\"icon\":\"redis-list\",\"isCache\":\"0\",\"isFrame\":\"1\",\"menuId\":114,\"menuName\":\"缓存列表\",\"menuType\":\"C\",\"orderNum\":6,\"params\":{},\"parentId\":2,\"path\":\"cacheList\",\"perms\":\"monitor:cache:list\",\"query\":\"\",\"status\":\"1\",\"updateBy\":\"admin\",\"visible\":\"0\"}','{\"msg\":\"操作成功\",\"code\":200}',0,NULL,'2023-01-12 10:13:59'),(119,'在线用户',7,'com.fudian.web.controller.monitor.SysUserOnlineController.forceLogout()','DELETE',1,'admin',NULL,'/monitor/online/2868309c-3810-4d3b-ac8e-13513a7c877c','127.0.0.1','内网IP','{}','{\"msg\":\"操作成功\",\"code\":200}',0,NULL,'2023-01-12 10:26:48'),(120,'在线用户',7,'com.fudian.web.controller.monitor.SysUserOnlineController.forceLogout()','DELETE',1,'admin',NULL,'/monitor/online/f88df0c4-76ce-4a9c-aac8-6bb3aaa4fb78','127.0.0.1','内网IP','{}','{\"msg\":\"操作成功\",\"code\":200}',0,NULL,'2023-01-12 10:27:16'),(121,'在线用户',7,'com.fudian.web.controller.monitor.SysUserOnlineController.forceLogout()','DELETE',1,'admin',NULL,'/monitor/online/ca54c152-fe0c-45ec-a263-c4f720282cf2','127.0.0.1','内网IP','{}','{\"msg\":\"操作成功\",\"code\":200}',0,NULL,'2023-01-12 10:28:20'),(122,'在线用户',7,'com.fudian.web.controller.monitor.SysUserOnlineController.forceLogout()','DELETE',1,'admin',NULL,'/monitor/online/b70e368d-92ad-4028-ac5a-a9ebdb278943','127.0.0.1','内网IP','{}','{\"msg\":\"操作成功\",\"code\":200}',0,NULL,'2023-01-12 11:22:21'),(123,'在线用户',7,'com.fudian.web.controller.monitor.SysUserOnlineController.forceLogout()','DELETE',1,'admin',NULL,'/monitor/online/ef0457b2-4bfc-49f2-9107-e9f3d973bb08','127.0.0.1','内网IP','{}','{\"msg\":\"操作成功\",\"code\":200}',0,NULL,'2023-01-12 11:34:14'),(124,'用户管理',3,'com.fudian.web.controller.system.SysUserController.remove()','DELETE',1,'admin',NULL,'/system/user/100','192.168.0.55','内网IP','{}','{\"msg\":\"操作成功\",\"code\":200}',0,NULL,'2023-01-12 12:03:57'),(125,'用户管理',1,'com.fudian.web.controller.system.SysUserController.add()','POST',1,'admin',NULL,'/system/user','192.168.0.55','内网IP','{\"admin\":false,\"createBy\":\"admin\",\"deptId\":100,\"nickName\":\"夏睿博\",\"params\":{},\"phonenumber\":\"18311156739\",\"postIds\":[],\"roleIds\":[],\"sex\":\"0\",\"status\":\"0\",\"userId\":101,\"userName\":\"xiaruibo\"}','{\"msg\":\"操作成功\",\"code\":200}',0,NULL,'2023-01-12 12:04:29'),(126,'用户管理',2,'com.fudian.web.controller.system.SysUserController.edit()','PUT',1,'admin',NULL,'/system/user','192.168.0.55','内网IP','{\"admin\":false,\"avatar\":\"\",\"createBy\":\"admin\",\"createTime\":\"2023-01-12 12:04:29\",\"delFlag\":\"0\",\"dept\":{\"ancestors\":\"0\",\"children\":[],\"deptId\":100,\"deptName\":\"若依科技\",\"leader\":\"若依\",\"orderNum\":0,\"params\":{},\"parentId\":0,\"status\":\"0\"},\"deptId\":100,\"email\":\"\",\"loginDate\":\"2023-01-12 12:05:25\",\"loginIp\":\"192.168.0.55\",\"nickName\":\"夏睿博\",\"params\":{},\"phonenumber\":\"18311156739\",\"postIds\":[],\"roleIds\":[2],\"roles\":[],\"sex\":\"0\",\"status\":\"0\",\"updateBy\":\"admin\",\"userId\":101,\"userName\":\"xiaruibo\"}','{\"msg\":\"操作成功\",\"code\":200}',0,NULL,'2023-01-12 12:05:39'),(127,'用户管理',4,'com.fudian.web.controller.system.SysUserController.insertAuthRole()','PUT',1,'admin',NULL,'/system/user/authRole','192.168.0.55','内网IP','100 [2]','{\"msg\":\"操作成功\",\"code\":200}',0,NULL,'2023-01-12 12:07:22'),(128,'用户管理',2,'com.fudian.web.controller.system.SysUserController.resetPwd()','PUT',1,'admin',NULL,'/system/user/resetPwd','192.168.0.55','内网IP','{\"admin\":false,\"params\":{},\"updateBy\":\"admin\",\"userId\":100}','{\"msg\":\"操作成功\",\"code\":200}',0,NULL,'2023-01-12 12:07:31'),(129,'用户管理',3,'com.fudian.web.controller.system.SysUserController.remove()','DELETE',1,'admin',NULL,'/system/user/100','127.0.0.1','内网IP','{}','{\"msg\":\"操作成功\",\"code\":200}',0,NULL,'2023-01-12 13:58:48'),(130,'用户管理',1,'com.fudian.web.controller.system.SysUserController.add()','POST',1,'admin',NULL,'/system/user','127.0.0.1','内网IP','{\"admin\":false,\"createBy\":\"admin\",\"nickName\":\"刘朋\",\"params\":{},\"phonenumber\":\"15227175837\",\"postIds\":[1],\"remark\":\"测试\",\"roleIds\":[2],\"sex\":\"0\",\"status\":\"0\",\"userId\":102,\"userName\":\"liupeng\"}','{\"msg\":\"操作成功\",\"code\":200}',0,NULL,'2023-01-12 14:00:00'),(131,'用户管理',2,'com.fudian.web.controller.system.SysUserController.resetPwd()','PUT',1,'admin',NULL,'/system/user/resetPwd','127.0.0.1','内网IP','{\"admin\":false,\"params\":{},\"updateBy\":\"admin\",\"userId\":102}','{\"msg\":\"操作成功\",\"code\":200}',0,NULL,'2023-01-12 14:00:48'),(132,'用户管理',3,'com.fudian.web.controller.system.SysUserController.remove()','DELETE',1,'admin',NULL,'/system/user/101','127.0.0.1','内网IP','{}','{\"msg\":\"操作成功\",\"code\":200}',0,NULL,'2023-01-12 14:03:38'),(133,'用户管理',1,'com.fudian.web.controller.system.SysUserController.add()','POST',1,'admin',NULL,'/system/user','127.0.0.1','内网IP','{\"admin\":false,\"createBy\":\"admin\",\"deptId\":100,\"nickName\":\"夏睿博\",\"params\":{},\"phonenumber\":\"18311156739\",\"postIds\":[1],\"roleIds\":[2],\"sex\":\"0\",\"status\":\"0\",\"userId\":103,\"userName\":\"xrb\"}','{\"msg\":\"操作成功\",\"code\":200}',0,NULL,'2023-01-12 14:04:07'),(134,'用户管理',2,'com.fudian.web.controller.system.SysUserController.resetPwd()','PUT',1,'admin',NULL,'/system/user/resetPwd','127.0.0.1','内网IP','{\"admin\":false,\"params\":{},\"updateBy\":\"admin\",\"userId\":103}','{\"msg\":\"操作成功\",\"code\":200}',0,NULL,'2023-01-12 14:06:07'),(135,'用户头像',2,'com.fudian.web.controller.system.SysProfileController.avatar()','POST',1,'liupeng',NULL,'/system/user/profile/avatar','127.0.0.1','内网IP','','{\"msg\":\"操作成功\",\"imgUrl\":\"/profile/avatar/2023/01/12/blob_20230112141028A001.png\",\"code\":200}',0,NULL,'2023-01-12 14:10:28'),(136,'个人信息',2,'com.fudian.web.controller.system.SysProfileController.updateProfile()','PUT',1,'liupeng',NULL,'/system/user/profile','127.0.0.1','内网IP','{\"admin\":false,\"createBy\":\"admin\",\"createTime\":\"2023-01-12 14:00:00\",\"delFlag\":\"0\",\"email\":\"xingkong_0724@163.com\",\"loginDate\":\"2023-01-12 14:05:35\",\"loginIp\":\"127.0.0.1\",\"nickName\":\"刘朋\",\"params\":{},\"phonenumber\":\"15227175837\",\"remark\":\"测试\",\"roles\":[{\"admin\":false,\"dataScope\":\"2\",\"deptCheckStrictly\":false,\"flag\":false,\"menuCheckStrictly\":false,\"params\":{},\"roleId\":2,\"roleKey\":\"common\",\"roleName\":\"普通角色\",\"roleSort\":2,\"status\":\"0\"}],\"sex\":\"0\",\"status\":\"0\",\"userId\":102,\"userName\":\"liupeng\"}','{\"msg\":\"操作成功\",\"code\":200}',0,NULL,'2023-01-12 14:11:12'),(137,'用户管理',2,'com.fudian.web.controller.system.SysUserController.resetPwd()','PUT',1,'admin',NULL,'/system/user/resetPwd','127.0.0.1','内网IP','{\"admin\":false,\"params\":{},\"updateBy\":\"admin\",\"userId\":103}','{\"msg\":\"操作成功\",\"code\":200}',0,NULL,'2023-01-12 14:12:10'),(138,'用户管理',2,'com.fudian.web.controller.system.SysUserController.resetPwd()','PUT',1,'admin',NULL,'/system/user/resetPwd','192.168.0.55','内网IP','{\"admin\":false,\"params\":{},\"updateBy\":\"admin\",\"userId\":103}','{\"msg\":\"操作成功\",\"code\":200}',0,NULL,'2023-01-12 14:26:26'),(139,'用户管理',2,'com.fudian.web.controller.system.SysUserController.resetPwd()','PUT',1,'admin',NULL,'/system/user/resetPwd','127.0.0.1','内网IP','{\"admin\":false,\"params\":{},\"updateBy\":\"admin\",\"userId\":102}','{\"msg\":\"操作成功\",\"code\":200}',0,NULL,'2023-01-12 14:37:52'),(140,'菜单管理',1,'com.fudian.web.controller.system.SysMenuController.add()','POST',1,'admin',NULL,'/system/menu','127.0.0.1','内网IP','{\"children\":[],\"component\":\"szhjg/xmpcgl/pcgl/index.vue\",\"createBy\":\"admin\",\"isCache\":\"0\",\"isFrame\":\"1\",\"menuName\":\"批次管理\",\"menuType\":\"C\",\"orderNum\":2,\"params\":{},\"parentId\":2000,\"path\":\"pcgl\",\"status\":\"0\",\"visible\":\"0\"}','{\"msg\":\"操作成功\",\"code\":200}',0,NULL,'2023-01-12 15:29:26'),(141,'角色管理',2,'com.fudian.web.controller.system.SysRoleController.edit()','PUT',1,'admin',NULL,'/system/role','127.0.0.1','内网IP','{\"admin\":false,\"createTime\":\"2023-01-05 14:21:37\",\"dataScope\":\"2\",\"delFlag\":\"0\",\"deptCheckStrictly\":true,\"flag\":false,\"menuCheckStrictly\":true,\"menuIds\":[1,2,2000,2001,2002,102,1012,1013,1014,1015,108,500,1039,1040,1041,501,1042,1043,1044,1045,109,1046,1047,1048,112,113],\"params\":{},\"remark\":\"普通角色\",\"roleId\":2,\"roleKey\":\"common\",\"roleName\":\"普通角色\",\"roleSort\":2,\"status\":\"0\",\"updateBy\":\"admin\"}','{\"msg\":\"操作成功\",\"code\":200}',0,NULL,'2023-01-12 15:30:41'),(142,'菜单管理',2,'com.fudian.web.controller.system.SysMenuController.edit()','PUT',1,'admin',NULL,'/system/menu','192.168.0.55','内网IP','{\"children\":[],\"component\":\"monitor/cache/list\",\"createTime\":\"2023-01-05 14:21:37\",\"icon\":\"redis-list\",\"isCache\":\"0\",\"isFrame\":\"1\",\"menuId\":114,\"menuName\":\"缓存列表\",\"menuType\":\"C\",\"orderNum\":6,\"params\":{},\"parentId\":2,\"path\":\"cacheList\",\"perms\":\"monitor:cache:list\",\"query\":\"\",\"status\":\"0\",\"updateBy\":\"admin\",\"visible\":\"0\"}','{\"msg\":\"操作成功\",\"code\":200}',0,NULL,'2023-01-12 16:27:25'),(143,'用户管理',1,'com.fudian.web.controller.system.SysUserController.add()','POST',1,'admin',NULL,'/system/user','127.0.0.1','内网IP','{\"admin\":false,\"createBy\":\"admin\",\"deptId\":100,\"nickName\":\"梵蒂冈地方官的\",\"params\":{},\"phonenumber\":\"13111111111\",\"postIds\":[1],\"roleIds\":[2],\"sex\":\"0\",\"status\":\"0\",\"userId\":106,\"userName\":\"夏睿博\"}','{\"msg\":\"操作成功\",\"code\":200}',0,NULL,'2023-01-13 10:13:05'),(144,'用户管理',1,'com.fudian.web.controller.system.SysUserController.add()','POST',1,'admin',NULL,'/system/user','127.0.0.1','内网IP','{\"admin\":false,\"createBy\":\"admin\",\"deptId\":100,\"nickName\":\"梵蒂冈地方官的\",\"params\":{},\"phonenumber\":\"13111111111\",\"postIds\":[1],\"roleIds\":[2],\"sex\":\"0\",\"status\":\"0\",\"userId\":105,\"userName\":\"夏睿博\"}','{\"msg\":\"操作成功\",\"code\":200}',0,NULL,'2023-01-13 10:13:05'),(145,'用户管理',1,'com.fudian.web.controller.system.SysUserController.add()','POST',1,'admin',NULL,'/system/user','127.0.0.1','内网IP','{\"admin\":false,\"createBy\":\"admin\",\"deptId\":100,\"nickName\":\"梵蒂冈地方官的\",\"params\":{},\"phonenumber\":\"13111111111\",\"postIds\":[],\"roleIds\":[2],\"sex\":\"0\",\"status\":\"0\",\"userId\":104,\"userName\":\"夏睿博\"}','{\"msg\":\"操作成功\",\"code\":200}',0,NULL,'2023-01-13 10:13:05'),(146,'用户管理',3,'com.fudian.web.controller.system.SysUserController.remove()','DELETE',1,'admin',NULL,'/system/user/106','127.0.0.1','内网IP','{}','{\"msg\":\"操作成功\",\"code\":200}',0,NULL,'2023-01-13 10:13:15'),(147,'用户管理',3,'com.fudian.web.controller.system.SysUserController.remove()','DELETE',1,'admin',NULL,'/system/user/105','127.0.0.1','内网IP','{}','{\"msg\":\"操作成功\",\"code\":200}',0,NULL,'2023-01-13 10:13:17'),(148,'用户管理',1,'com.fudian.web.controller.system.SysUserController.add()','POST',1,'admin',NULL,'/system/user','127.0.0.1','内网IP','{\"admin\":false,\"deptId\":100,\"nickName\":\"热舞富人的高峰的人格人格\",\"params\":{},\"phonenumber\":\"13111111111\",\"postIds\":[],\"roleIds\":[2],\"sex\":\"0\",\"status\":\"0\",\"userName\":\"夏睿博\"}','{\"msg\":\"新增用户\'夏睿博\'失败，登录账号已存在\",\"code\":500}',0,NULL,'2023-01-13 10:13:50'),(149,'用户管理',1,'com.fudian.web.controller.system.SysUserController.add()','POST',1,'admin',NULL,'/system/user','127.0.0.1','内网IP','{\"admin\":false,\"deptId\":100,\"nickName\":\"热舞富人的高峰的人格人格\",\"params\":{},\"phonenumber\":\"13111111111\",\"postIds\":[1],\"roleIds\":[2],\"sex\":\"0\",\"status\":\"0\",\"userName\":\"夏睿博\"}','{\"msg\":\"新增用户\'夏睿博\'失败，登录账号已存在\",\"code\":500}',0,NULL,'2023-01-13 10:13:53'),(150,'用户管理',1,'com.fudian.web.controller.system.SysUserController.add()','POST',1,'admin',NULL,'/system/user','127.0.0.1','内网IP','{\"admin\":false,\"createBy\":\"admin\",\"deptId\":100,\"nickName\":\"热舞富人的高峰的人格人格\",\"params\":{},\"phonenumber\":\"13111111111\",\"postIds\":[1],\"roleIds\":[2],\"sex\":\"0\",\"status\":\"0\",\"userId\":107,\"userName\":\"夏睿博\"}','{\"msg\":\"操作成功\",\"code\":200}',0,NULL,'2023-01-13 10:14:09'),(151,'用户管理',3,'com.fudian.web.controller.system.SysUserController.remove()','DELETE',1,'admin',NULL,'/system/user/107','127.0.0.1','内网IP','{}','{\"msg\":\"操作成功\",\"code\":200}',0,NULL,'2023-01-13 10:14:19'),(152,'菜单管理',1,'com.fudian.web.controller.system.SysMenuController.add()','POST',1,'admin',NULL,'/system/menu','127.0.0.1','内网IP','{\"children\":[],\"createBy\":\"admin\",\"isCache\":\"0\",\"isFrame\":\"1\",\"menuName\":\"数据加工\",\"menuType\":\"M\",\"orderNum\":2,\"params\":{},\"parentId\":0,\"path\":\"szhjg\",\"status\":\"0\",\"visible\":\"0\"}','{\"msg\":\"操作成功\",\"code\":200}',0,NULL,'2023-01-28 16:48:46'),(153,'菜单管理',1,'com.fudian.web.controller.system.SysMenuController.add()','POST',1,'admin',NULL,'/system/menu','127.0.0.1','内网IP','{\"children\":[],\"component\":\"szhjg/sjjg/tjrw/index\",\"createBy\":\"admin\",\"isCache\":\"0\",\"isFrame\":\"1\",\"menuName\":\"添加任务\",\"menuType\":\"C\",\"orderNum\":1,\"params\":{},\"parentId\":2003,\"path\":\"tjrw\",\"status\":\"0\",\"visible\":\"0\"}','{\"msg\":\"操作成功\",\"code\":200}',0,NULL,'2023-01-28 16:50:56'),(154,'菜单管理',2,'com.fudian.web.controller.system.SysMenuController.edit()','PUT',1,'admin',NULL,'/system/menu','127.0.0.1','内网IP','{\"children\":[],\"component\":\"szhjg/xmpcgl/pcgl/index\",\"createTime\":\"2023-01-12 15:29:26\",\"icon\":\"#\",\"isCache\":\"0\",\"isFrame\":\"1\",\"menuId\":2002,\"menuName\":\"批次管理\",\"menuType\":\"C\",\"orderNum\":2,\"params\":{},\"parentId\":2000,\"path\":\"pcgl\",\"perms\":\"\",\"status\":\"0\",\"updateBy\":\"admin\",\"visible\":\"0\"}','{\"msg\":\"操作成功\",\"code\":200}',0,NULL,'2023-01-28 16:52:34'),(155,'菜单管理',2,'com.fudian.web.controller.system.SysMenuController.edit()','PUT',1,'admin',NULL,'/system/menu','127.0.0.1','内网IP','{\"children\":[],\"createTime\":\"2023-01-11 11:57:13\",\"icon\":\"dict\",\"isCache\":\"0\",\"isFrame\":\"1\",\"menuId\":2000,\"menuName\":\"项目批次管理\",\"menuType\":\"M\",\"orderNum\":1,\"params\":{},\"parentId\":0,\"path\":\"szhjg/xmpcgl\",\"perms\":\"\",\"status\":\"0\",\"updateBy\":\"admin\",\"visible\":\"0\"}','{\"msg\":\"操作成功\",\"code\":200}',0,NULL,'2023-01-28 16:53:18'),(156,'菜单管理',2,'com.fudian.web.controller.system.SysMenuController.edit()','PUT',1,'admin',NULL,'/system/menu','127.0.0.1','内网IP','{\"children\":[],\"createTime\":\"2023-01-11 11:57:13\",\"icon\":\"dict\",\"isCache\":\"0\",\"isFrame\":\"1\",\"menuId\":2000,\"menuName\":\"项目批次管理\",\"menuType\":\"M\",\"orderNum\":1,\"params\":{},\"parentId\":0,\"path\":\"szhjg\",\"perms\":\"\",\"status\":\"0\",\"updateBy\":\"admin\",\"visible\":\"0\"}','{\"msg\":\"操作成功\",\"code\":200}',0,NULL,'2023-01-28 16:53:37'),(157,'菜单管理',2,'com.fudian.web.controller.system.SysMenuController.edit()','PUT',1,'admin',NULL,'/system/menu','127.0.0.1','内网IP','{\"children\":[],\"createTime\":\"2023-01-11 11:57:13\",\"icon\":\"dict\",\"isCache\":\"0\",\"isFrame\":\"1\",\"menuId\":2000,\"menuName\":\"项目批次管理\",\"menuType\":\"M\",\"orderNum\":1,\"params\":{},\"parentId\":0,\"path\":\"xmpcgl\",\"perms\":\"\",\"status\":\"0\",\"updateBy\":\"admin\",\"visible\":\"0\"}','{\"msg\":\"操作成功\",\"code\":200}',0,NULL,'2023-01-28 16:55:44'),(158,'菜单管理',2,'com.fudian.web.controller.system.SysMenuController.edit()','PUT',1,'admin',NULL,'/system/menu','127.0.0.1','内网IP','{\"children\":[],\"createTime\":\"2023-01-11 11:57:13\",\"icon\":\"dict\",\"isCache\":\"0\",\"isFrame\":\"1\",\"menuId\":2000,\"menuName\":\"项目批次管理\",\"menuType\":\"M\",\"orderNum\":1,\"params\":{},\"parentId\":0,\"path\":\"szhjg/xmpcgl\",\"perms\":\"\",\"status\":\"0\",\"updateBy\":\"admin\",\"visible\":\"0\"}','{\"msg\":\"操作成功\",\"code\":200}',0,NULL,'2023-01-28 16:56:22'),(159,'菜单管理',2,'com.fudian.web.controller.system.SysMenuController.edit()','PUT',1,'admin',NULL,'/system/menu','127.0.0.1','内网IP','{\"children\":[],\"createTime\":\"2023-01-28 16:48:46\",\"icon\":\"#\",\"isCache\":\"0\",\"isFrame\":\"1\",\"menuId\":2003,\"menuName\":\"数据加工\",\"menuType\":\"M\",\"orderNum\":2,\"params\":{},\"parentId\":0,\"path\":\"szhjg/sjjg\",\"perms\":\"\",\"status\":\"0\",\"updateBy\":\"admin\",\"visible\":\"0\"}','{\"msg\":\"操作成功\",\"code\":200}',0,NULL,'2023-01-28 16:56:40'),(160,'菜单管理',1,'com.fudian.web.controller.system.SysMenuController.add()','POST',1,'admin',NULL,'/system/menu','127.0.0.1','内网IP','{\"children\":[],\"component\":\"szhjg/sjjg/fjrw/index\",\"createBy\":\"admin\",\"isCache\":\"0\",\"isFrame\":\"1\",\"menuName\":\"分件\",\"menuType\":\"C\",\"orderNum\":2,\"params\":{},\"parentId\":2003,\"path\":\"fjrw\",\"status\":\"0\",\"visible\":\"0\"}','{\"msg\":\"操作成功\",\"code\":200}',0,NULL,'2023-01-29 15:23:52'),(161,'菜单管理',1,'com.fudian.web.controller.system.SysMenuController.add()','POST',1,'admin',NULL,'/system/menu','127.0.0.1','内网IP','{\"children\":[],\"component\":\"szhjg/sjjg/mlzl/index\",\"createBy\":\"admin\",\"isCache\":\"0\",\"isFrame\":\"1\",\"menuName\":\"目录著录\",\"menuType\":\"C\",\"orderNum\":3,\"params\":{},\"parentId\":2003,\"path\":\"mlzl\",\"status\":\"0\",\"visible\":\"0\"}','{\"msg\":\"操作成功\",\"code\":200}',0,NULL,'2023-01-29 15:46:34'),(162,'菜单管理',2,'com.fudian.web.controller.system.SysMenuController.edit()','PUT',1,'admin',NULL,'/system/menu','127.0.0.1','内网IP','{\"children\":[],\"component\":\"szhjg/sjjg/mlzl/index\",\"createTime\":\"2023-01-29 15:46:34\",\"icon\":\"#\",\"isCache\":\"0\",\"isFrame\":\"1\",\"menuId\":2006,\"menuName\":\"目录著录\",\"menuType\":\"C\",\"orderNum\":7,\"params\":{},\"parentId\":2003,\"path\":\"mlzl\",\"perms\":\"\",\"status\":\"0\",\"updateBy\":\"admin\",\"visible\":\"0\"}','{\"msg\":\"操作成功\",\"code\":200}',0,NULL,'2023-01-31 15:52:33'),(163,'菜单管理',1,'com.fudian.web.controller.system.SysMenuController.add()','POST',1,'admin',NULL,'/system/menu','127.0.0.1','内网IP','{\"children\":[],\"component\":\"szhjg/sjjg/sjzj/index\",\"createBy\":\"admin\",\"isCache\":\"0\",\"isFrame\":\"1\",\"menuName\":\"数据质检\",\"menuType\":\"C\",\"orderNum\":8,\"params\":{},\"parentId\":2003,\"path\":\"sjzj\",\"status\":\"0\",\"visible\":\"0\"}','{\"msg\":\"操作成功\",\"code\":200}',0,NULL,'2023-01-31 15:53:37'),(164,'菜单管理',1,'com.fudian.web.controller.system.SysMenuController.add()','POST',1,'admin',NULL,'/system/menu','127.0.0.1','内网IP','{\"children\":[],\"createBy\":\"admin\",\"isCache\":\"0\",\"isFrame\":\"1\",\"menuName\":\"任务管理\",\"menuType\":\"M\",\"orderNum\":3,\"params\":{},\"parentId\":0,\"path\":\"szhjg/rwgl\",\"status\":\"0\",\"visible\":\"0\"}','{\"msg\":\"操作成功\",\"code\":200}',0,NULL,'2023-02-02 13:54:23'),(165,'菜单管理',1,'com.fudian.web.controller.system.SysMenuController.add()','POST',1,'admin',NULL,'/system/menu','127.0.0.1','内网IP','{\"children\":[],\"component\":\"szhjg/rwgl/rwgl/index\",\"createBy\":\"admin\",\"isCache\":\"0\",\"isFrame\":\"1\",\"menuName\":\"任务管理\",\"menuType\":\"C\",\"orderNum\":1,\"params\":{},\"parentId\":2008,\"path\":\"rwgl\",\"status\":\"0\",\"visible\":\"0\"}','{\"msg\":\"操作成功\",\"code\":200}',0,NULL,'2023-02-02 13:55:13'),(166,'菜单管理',2,'com.fudian.web.controller.system.SysMenuController.edit()','PUT',1,'admin',NULL,'/system/menu','127.0.0.1','内网IP','{\"children\":[],\"createTime\":\"2023-01-28 16:48:46\",\"icon\":\"#\",\"isCache\":\"0\",\"isFrame\":\"1\",\"menuId\":2003,\"menuName\":\"数据加工\",\"menuType\":\"M\",\"orderNum\":3,\"params\":{},\"parentId\":0,\"path\":\"szhjg/sjjg\",\"perms\":\"\",\"status\":\"0\",\"updateBy\":\"admin\",\"visible\":\"0\"}','{\"msg\":\"操作成功\",\"code\":200}',0,NULL,'2023-02-02 16:11:02'),(167,'菜单管理',2,'com.fudian.web.controller.system.SysMenuController.edit()','PUT',1,'admin',NULL,'/system/menu','127.0.0.1','内网IP','{\"children\":[],\"createTime\":\"2023-02-02 13:54:23\",\"icon\":\"#\",\"isCache\":\"0\",\"isFrame\":\"1\",\"menuId\":2008,\"menuName\":\"任务管理\",\"menuType\":\"M\",\"orderNum\":2,\"params\":{},\"parentId\":0,\"path\":\"szhjg/rwgl\",\"perms\":\"\",\"status\":\"0\",\"updateBy\":\"admin\",\"visible\":\"0\"}','{\"msg\":\"操作成功\",\"code\":200}',0,NULL,'2023-02-02 16:11:09'),(168,'菜单管理',1,'com.fudian.web.controller.system.SysMenuController.add()','POST',1,'admin',NULL,'/system/menu','127.0.0.1','内网IP','{\"children\":[],\"component\":\"szhjg/sjjg/txsm/index\",\"createBy\":\"admin\",\"isCache\":\"0\",\"isFrame\":\"1\",\"menuName\":\"图像扫描\",\"menuType\":\"C\",\"orderNum\":3,\"params\":{},\"parentId\":2003,\"path\":\"txsm\",\"status\":\"0\",\"visible\":\"0\"}','{\"msg\":\"操作成功\",\"code\":200}',0,NULL,'2023-02-03 14:17:50'),(169,'菜单管理',1,'com.fudian.web.controller.system.SysMenuController.add()','POST',1,'admin',NULL,'/system/menu','127.0.0.1','内网IP','{\"children\":[],\"component\":\"szhjg/sjjg/txcl/index\",\"createBy\":\"admin\",\"isCache\":\"0\",\"isFrame\":\"1\",\"menuName\":\"图像处理\",\"menuType\":\"C\",\"orderNum\":4,\"params\":{},\"parentId\":2003,\"path\":\"txcl\",\"status\":\"0\",\"visible\":\"0\"}','{\"msg\":\"操作成功\",\"code\":200}',0,NULL,'2023-02-03 14:18:53'),(170,'菜单管理',1,'com.fudian.web.controller.system.SysMenuController.add()','POST',1,'admin',NULL,'/system/menu','127.0.0.1','内网IP','{\"children\":[],\"component\":\"szhjg/sjjg/txzj/index\",\"createBy\":\"admin\",\"isCache\":\"0\",\"isFrame\":\"1\",\"menuName\":\"图像质检\",\"menuType\":\"C\",\"orderNum\":5,\"params\":{},\"parentId\":2003,\"path\":\"txzj\",\"status\":\"0\",\"visible\":\"0\"}','{\"msg\":\"操作成功\",\"code\":200}',0,NULL,'2023-02-03 14:20:44'),(171,'菜单管理',1,'com.fudian.web.controller.system.SysMenuController.add()','POST',1,'admin',NULL,'/system/menu','127.0.0.1','内网IP','{\"children\":[],\"component\":\"szhjg/sjjg/txzjhcl/index\",\"createBy\":\"admin\",\"isCache\":\"0\",\"isFrame\":\"1\",\"menuName\":\"图像质检和处理\",\"menuType\":\"C\",\"orderNum\":6,\"params\":{},\"parentId\":2003,\"path\":\"txzjhcl\",\"status\":\"0\",\"visible\":\"0\"}','{\"msg\":\"操作成功\",\"code\":200}',0,NULL,'2023-02-03 14:21:14'),(172,'菜单管理',2,'com.fudian.web.controller.system.SysMenuController.edit()','PUT',1,'admin',NULL,'/system/menu','127.0.0.1','内网IP','{\"children\":[],\"component\":\"szhjg/sjjg/txzjhcl/index\",\"createTime\":\"2023-02-03 14:21:14\",\"icon\":\"#\",\"isCache\":\"0\",\"isFrame\":\"1\",\"menuId\":2013,\"menuName\":\"图像质检处理\",\"menuType\":\"C\",\"orderNum\":6,\"params\":{},\"parentId\":2003,\"path\":\"txzjhcl\",\"perms\":\"\",\"status\":\"0\",\"updateBy\":\"admin\",\"visible\":\"0\"}','{\"msg\":\"操作成功\",\"code\":200}',0,NULL,'2023-02-03 14:26:58'),(173,'菜单管理',1,'com.fudian.web.controller.system.SysMenuController.add()','POST',1,'admin',NULL,'/system/menu','127.0.0.1','内网IP','{\"children\":[],\"createBy\":\"admin\",\"isCache\":\"0\",\"isFrame\":\"1\",\"menuName\":\"业务管理\",\"menuType\":\"M\",\"orderNum\":4,\"params\":{},\"parentId\":0,\"path\":\"szhjg/ywgl\",\"status\":\"0\",\"visible\":\"0\"}','{\"msg\":\"操作成功\",\"code\":200}',0,NULL,'2023-02-03 17:01:17'),(174,'菜单管理',1,'com.fudian.web.controller.system.SysMenuController.add()','POST',1,'admin',NULL,'/system/menu','127.0.0.1','内网IP','{\"children\":[],\"component\":\"szhjg/ywgl/dalxgl/index\",\"createBy\":\"admin\",\"isCache\":\"0\",\"isFrame\":\"1\",\"menuName\":\"档案类型管理\",\"menuType\":\"C\",\"orderNum\":1,\"params\":{},\"parentId\":2014,\"path\":\"dalxgl\",\"status\":\"0\",\"visible\":\"0\"}','{\"msg\":\"操作成功\",\"code\":200}',0,NULL,'2023-02-03 17:02:23'),(175,'菜单管理',1,'com.fudian.web.controller.system.SysMenuController.add()','POST',1,'admin',NULL,'/system/menu','127.0.0.1','内网IP','{\"children\":[],\"component\":\"szhjg/ywgl/hjgl/index\",\"createBy\":\"admin\",\"isCache\":\"0\",\"isFrame\":\"1\",\"menuName\":\"环节管理\",\"menuType\":\"C\",\"orderNum\":2,\"params\":{},\"parentId\":2014,\"path\":\"hjgl\",\"status\":\"0\",\"visible\":\"0\"}','{\"msg\":\"操作成功\",\"code\":200}',0,NULL,'2023-02-03 17:02:58'),(176,'菜单管理',2,'com.fudian.web.controller.system.SysMenuController.edit()','PUT',1,'admin',NULL,'/system/menu','127.0.0.1','内网IP','{\"children\":[],\"component\":\"szhjg/ywgl/gxhjgl/index\",\"createTime\":\"2023-02-03 17:02:58\",\"icon\":\"#\",\"isCache\":\"0\",\"isFrame\":\"1\",\"menuId\":2016,\"menuName\":\"工序环节管理\",\"menuType\":\"C\",\"orderNum\":2,\"params\":{},\"parentId\":2014,\"path\":\"gxhjgl\",\"perms\":\"\",\"status\":\"0\",\"updateBy\":\"admin\",\"visible\":\"0\"}','{\"msg\":\"操作成功\",\"code\":200}',0,NULL,'2023-02-03 18:56:34'),(177,'角色管理',2,'com.fudian.web.controller.system.SysRoleController.edit()','PUT',1,'admin',NULL,'/system/role','127.0.0.1','内网IP','{\"admin\":false,\"createTime\":\"2023-01-05 14:21:37\",\"dataScope\":\"2\",\"delFlag\":\"0\",\"deptCheckStrictly\":true,\"flag\":false,\"menuCheckStrictly\":true,\"menuIds\":[1,2,2014,2015,2016,102,1012,1013,1014,1015,108,500,1039,1040,1041,501,1042,1043,1044,1045,109,1046,1047,1048,112,113],\"params\":{},\"remark\":\"普通角色\",\"roleId\":2,\"roleKey\":\"common\",\"roleName\":\"普通角色\",\"roleSort\":2,\"status\":\"0\",\"updateBy\":\"admin\"}','{\"msg\":\"操作成功\",\"code\":200}',0,NULL,'2023-02-06 15:35:48'),(178,'用户管理',2,'com.fudian.web.controller.system.SysUserController.resetPwd()','PUT',1,'admin',NULL,'/system/user/resetPwd','127.0.0.1','内网IP','{\"admin\":false,\"params\":{},\"updateBy\":\"admin\",\"userId\":102}','{\"msg\":\"操作成功\",\"code\":200}',0,NULL,'2023-02-06 17:55:01'),(179,'菜单管理',2,'com.fudian.web.controller.system.SysMenuController.edit()','PUT',1,'admin',NULL,'/system/menu','127.0.0.1','内网IP','{\"children\":[],\"createTime\":\"2023-02-03 17:01:17\",\"icon\":\"#\",\"isCache\":\"0\",\"isFrame\":\"1\",\"menuId\":2014,\"menuName\":\"业务管理\",\"menuType\":\"M\",\"orderNum\":5,\"params\":{},\"parentId\":0,\"path\":\"szhjg/ywgl\",\"perms\":\"\",\"status\":\"0\",\"updateBy\":\"admin\",\"visible\":\"0\"}','{\"msg\":\"操作成功\",\"code\":200}',0,NULL,'2023-02-09 17:17:42'),(180,'菜单管理',1,'com.fudian.web.controller.system.SysMenuController.add()','POST',1,'admin',NULL,'/system/menu','127.0.0.1','内网IP','{\"children\":[],\"createBy\":\"admin\",\"isCache\":\"0\",\"isFrame\":\"1\",\"menuName\":\"统计\",\"menuType\":\"M\",\"orderNum\":4,\"params\":{},\"parentId\":0,\"path\":\"szhjg/tongji\",\"status\":\"0\",\"visible\":\"0\"}','{\"msg\":\"操作成功\",\"code\":200}',0,NULL,'2023-02-09 17:18:47'),(181,'菜单管理',1,'com.fudian.web.controller.system.SysMenuController.add()','POST',1,'admin',NULL,'/system/menu','127.0.0.1','内网IP','{\"children\":[],\"component\":\"szhjg/tongji/grgzltj/index\",\"createBy\":\"admin\",\"isCache\":\"0\",\"isFrame\":\"1\",\"menuName\":\"个人工作量统计\",\"menuType\":\"C\",\"orderNum\":1,\"params\":{},\"parentId\":2017,\"path\":\"grgzltj\",\"status\":\"0\",\"visible\":\"0\"}','{\"msg\":\"操作成功\",\"code\":200}',0,NULL,'2023-02-09 17:20:35'),(182,'菜单管理',1,'com.fudian.web.controller.system.SysMenuController.add()','POST',1,'admin',NULL,'/system/menu','127.0.0.1','内网IP','{\"children\":[],\"component\":\"szhjg/tongji/gzltj/index\",\"createBy\":\"admin\",\"isCache\":\"0\",\"isFrame\":\"1\",\"menuName\":\"工作量统计\",\"menuType\":\"C\",\"orderNum\":2,\"params\":{},\"parentId\":2017,\"path\":\"gzltj\",\"status\":\"0\",\"visible\":\"0\"}','{\"msg\":\"操作成功\",\"code\":200}',0,NULL,'2023-02-09 17:21:32'),(183,'菜单管理',1,'com.fudian.web.controller.system.SysMenuController.add()','POST',1,'admin',NULL,'/system/menu','127.0.0.1','内网IP','{\"children\":[],\"component\":\"szhjg/tongji/pccltj/index\",\"createBy\":\"admin\",\"isCache\":\"0\",\"isFrame\":\"1\",\"menuName\":\"批次产量统计\",\"menuType\":\"C\",\"orderNum\":3,\"params\":{},\"parentId\":2017,\"path\":\"pccltj\",\"status\":\"0\",\"visible\":\"0\"}','{\"msg\":\"操作成功\",\"code\":200}',0,NULL,'2023-02-09 17:22:23'),(184,'菜单管理',2,'com.fudian.web.controller.system.SysMenuController.edit()','PUT',1,'admin',NULL,'/system/menu','127.0.0.1','内网IP','{\"children\":[],\"component\":\"szhjg/tongji/grgzltj/index\",\"createTime\":\"2023-02-09 17:20:35\",\"icon\":\"#\",\"isCache\":\"0\",\"isFrame\":\"1\",\"menuId\":2018,\"menuName\":\"个人工作统计\",\"menuType\":\"C\",\"orderNum\":1,\"params\":{},\"parentId\":2017,\"path\":\"grgzltj\",\"perms\":\"\",\"status\":\"0\",\"updateBy\":\"admin\",\"visible\":\"0\"}','{\"msg\":\"操作成功\",\"code\":200}',0,NULL,'2023-02-09 17:32:52'),(185,'菜单管理',2,'com.fudian.web.controller.system.SysMenuController.edit()','PUT',1,'admin',NULL,'/system/menu','127.0.0.1','内网IP','{\"children\":[],\"createTime\":\"2023-02-09 17:18:47\",\"icon\":\"#\",\"isCache\":\"0\",\"isFrame\":\"1\",\"menuId\":2017,\"menuName\":\"统计查询\",\"menuType\":\"M\",\"orderNum\":4,\"params\":{},\"parentId\":0,\"path\":\"szhjg/tongji\",\"perms\":\"\",\"status\":\"0\",\"updateBy\":\"admin\",\"visible\":\"0\"}','{\"msg\":\"操作成功\",\"code\":200}',0,NULL,'2023-02-10 15:47:22'),(186,'用户管理',2,'com.fudian.web.controller.system.SysUserController.resetPwd()','PUT',1,'admin',NULL,'/system/user/resetPwd','127.0.0.1','内网IP','{\"admin\":false,\"params\":{},\"updateBy\":\"admin\",\"userId\":103}','{\"msg\":\"操作成功\",\"code\":200}',0,NULL,'2023-02-13 14:17:00'),(187,'用户管理',2,'com.fudian.web.controller.system.SysUserController.resetPwd()','PUT',1,'admin',NULL,'/system/user/resetPwd','127.0.0.1','内网IP','{\"admin\":false,\"params\":{},\"updateBy\":\"admin\",\"userId\":103}','{\"msg\":\"操作成功\",\"code\":200}',0,NULL,'2023-02-13 14:17:35'),(188,'菜单管理',2,'com.fudian.web.controller.system.SysMenuController.edit()','PUT',1,'admin',NULL,'/system/menu','127.0.0.1','内网IP','{\"children\":[],\"createTime\":\"2023-02-09 17:18:47\",\"icon\":\"search\",\"isCache\":\"0\",\"isFrame\":\"1\",\"menuId\":2017,\"menuName\":\"统计查询\",\"menuType\":\"M\",\"orderNum\":4,\"params\":{},\"parentId\":0,\"path\":\"szhjg/tongji\",\"perms\":\"\",\"status\":\"0\",\"updateBy\":\"admin\",\"visible\":\"0\"}','{\"msg\":\"操作成功\",\"code\":200}',0,NULL,'2023-02-13 14:20:21'),(189,'菜单管理',2,'com.fudian.web.controller.system.SysMenuController.edit()','PUT',1,'admin',NULL,'/system/menu','127.0.0.1','内网IP','{\"children\":[],\"createTime\":\"2023-02-02 13:54:23\",\"icon\":\"list\",\"isCache\":\"0\",\"isFrame\":\"1\",\"menuId\":2008,\"menuName\":\"任务管理\",\"menuType\":\"M\",\"orderNum\":2,\"params\":{},\"parentId\":0,\"path\":\"szhjg/rwgl\",\"perms\":\"\",\"status\":\"0\",\"updateBy\":\"admin\",\"visible\":\"0\"}','{\"msg\":\"操作成功\",\"code\":200}',0,NULL,'2023-02-13 14:21:35'),(190,'菜单管理',2,'com.fudian.web.controller.system.SysMenuController.edit()','PUT',1,'admin',NULL,'/system/menu','127.0.0.1','内网IP','{\"children\":[],\"createTime\":\"2023-01-28 16:48:46\",\"icon\":\"tupian\",\"isCache\":\"0\",\"isFrame\":\"1\",\"menuId\":2003,\"menuName\":\"数据加工\",\"menuType\":\"M\",\"orderNum\":3,\"params\":{},\"parentId\":0,\"path\":\"szhjg/sjjg\",\"perms\":\"\",\"status\":\"0\",\"updateBy\":\"admin\",\"visible\":\"0\"}','{\"msg\":\"操作成功\",\"code\":200}',0,NULL,'2023-02-13 14:22:32'),(191,'菜单管理',2,'com.fudian.web.controller.system.SysMenuController.edit()','PUT',1,'admin',NULL,'/system/menu','127.0.0.1','内网IP','{\"children\":[],\"createTime\":\"2023-02-02 13:54:23\",\"icon\":\"renwu\",\"isCache\":\"0\",\"isFrame\":\"1\",\"menuId\":2008,\"menuName\":\"任务管理\",\"menuType\":\"M\",\"orderNum\":2,\"params\":{},\"parentId\":0,\"path\":\"szhjg/rwgl\",\"perms\":\"\",\"status\":\"0\",\"updateBy\":\"admin\",\"visible\":\"0\"}','{\"msg\":\"操作成功\",\"code\":200}',0,NULL,'2023-02-13 14:24:54'),(192,'菜单管理',2,'com.fudian.web.controller.system.SysMenuController.edit()','PUT',1,'admin',NULL,'/system/menu','127.0.0.1','内网IP','{\"children\":[],\"createTime\":\"2023-01-28 16:48:46\",\"icon\":\"yinshua\",\"isCache\":\"0\",\"isFrame\":\"1\",\"menuId\":2003,\"menuName\":\"数据加工\",\"menuType\":\"M\",\"orderNum\":3,\"params\":{},\"parentId\":0,\"path\":\"szhjg/sjjg\",\"perms\":\"\",\"status\":\"0\",\"updateBy\":\"admin\",\"visible\":\"0\"}','{\"msg\":\"操作成功\",\"code\":200}',0,NULL,'2023-02-13 14:26:05'),(193,'菜单管理',2,'com.fudian.web.controller.system.SysMenuController.edit()','PUT',1,'admin',NULL,'/system/menu','127.0.0.1','内网IP','{\"children\":[],\"createTime\":\"2023-02-03 17:01:17\",\"icon\":\"laodonghetong\",\"isCache\":\"0\",\"isFrame\":\"1\",\"menuId\":2014,\"menuName\":\"业务管理\",\"menuType\":\"M\",\"orderNum\":5,\"params\":{},\"parentId\":0,\"path\":\"szhjg/ywgl\",\"perms\":\"\",\"status\":\"0\",\"updateBy\":\"admin\",\"visible\":\"0\"}','{\"msg\":\"操作成功\",\"code\":200}',0,NULL,'2023-02-13 14:26:21'),(194,'菜单管理',2,'com.fudian.web.controller.system.SysMenuController.edit()','PUT',1,'admin',NULL,'/system/menu','127.0.0.1','内网IP','{\"children\":[],\"createTime\":\"2023-01-11 11:57:13\",\"icon\":\"hetong\",\"isCache\":\"0\",\"isFrame\":\"1\",\"menuId\":2000,\"menuName\":\"项目批次管理\",\"menuType\":\"M\",\"orderNum\":1,\"params\":{},\"parentId\":0,\"path\":\"szhjg/xmpcgl\",\"perms\":\"\",\"status\":\"0\",\"updateBy\":\"admin\",\"visible\":\"0\"}','{\"msg\":\"操作成功\",\"code\":200}',0,NULL,'2023-02-13 14:26:46'),(195,'用户管理',1,'com.fudian.web.controller.system.SysUserController.add()','POST',1,'admin',NULL,'/system/user','127.0.0.1','内网IP','{\"admin\":false,\"createBy\":\"admin\",\"nickName\":\"4234\",\"params\":{},\"postIds\":[],\"roleIds\":[],\"status\":\"0\",\"userId\":108,\"userName\":\"1111111111111111111\"}','{\"msg\":\"操作成功\",\"code\":200}',0,NULL,'2023-02-13 17:52:26'),(196,'用户管理',3,'com.fudian.web.controller.system.SysUserController.remove()','DELETE',1,'admin',NULL,'/system/user/108','127.0.0.1','内网IP','{}','{\"msg\":\"操作成功\",\"code\":200}',0,NULL,'2023-02-13 17:52:33'),(197,'用户管理',5,'com.fudian.web.controller.system.SysUserController.export()','POST',1,'admin',NULL,'/system/user/export','127.0.0.1','内网IP','{\"admin\":false,\"params\":{\"dataScope\":\"\"}}',NULL,0,NULL,'2023-02-14 14:15:16'),(198,'用户管理',5,'com.fudian.web.controller.system.SysUserController.export()','POST',1,'admin',NULL,'/system/user/export','127.0.0.1','内网IP','{\"admin\":false,\"params\":{\"dataScope\":\"\"}}',NULL,0,NULL,'2023-02-14 14:34:46'),(199,'用户管理',5,'com.fudian.web.controller.system.SysUserController.export()','POST',1,'admin',NULL,'/system/user/export','127.0.0.1','内网IP','{\"admin\":false,\"params\":{\"dataScope\":\"\"}}',NULL,0,NULL,'2023-02-14 16:37:49'),(200,'用户管理',6,'com.fudian.web.controller.system.SysUserController.importData()','POST',1,'admin',NULL,'/system/user/importData','127.0.0.1','内网IP','false','{\"msg\":\"恭喜您，数据已全部导入成功！共 1 条，数据如下：<br/>1、账号 sout 导入成功\",\"code\":200}',0,NULL,'2023-02-15 10:56:27'),(201,'用户管理',6,'com.fudian.web.controller.system.SysUserController.importData()','POST',1,'admin',NULL,'/system/user/importData','127.0.0.1','内网IP','false',NULL,1,'很抱歉，导入失败！共 1 条数据格式不正确，错误如下：<br/>1、账号 sout1 导入失败：\r\n### Error updating database.  Cause: java.sql.SQLIntegrityConstraintViolationException: Duplicate entry \'1000\' for key \'sys_user.PRIMARY\'\r\n### The error may exist in file [D:\\myprojects-szhjgxt\\szhjg2\\FD-szhjg-project\\fudian-boot-system\\target\\classes\\mapper\\system\\SysUserMapper.xml]\r\n### The error may involve com.fudian.system.mapper.SysUserMapper.insertUser-Inline\r\n### The error occurred while setting parameters\r\n### SQL: insert into sys_user(      user_id,             user_name,       nick_name,                   phonenumber,       sex,       password,             create_by,            create_time    )values(      ?,             ?,       ?,                   ?,       ?,       ?,             ?,            sysdate()    )\r\n### Cause: java.sql.SQLIntegrityConstraintViolationException: Duplicate entry \'1000\' for key \'sys_user.PRIMARY\'\n; Duplicate entry \'1000\' for key \'sys_user.PRIMARY\'; nested exception is java.sql.SQLIntegrityConstraintViolationException: Duplicate entry \'1000\' for key \'sys_user.PRIMARY\'','2023-02-15 11:25:20'),(202,'用户管理',6,'com.fudian.web.controller.system.SysUserController.importData()','POST',1,'admin',NULL,'/system/user/importData','127.0.0.1','内网IP','false',NULL,1,'很抱歉，导入失败！共 1 条数据格式不正确，错误如下：<br/>1、账号 sout 已存在','2023-02-15 11:26:04'),(203,'用户管理',6,'com.fudian.web.controller.system.SysUserController.importData()','POST',1,'admin',NULL,'/system/user/importData','127.0.0.1','内网IP','false','{\"msg\":\"恭喜您，数据已全部导入成功！共 1 条，数据如下：<br/>1、账号 sout1 导入成功\",\"code\":200}',0,NULL,'2023-02-15 11:26:38'),(204,'用户管理',6,'com.fudian.web.controller.system.SysUserController.importData()','POST',1,'admin',NULL,'/system/user/importData','127.0.0.1','内网IP','false',NULL,1,'很抱歉，导入失败！共 1 条数据格式不正确，错误如下：<br/>1、账号 sout1 已存在','2023-02-15 17:03:20'),(205,'用户管理',6,'com.fudian.web.controller.system.SysUserController.importData()','POST',1,'admin',NULL,'/system/user/importData','127.0.0.1','内网IP','false',NULL,1,'很抱歉，导入失败！共 1 条数据格式不正确，错误如下：<br/>1、账号 sout1 已存在','2023-02-16 15:07:50'),(206,'用户管理',6,'com.fudian.web.controller.system.SysUserController.importData()','POST',1,'admin',NULL,'/system/user/importData','127.0.0.1','内网IP','false','{\"msg\":\"恭喜您，数据已全部导入成功！共 1 条，数据如下：<br/>1、账号 sout2 导入成功\",\"code\":200}',0,NULL,'2023-02-16 15:08:24'),(207,'账户解锁',0,'com.fudian.web.controller.monitor.SysLogininforController.unlock()','GET',1,'admin',NULL,'/monitor/logininfor/unlock/admin','127.0.0.1','内网IP','{}','{\"msg\":\"操作成功\",\"code\":200}',0,NULL,'2023-02-21 17:35:33'),(208,'字典类型',9,'com.fudian.web.controller.system.SysDictTypeController.refreshCache()','DELETE',1,'admin',NULL,'/system/dict/type/refreshCache','127.0.0.1','内网IP','{}','{\"msg\":\"操作成功\",\"code\":200}',0,NULL,'2023-02-22 14:38:45'),(209,'角色管理',2,'com.fudian.web.controller.system.SysRoleController.edit()','PUT',1,'admin',NULL,'/system/role','127.0.0.1','内网IP','{\"admin\":false,\"createTime\":\"2023-01-05 14:21:37\",\"dataScope\":\"2\",\"delFlag\":\"0\",\"deptCheckStrictly\":true,\"flag\":false,\"menuCheckStrictly\":true,\"menuIds\":[2003,1,2,2004,2005,2006,2007,2014,2015,2016,102,1012,1013,1014,1015,108,500,1039,1040,1041,501,1042,1043,1044,1045,109,1046,1047,1048,112,113],\"params\":{},\"remark\":\"普通角色\",\"roleId\":2,\"roleKey\":\"common\",\"roleName\":\"普通角色\",\"roleSort\":2,\"status\":\"0\",\"updateBy\":\"admin\"}','{\"msg\":\"操作成功\",\"code\":200}',0,NULL,'2023-03-02 11:12:51'),(210,'菜单管理',1,'com.fudian.web.controller.system.SysMenuController.add()','POST',1,'admin',NULL,'/system/menu','127.0.0.1','内网IP','{\"children\":[],\"createBy\":\"admin\",\"icon\":\"log\",\"isCache\":\"0\",\"isFrame\":\"1\",\"menuName\":\"抽检\",\"menuType\":\"M\",\"orderNum\":4,\"params\":{},\"parentId\":0,\"path\":\"szhjg/check\",\"status\":\"0\",\"visible\":\"0\"}','{\"msg\":\"操作成功\",\"code\":200}',0,NULL,'2023-03-20 11:39:46'),(211,'菜单管理',1,'com.fudian.web.controller.system.SysMenuController.add()','POST',1,'admin',NULL,'/system/menu','127.0.0.1','内网IP','{\"children\":[],\"component\":\"szhjg/check/spotCheckTask/index\",\"createBy\":\"admin\",\"isCache\":\"0\",\"isFrame\":\"1\",\"menuName\":\"抽检任务生成\",\"menuType\":\"C\",\"orderNum\":1,\"params\":{},\"parentId\":2021,\"path\":\"spotCheckTask\",\"status\":\"0\",\"visible\":\"0\"}','{\"msg\":\"操作成功\",\"code\":200}',0,NULL,'2023-03-20 11:42:34'),(212,'菜单管理',1,'com.fudian.web.controller.system.SysMenuController.add()','POST',1,'admin',NULL,'/system/menu','127.0.0.1','内网IP','{\"children\":[],\"component\":\"szhjg/check/spotCheck/index\",\"createBy\":\"admin\",\"isCache\":\"0\",\"isFrame\":\"1\",\"menuName\":\"抽检\",\"menuType\":\"C\",\"orderNum\":2,\"params\":{},\"parentId\":2021,\"path\":\"spotCheck\",\"status\":\"0\",\"visible\":\"0\"}','{\"msg\":\"操作成功\",\"code\":200}',0,NULL,'2023-03-20 11:43:20'),(213,'菜单管理',2,'com.fudian.web.controller.system.SysMenuController.edit()','PUT',1,'admin',NULL,'/system/menu','127.0.0.1','内网IP','{\"children\":[],\"createTime\":\"2023-02-09 17:18:47\",\"icon\":\"search\",\"isCache\":\"0\",\"isFrame\":\"1\",\"menuId\":2017,\"menuName\":\"统计查询\",\"menuType\":\"M\",\"orderNum\":5,\"params\":{},\"parentId\":0,\"path\":\"szhjg/tongji\",\"perms\":\"\",\"status\":\"0\",\"updateBy\":\"admin\",\"visible\":\"0\"}','{\"msg\":\"操作成功\",\"code\":200}',0,NULL,'2023-03-20 14:14:17'),(214,'菜单管理',2,'com.fudian.web.controller.system.SysMenuController.edit()','PUT',1,'admin',NULL,'/system/menu','127.0.0.1','内网IP','{\"children\":[],\"createTime\":\"2023-02-03 17:01:17\",\"icon\":\"laodonghetong\",\"isCache\":\"0\",\"isFrame\":\"1\",\"menuId\":2014,\"menuName\":\"业务管理\",\"menuType\":\"M\",\"orderNum\":6,\"params\":{},\"parentId\":0,\"path\":\"szhjg/ywgl\",\"perms\":\"\",\"status\":\"0\",\"updateBy\":\"admin\",\"visible\":\"0\"}','{\"msg\":\"操作成功\",\"code\":200}',0,NULL,'2023-03-20 14:14:35'),(215,'菜单管理',2,'com.fudian.web.controller.system.SysMenuController.edit()','PUT',1,'admin',NULL,'/system/menu','127.0.0.1','内网IP','{\"children\":[],\"createTime\":\"2023-01-05 14:21:37\",\"icon\":\"system\",\"isCache\":\"0\",\"isFrame\":\"1\",\"menuId\":1,\"menuName\":\"系统管理\",\"menuType\":\"M\",\"orderNum\":7,\"params\":{},\"parentId\":0,\"path\":\"system\",\"perms\":\"\",\"query\":\"\",\"status\":\"0\",\"updateBy\":\"admin\",\"visible\":\"0\"}','{\"msg\":\"操作成功\",\"code\":200}',0,NULL,'2023-03-20 14:14:44'),(216,'菜单管理',2,'com.fudian.web.controller.system.SysMenuController.edit()','PUT',1,'admin',NULL,'/system/menu','127.0.0.1','内网IP','{\"children\":[],\"createTime\":\"2023-01-05 14:21:37\",\"icon\":\"monitor\",\"isCache\":\"0\",\"isFrame\":\"1\",\"menuId\":2,\"menuName\":\"系统监控\",\"menuType\":\"M\",\"orderNum\":8,\"params\":{},\"parentId\":0,\"path\":\"monitor\",\"perms\":\"\",\"query\":\"\",\"status\":\"0\",\"updateBy\":\"admin\",\"visible\":\"0\"}','{\"msg\":\"操作成功\",\"code\":200}',0,NULL,'2023-03-20 14:14:57'),(217,'菜单管理',2,'com.fudian.web.controller.system.SysMenuController.edit()','PUT',1,'admin',NULL,'/system/menu','127.0.0.1','内网IP','{\"children\":[],\"createTime\":\"2023-01-05 14:21:37\",\"icon\":\"tool\",\"isCache\":\"0\",\"isFrame\":\"1\",\"menuId\":3,\"menuName\":\"系统工具\",\"menuType\":\"M\",\"orderNum\":9,\"params\":{},\"parentId\":0,\"path\":\"tool\",\"perms\":\"\",\"query\":\"\",\"status\":\"0\",\"updateBy\":\"admin\",\"visible\":\"0\"}','{\"msg\":\"操作成功\",\"code\":200}',0,NULL,'2023-03-20 14:15:05'),(218,'字典类型',1,'com.fudian.web.controller.system.SysDictTypeController.add()','POST',1,'admin',NULL,'/system/dict/type','127.0.0.1','内网IP','{\"createBy\":\"admin\",\"dictName\":\"人事档案材料类别代码\",\"dictType\":\"zb97\",\"params\":{},\"remark\":\"人事档案材料分类列表\",\"status\":\"0\"}','{\"msg\":\"操作成功\",\"code\":200}',0,NULL,'2023-04-07 16:06:27'),(219,'字典数据',1,'com.fudian.web.controller.system.SysDictDataController.add()','POST',1,'admin',NULL,'/system/dict/data','127.0.0.1','内网IP','{\"createBy\":\"admin\",\"default\":false,\"dictLabel\":\"履历材料\",\"dictSort\":0,\"dictType\":\"zb97\",\"dictValue\":\"一\",\"listClass\":\"default\",\"params\":{},\"status\":\"0\"}','{\"msg\":\"操作成功\",\"code\":200}',0,NULL,'2023-04-07 16:07:28'),(220,'字典数据',1,'com.fudian.web.controller.system.SysDictDataController.add()','POST',1,'admin',NULL,'/system/dict/data','127.0.0.1','内网IP','{\"createBy\":\"admin\",\"default\":false,\"dictLabel\":\"自传材料\",\"dictSort\":1,\"dictType\":\"zb97\",\"dictValue\":\"二\",\"listClass\":\"default\",\"params\":{},\"status\":\"0\"}','{\"msg\":\"操作成功\",\"code\":200}',0,NULL,'2023-04-07 16:08:01'),(221,'字典数据',2,'com.fudian.web.controller.system.SysDictDataController.edit()','PUT',1,'admin',NULL,'/system/dict/data','127.0.0.1','内网IP','{\"createBy\":\"admin\",\"createTime\":\"2023-04-07 16:07:28\",\"default\":false,\"dictCode\":100,\"dictLabel\":\"履历类材料\",\"dictSort\":0,\"dictType\":\"zb97\",\"dictValue\":\"一\",\"isDefault\":\"N\",\"listClass\":\"default\",\"params\":{},\"status\":\"0\",\"updateBy\":\"admin\"}','{\"msg\":\"操作成功\",\"code\":200}',0,NULL,'2023-04-07 16:08:59'),(222,'字典数据',2,'com.fudian.web.controller.system.SysDictDataController.edit()','PUT',1,'admin',NULL,'/system/dict/data','127.0.0.1','内网IP','{\"createBy\":\"admin\",\"createTime\":\"2023-04-07 16:08:01\",\"default\":false,\"dictCode\":101,\"dictLabel\":\"自传和思想类材料\",\"dictSort\":1,\"dictType\":\"zb97\",\"dictValue\":\"二\",\"isDefault\":\"N\",\"listClass\":\"default\",\"params\":{},\"status\":\"0\",\"updateBy\":\"admin\"}','{\"msg\":\"操作成功\",\"code\":200}',0,NULL,'2023-04-07 16:09:09'),(223,'字典数据',1,'com.fudian.web.controller.system.SysDictDataController.add()','POST',1,'admin',NULL,'/system/dict/data','127.0.0.1','内网IP','{\"createBy\":\"admin\",\"default\":false,\"dictLabel\":\"考核鉴定类材料\",\"dictSort\":2,\"dictType\":\"zb97\",\"dictValue\":\"三\",\"listClass\":\"default\",\"params\":{},\"status\":\"0\"}','{\"msg\":\"操作成功\",\"code\":200}',0,NULL,'2023-04-07 16:09:37'),(224,'字典数据',1,'com.fudian.web.controller.system.SysDictDataController.add()','POST',1,'admin',NULL,'/system/dict/data','127.0.0.1','内网IP','{\"createBy\":\"admin\",\"default\":false,\"dictLabel\":\"学历学位、专业技术职务（职称）、学术评鉴和教育培训类材料\",\"dictSort\":3,\"dictType\":\"zb97\",\"dictValue\":\"四\",\"listClass\":\"default\",\"params\":{},\"status\":\"0\"}','{\"msg\":\"操作成功\",\"code\":200}',0,NULL,'2023-04-07 16:10:13'),(225,'字典数据',1,'com.fudian.web.controller.system.SysDictDataController.add()','POST',1,'admin',NULL,'/system/dict/data','127.0.0.1','内网IP','{\"createBy\":\"admin\",\"default\":false,\"dictLabel\":\"学历学位材料\",\"dictSort\":4,\"dictType\":\"zb97\",\"dictValue\":\"4-1\",\"listClass\":\"default\",\"params\":{},\"status\":\"0\"}','{\"msg\":\"操作成功\",\"code\":200}',0,NULL,'2023-04-07 16:10:45'),(226,'字典数据',1,'com.fudian.web.controller.system.SysDictDataController.add()','POST',1,'admin',NULL,'/system/dict/data','127.0.0.1','内网IP','{\"createBy\":\"admin\",\"default\":false,\"dictLabel\":\"专业技术职务材料\",\"dictSort\":5,\"dictType\":\"zb97\",\"dictValue\":\"4-2\",\"listClass\":\"default\",\"params\":{},\"status\":\"0\"}','{\"msg\":\"操作成功\",\"code\":200}',0,NULL,'2023-04-07 16:11:16'),(227,'字典数据',1,'com.fudian.web.controller.system.SysDictDataController.add()','POST',1,'admin',NULL,'/system/dict/data','127.0.0.1','内网IP','{\"createBy\":\"admin\",\"default\":false,\"dictLabel\":\"科研学术材料\",\"dictSort\":7,\"dictType\":\"zb97\",\"dictValue\":\"4-3\",\"listClass\":\"default\",\"params\":{},\"status\":\"0\"}','{\"msg\":\"操作成功\",\"code\":200}',0,NULL,'2023-04-07 16:11:48'),(228,'字典数据',2,'com.fudian.web.controller.system.SysDictDataController.edit()','PUT',1,'admin',NULL,'/system/dict/data','127.0.0.1','内网IP','{\"createBy\":\"admin\",\"createTime\":\"2023-04-07 16:11:48\",\"default\":false,\"dictCode\":106,\"dictLabel\":\"科研学术材料\",\"dictSort\":6,\"dictType\":\"zb97\",\"dictValue\":\"4-3\",\"isDefault\":\"N\",\"listClass\":\"default\",\"params\":{},\"status\":\"0\",\"updateBy\":\"admin\"}','{\"msg\":\"操作成功\",\"code\":200}',0,NULL,'2023-04-07 16:11:55'),(229,'字典数据',1,'com.fudian.web.controller.system.SysDictDataController.add()','POST',1,'admin',NULL,'/system/dict/data','127.0.0.1','内网IP','{\"createBy\":\"admin\",\"default\":false,\"dictLabel\":\"培训材料\",\"dictSort\":9,\"dictType\":\"zb97\",\"dictValue\":\"4-4\",\"listClass\":\"default\",\"params\":{},\"status\":\"0\"}','{\"msg\":\"操作成功\",\"code\":200}',0,NULL,'2023-04-07 16:12:36'),(230,'字典数据',2,'com.fudian.web.controller.system.SysDictDataController.edit()','PUT',1,'admin',NULL,'/system/dict/data','127.0.0.1','内网IP','{\"createBy\":\"admin\",\"createTime\":\"2023-04-07 16:12:36\",\"default\":false,\"dictCode\":107,\"dictLabel\":\"培训材料\",\"dictSort\":7,\"dictType\":\"zb97\",\"dictValue\":\"4-4\",\"isDefault\":\"N\",\"listClass\":\"default\",\"params\":{},\"status\":\"0\",\"updateBy\":\"admin\"}','{\"msg\":\"操作成功\",\"code\":200}',0,NULL,'2023-04-07 16:12:43'),(231,'字典数据',1,'com.fudian.web.controller.system.SysDictDataController.add()','POST',1,'admin',NULL,'/system/dict/data','127.0.0.1','内网IP','{\"createBy\":\"admin\",\"default\":false,\"dictLabel\":\"政审、审计和审核类材料\",\"dictSort\":8,\"dictType\":\"zb97\",\"dictValue\":\"五\",\"listClass\":\"default\",\"params\":{},\"status\":\"0\"}','{\"msg\":\"操作成功\",\"code\":200}',0,NULL,'2023-04-07 16:13:53'),(232,'字典数据',1,'com.fudian.web.controller.system.SysDictDataController.add()','POST',1,'admin',NULL,'/system/dict/data','127.0.0.1','内网IP','{\"createBy\":\"admin\",\"default\":false,\"dictLabel\":\"党、团类材料\",\"dictSort\":9,\"dictType\":\"zb97\",\"dictValue\":\"六\",\"listClass\":\"default\",\"params\":{},\"status\":\"0\"}','{\"msg\":\"操作成功\",\"code\":200}',0,NULL,'2023-04-07 16:14:21'),(233,'字典数据',1,'com.fudian.web.controller.system.SysDictDataController.add()','POST',1,'admin',NULL,'/system/dict/data','127.0.0.1','内网IP','{\"createBy\":\"admin\",\"default\":false,\"dictLabel\":\"表彰奖励类材料\",\"dictSort\":10,\"dictType\":\"zb97\",\"dictValue\":\"七\",\"listClass\":\"default\",\"params\":{},\"status\":\"0\"}','{\"msg\":\"操作成功\",\"code\":200}',0,NULL,'2023-04-07 16:14:52'),(234,'字典数据',1,'com.fudian.web.controller.system.SysDictDataController.add()','POST',1,'admin',NULL,'/system/dict/data','127.0.0.1','内网IP','{\"createBy\":\"admin\",\"default\":false,\"dictLabel\":\"违规违纪违法处理处分材料\",\"dictSort\":11,\"dictType\":\"zb97\",\"dictValue\":\"八\",\"listClass\":\"default\",\"params\":{},\"status\":\"0\"}','{\"msg\":\"操作成功\",\"code\":200}',0,NULL,'2023-04-07 16:15:13'),(235,'字典数据',1,'com.fudian.web.controller.system.SysDictDataController.add()','POST',1,'admin',NULL,'/system/dict/data','127.0.0.1','内网IP','{\"createBy\":\"admin\",\"default\":false,\"dictLabel\":\"工资、任免、出国和会议代表类材料\",\"dictSort\":12,\"dictType\":\"zb97\",\"dictValue\":\"九\",\"listClass\":\"default\",\"params\":{},\"status\":\"0\"}','{\"msg\":\"操作成功\",\"code\":200}',0,NULL,'2023-04-07 16:15:42'),(236,'字典数据',1,'com.fudian.web.controller.system.SysDictDataController.add()','POST',1,'admin',NULL,'/system/dict/data','127.0.0.1','内网IP','{\"createBy\":\"admin\",\"default\":false,\"dictLabel\":\"工资材料\",\"dictSort\":13,\"dictType\":\"zb97\",\"dictValue\":\"9-1\",\"listClass\":\"default\",\"params\":{},\"status\":\"0\"}','{\"msg\":\"操作成功\",\"code\":200}',0,NULL,'2023-04-07 16:16:07'),(237,'字典数据',1,'com.fudian.web.controller.system.SysDictDataController.add()','POST',1,'admin',NULL,'/system/dict/data','127.0.0.1','内网IP','{\"createBy\":\"admin\",\"default\":false,\"dictLabel\":\"任免材料\",\"dictSort\":14,\"dictType\":\"zb97\",\"dictValue\":\"9-2\",\"listClass\":\"default\",\"params\":{},\"status\":\"0\"}','{\"msg\":\"操作成功\",\"code\":200}',0,NULL,'2023-04-07 16:16:33'),(238,'字典数据',1,'com.fudian.web.controller.system.SysDictDataController.add()','POST',1,'admin',NULL,'/system/dict/data','127.0.0.1','内网IP','{\"createBy\":\"admin\",\"default\":false,\"dictLabel\":\"出国（境）审批材料\",\"dictSort\":15,\"dictType\":\"zb97\",\"dictValue\":\"9-3\",\"listClass\":\"default\",\"params\":{},\"status\":\"0\"}','{\"msg\":\"操作成功\",\"code\":200}',0,NULL,'2023-04-07 16:16:59'),(239,'字典数据',1,'com.fudian.web.controller.system.SysDictDataController.add()','POST',1,'admin',NULL,'/system/dict/data','127.0.0.1','内网IP','{\"createBy\":\"admin\",\"default\":false,\"dictLabel\":\"会议代表材料\",\"dictSort\":16,\"dictType\":\"zb97\",\"dictValue\":\"9-4\",\"listClass\":\"default\",\"params\":{},\"status\":\"0\"}','{\"msg\":\"操作成功\",\"code\":200}',0,NULL,'2023-04-07 16:17:15'),(240,'字典数据',1,'com.fudian.web.controller.system.SysDictDataController.add()','POST',1,'admin',NULL,'/system/dict/data','127.0.0.1','内网IP','{\"createBy\":\"admin\",\"default\":false,\"dictLabel\":\"其他可供组织参考的材料\",\"dictSort\":17,\"dictType\":\"zb97\",\"dictValue\":\"十\",\"listClass\":\"default\",\"params\":{},\"status\":\"0\"}','{\"msg\":\"操作成功\",\"code\":200}',0,NULL,'2023-04-07 16:17:39'),(241,'字典数据',2,'com.fudian.web.controller.system.SysDictDataController.edit()','PUT',1,'admin',NULL,'/system/dict/data','127.0.0.1','内网IP','{\"createBy\":\"admin\",\"createTime\":\"2023-04-07 16:07:28\",\"default\":false,\"dictCode\":100,\"dictLabel\":\"履历类材料\",\"dictSort\":0,\"dictType\":\"zb97\",\"dictValue\":\"一\",\"isDefault\":\"N\",\"listClass\":\"default\",\"params\":{},\"remark\":\"1\",\"status\":\"0\",\"updateBy\":\"admin\"}','{\"msg\":\"操作成功\",\"code\":200}',0,NULL,'2023-04-07 18:37:13'),(242,'字典数据',2,'com.fudian.web.controller.system.SysDictDataController.edit()','PUT',1,'admin',NULL,'/system/dict/data','127.0.0.1','内网IP','{\"createBy\":\"admin\",\"createTime\":\"2023-04-07 16:08:01\",\"default\":false,\"dictCode\":101,\"dictLabel\":\"自传和思想类材料\",\"dictSort\":1,\"dictType\":\"zb97\",\"dictValue\":\"二\",\"isDefault\":\"N\",\"listClass\":\"default\",\"params\":{},\"remark\":\"2\",\"status\":\"0\",\"updateBy\":\"admin\"}','{\"msg\":\"操作成功\",\"code\":200}',0,NULL,'2023-04-07 18:37:19'),(243,'字典数据',2,'com.fudian.web.controller.system.SysDictDataController.edit()','PUT',1,'admin',NULL,'/system/dict/data','127.0.0.1','内网IP','{\"createBy\":\"admin\",\"createTime\":\"2023-04-07 16:08:01\",\"default\":false,\"dictCode\":101,\"dictLabel\":\"自传和思想类材料\",\"dictSort\":1,\"dictType\":\"zb97\",\"dictValue\":\"二\",\"isDefault\":\"N\",\"listClass\":\"default\",\"params\":{},\"remark\":\"\",\"status\":\"0\",\"updateBy\":\"admin\"}','{\"msg\":\"操作成功\",\"code\":200}',0,NULL,'2023-04-07 18:37:47'),(244,'字典数据',2,'com.fudian.web.controller.system.SysDictDataController.edit()','PUT',1,'admin',NULL,'/system/dict/data','127.0.0.1','内网IP','{\"createBy\":\"admin\",\"createTime\":\"2023-04-07 16:07:28\",\"default\":false,\"dictCode\":100,\"dictLabel\":\"履历类材料\",\"dictSort\":0,\"dictType\":\"zb97\",\"dictValue\":\"一\",\"isDefault\":\"N\",\"listClass\":\"default\",\"params\":{},\"remark\":\"\",\"status\":\"0\",\"updateBy\":\"admin\"}','{\"msg\":\"操作成功\",\"code\":200}',0,NULL,'2023-04-07 18:37:51'),(245,'用户管理',1,'com.fudian.web.controller.system.SysUserController.add()','POST',1,'admin',NULL,'/system/user','192.168.0.3','内网IP','{\"admin\":false,\"createBy\":\"admin\",\"nickName\":\"张三\",\"params\":{},\"postIds\":[],\"roleIds\":[],\"status\":\"0\",\"userId\":1003,\"userName\":\"zhangsan\"}','{\"msg\":\"操作成功\",\"code\":200}',0,NULL,'2023-04-12 16:00:49'),(246,'用户管理',3,'com.fudian.web.controller.system.SysUserController.remove()','DELETE',1,'admin',NULL,'/system/user/1000','192.168.0.3','内网IP','{}','{\"msg\":\"操作成功\",\"code\":200}',0,NULL,'2023-04-12 16:01:07'),(247,'用户管理',3,'com.fudian.web.controller.system.SysUserController.remove()','DELETE',1,'admin',NULL,'/system/user/1001','192.168.0.3','内网IP','{}','{\"msg\":\"操作成功\",\"code\":200}',0,NULL,'2023-04-12 16:01:09'),(248,'用户管理',3,'com.fudian.web.controller.system.SysUserController.remove()','DELETE',1,'admin',NULL,'/system/user/1002','192.168.0.3','内网IP','{}','{\"msg\":\"操作成功\",\"code\":200}',0,NULL,'2023-04-12 16:01:12'),(249,'用户管理',3,'com.fudian.web.controller.system.SysUserController.remove()','DELETE',1,'admin',NULL,'/system/user/2','192.168.0.3','内网IP','{}','{\"msg\":\"操作成功\",\"code\":200}',0,NULL,'2023-04-12 16:01:19'),(250,'用户管理',1,'com.fudian.web.controller.system.SysUserController.add()','POST',1,'admin',NULL,'/system/user','192.168.0.3','内网IP','{\"admin\":false,\"createBy\":\"admin\",\"nickName\":\"李四\",\"params\":{},\"postIds\":[],\"roleIds\":[],\"status\":\"0\",\"userId\":1004,\"userName\":\"lisi\"}','{\"msg\":\"操作成功\",\"code\":200}',0,NULL,'2023-04-12 16:01:34'),(251,'用户管理',1,'com.fudian.web.controller.system.SysUserController.add()','POST',1,'admin',NULL,'/system/user','192.168.0.3','内网IP','{\"admin\":false,\"createBy\":\"admin\",\"nickName\":\"王五\",\"params\":{},\"postIds\":[],\"roleIds\":[],\"status\":\"0\",\"userId\":1005,\"userName\":\"wangwu\"}','{\"msg\":\"操作成功\",\"code\":200}',0,NULL,'2023-04-12 16:01:50'),(252,'角色管理',1,'com.fudian.web.controller.system.SysRoleController.add()','POST',1,'admin',NULL,'/system/role','192.168.0.3','内网IP','{\"admin\":false,\"createBy\":\"admin\",\"deptCheckStrictly\":true,\"deptIds\":[],\"flag\":false,\"menuCheckStrictly\":true,\"menuIds\":[2000,2001,2002,2008,2009,2017,2018,2019,2020],\"params\":{},\"roleId\":100,\"roleKey\":\"xmgly\",\"roleName\":\"项目管理员\",\"roleSort\":3,\"status\":\"0\"}','{\"msg\":\"操作成功\",\"code\":200}',0,NULL,'2023-04-12 16:05:35'),(253,'角色管理',1,'com.fudian.web.controller.system.SysRoleController.add()','POST',1,'admin',NULL,'/system/role','192.168.0.3','内网IP','{\"admin\":false,\"createBy\":\"admin\",\"deptCheckStrictly\":true,\"deptIds\":[],\"flag\":false,\"menuCheckStrictly\":true,\"menuIds\":[2014,2015,2016],\"params\":{},\"roleId\":101,\"roleKey\":\"ywgly\",\"roleName\":\"业务管理员\",\"roleSort\":0,\"status\":\"0\"}','{\"msg\":\"操作成功\",\"code\":200}',0,NULL,'2023-04-12 16:06:11'),(254,'角色管理',1,'com.fudian.web.controller.system.SysRoleController.add()','POST',1,'admin',NULL,'/system/role','192.168.0.3','内网IP','{\"admin\":false,\"createBy\":\"admin\",\"deptCheckStrictly\":true,\"deptIds\":[],\"flag\":false,\"menuCheckStrictly\":true,\"menuIds\":[1,100,1000,1001,1002,1003,1004,1005,1006,101,1007,1008,1009,1010,1011,102,1012,1013,1014,1015,103,1016,1017,1018,1019,104,1020,1021,1022,1023,1024,105,1025,1026,1027,1028,1029,106,1030,1031,1032,1033,1034,107,1035,1036,1037,1038,108,500,1039,1040,1041,501,1042,1043,1044,1045,2,109,1046,1047,1048,110,1049,1050,1051,1052,1053,1054,111,112,113,114,3,115,116,1055,1056,1057,1058,1059,1060,117,4],\"params\":{},\"roleId\":102,\"roleKey\":\"xtgly\",\"roleName\":\"系统管理员\",\"roleSort\":0,\"status\":\"0\"}','{\"msg\":\"操作成功\",\"code\":200}',0,NULL,'2023-04-12 16:06:30'),(255,'角色管理',1,'com.fudian.web.controller.system.SysRoleController.add()','POST',1,'admin',NULL,'/system/role','192.168.0.3','内网IP','{\"admin\":false,\"createBy\":\"admin\",\"deptCheckStrictly\":true,\"deptIds\":[],\"flag\":false,\"menuCheckStrictly\":true,\"menuIds\":[2003,2005],\"params\":{},\"roleId\":103,\"roleKey\":\"fjjs\",\"roleName\":\"分件角色\",\"roleSort\":0,\"status\":\"0\"}','{\"msg\":\"操作成功\",\"code\":200}',0,NULL,'2023-04-12 16:06:57'),(256,'角色管理',1,'com.fudian.web.controller.system.SysRoleController.add()','POST',1,'admin',NULL,'/system/role','192.168.0.3','内网IP','{\"admin\":false,\"createBy\":\"admin\",\"deptCheckStrictly\":true,\"deptIds\":[],\"flag\":false,\"menuCheckStrictly\":true,\"menuIds\":[2003,2011],\"params\":{},\"roleId\":104,\"roleKey\":\"txcl\",\"roleName\":\"图像处理\",\"roleSort\":0,\"status\":\"0\"}','{\"msg\":\"操作成功\",\"code\":200}',0,NULL,'2023-04-12 16:07:27'),(257,'角色管理',1,'com.fudian.web.controller.system.SysRoleController.add()','POST',1,'admin',NULL,'/system/role','192.168.0.3','内网IP','{\"admin\":false,\"createBy\":\"admin\",\"deptCheckStrictly\":true,\"deptIds\":[],\"flag\":false,\"menuCheckStrictly\":true,\"menuIds\":[2003,2012],\"params\":{},\"roleId\":105,\"roleKey\":\"txzj\",\"roleName\":\"图像质检\",\"roleSort\":0,\"status\":\"0\"}','{\"msg\":\"操作成功\",\"code\":200}',0,NULL,'2023-04-12 16:07:45'),(258,'角色管理',1,'com.fudian.web.controller.system.SysRoleController.add()','POST',1,'admin',NULL,'/system/role','192.168.0.3','内网IP','{\"admin\":false,\"createBy\":\"admin\",\"deptCheckStrictly\":true,\"deptIds\":[],\"flag\":false,\"menuCheckStrictly\":true,\"menuIds\":[2003,2006],\"params\":{},\"roleId\":106,\"roleKey\":\"mlzl\",\"roleName\":\"目录著录\",\"roleSort\":0,\"status\":\"0\"}','{\"msg\":\"操作成功\",\"code\":200}',0,NULL,'2023-04-12 16:08:05'),(259,'角色管理',1,'com.fudian.web.controller.system.SysRoleController.add()','POST',1,'admin',NULL,'/system/role','192.168.0.3','内网IP','{\"admin\":false,\"createBy\":\"admin\",\"deptCheckStrictly\":true,\"deptIds\":[],\"flag\":false,\"menuCheckStrictly\":true,\"menuIds\":[2003,2007],\"params\":{},\"roleId\":107,\"roleKey\":\"sjzj\",\"roleName\":\"数据质检\",\"roleSort\":0,\"status\":\"0\"}','{\"msg\":\"操作成功\",\"code\":200}',0,NULL,'2023-04-12 16:08:16'),(260,'角色管理',1,'com.fudian.web.controller.system.SysRoleController.add()','POST',1,'admin',NULL,'/system/role','192.168.0.3','内网IP','{\"admin\":false,\"createBy\":\"admin\",\"deptCheckStrictly\":true,\"deptIds\":[],\"flag\":false,\"menuCheckStrictly\":true,\"menuIds\":[2021,2022,2023],\"params\":{},\"roleId\":108,\"roleKey\":\"cjjs\",\"roleName\":\"抽检角色\",\"roleSort\":0,\"status\":\"0\"}','{\"msg\":\"操作成功\",\"code\":200}',0,NULL,'2023-04-12 16:08:28'),(261,'角色管理',2,'com.fudian.web.controller.system.SysRoleController.edit()','PUT',1,'admin',NULL,'/system/role','192.168.0.3','内网IP','{\"admin\":false,\"createTime\":\"2023-04-12 16:06:30\",\"dataScope\":\"1\",\"delFlag\":\"0\",\"deptCheckStrictly\":true,\"flag\":false,\"menuCheckStrictly\":true,\"menuIds\":[2017,2018,2019,2020,1,100,1000,1001,1002,1003,1004,1005,1006,101,1007,1008,1009,1010,1011,102,1012,1013,1014,1015,103,1016,1017,1018,1019,104,1020,1021,1022,1023,1024,105,1025,1026,1027,1028,1029,106,1030,1031,1032,1033,1034,107,1035,1036,1037,1038,108,500,1039,1040,1041,501,1042,1043,1044,1045,2,109,1046,1047,1048,110,1049,1050,1051,1052,1053,1054,111,112,113,114,3,115,116,1055,1056,1057,1058,1059,1060,117,4],\"params\":{},\"roleId\":102,\"roleKey\":\"xtgly\",\"roleName\":\"系统管理员\",\"roleSort\":0,\"status\":\"0\",\"updateBy\":\"admin\"}','{\"msg\":\"操作成功\",\"code\":200}',0,NULL,'2023-04-12 16:08:42'),(262,'用户管理',2,'com.fudian.web.controller.system.SysUserController.edit()','PUT',1,'admin',NULL,'/system/user','192.168.0.3','内网IP','{\"admin\":false,\"avatar\":\"/profile/avatar/2023/01/12/blob_20230112141028A001.png\",\"createBy\":\"admin\",\"createTime\":\"2023-01-12 14:00:00\",\"delFlag\":\"0\",\"email\":\"xingkong_0724@163.com\",\"loginDate\":\"2023-03-02 11:13:08\",\"loginIp\":\"127.0.0.1\",\"nickName\":\"刘朋\",\"params\":{},\"phonenumber\":\"15227175837\",\"postIds\":[1],\"remark\":\"测试\",\"roleIds\":[103],\"roles\":[{\"admin\":false,\"dataScope\":\"2\",\"deptCheckStrictly\":false,\"flag\":false,\"menuCheckStrictly\":false,\"params\":{},\"roleId\":2,\"roleKey\":\"common\",\"roleName\":\"普通角色\",\"roleSort\":2,\"status\":\"0\"}],\"sex\":\"0\",\"status\":\"0\",\"updateBy\":\"admin\",\"userId\":102,\"userName\":\"liupeng\"}','{\"msg\":\"操作成功\",\"code\":200}',0,NULL,'2023-04-12 16:09:06'),(263,'用户管理',2,'com.fudian.web.controller.system.SysUserController.resetPwd()','PUT',1,'admin',NULL,'/system/user/resetPwd','192.168.0.3','内网IP','{\"admin\":false,\"params\":{},\"updateBy\":\"admin\",\"userId\":102}','{\"msg\":\"操作成功\",\"code\":200}',0,NULL,'2023-04-12 16:09:16'),(264,'代码生成',6,'com.fudian.generator.controller.GenController.importTableSave()','POST',1,'admin',NULL,'/tool/gen/importTable','127.0.0.1','内网IP','\"t_batch\"','{\"msg\":\"操作成功\",\"code\":200}',0,NULL,'2023-04-13 09:43:59'),(265,'代码生成',8,'com.fudian.generator.controller.GenController.batchGenCode()','GET',1,'admin',NULL,'/tool/gen/batchGenCode','127.0.0.1','内网IP','{\"tables\":\"t_batch\"}',NULL,0,NULL,'2023-04-13 09:44:04'),(266,'代码生成',3,'com.fudian.generator.controller.GenController.remove()','DELETE',1,'admin',NULL,'/tool/gen/1','127.0.0.1','内网IP','{}','{\"msg\":\"操作成功\",\"code\":200}',0,NULL,'2023-04-13 09:44:59'),(267,'菜单管理',1,'com.fudian.web.controller.system.SysMenuController.add()','POST',1,'admin',NULL,'/system/menu','127.0.0.1','内网IP','{\"children\":[],\"createBy\":\"admin\",\"isCache\":\"0\",\"isFrame\":\"1\",\"menuName\":\"元数据管理\",\"menuType\":\"C\",\"orderNum\":2,\"params\":{},\"parentId\":2014,\"path\":\"metadata\",\"status\":\"0\",\"visible\":\"0\"}','{\"msg\":\"操作成功\",\"code\":200}',0,NULL,'2023-04-13 10:58:02'),(268,'菜单管理',2,'com.fudian.web.controller.system.SysMenuController.edit()','PUT',1,'admin',NULL,'/system/menu','127.0.0.1','内网IP','{\"children\":[],\"component\":\"szhjg/ywgl/gxhjgl/index\",\"createTime\":\"2023-02-03 17:02:58\",\"icon\":\"#\",\"isCache\":\"0\",\"isFrame\":\"1\",\"menuId\":2016,\"menuName\":\"工序环节管理\",\"menuType\":\"C\",\"orderNum\":3,\"params\":{},\"parentId\":2014,\"path\":\"gxhjgl\",\"perms\":\"\",\"status\":\"0\",\"updateBy\":\"admin\",\"visible\":\"0\"}','{\"msg\":\"操作成功\",\"code\":200}',0,NULL,'2023-04-13 10:58:13'),(269,'菜单管理',2,'com.fudian.web.controller.system.SysMenuController.edit()','PUT',1,'admin',NULL,'/system/menu','127.0.0.1','内网IP','{\"children\":[],\"component\":\"szhjg/ywgl/gxhjgl/index\",\"createTime\":\"2023-02-03 17:02:58\",\"icon\":\"#\",\"isCache\":\"0\",\"isFrame\":\"1\",\"menuId\":2016,\"menuName\":\"工序环节管理\",\"menuType\":\"C\",\"orderNum\":4,\"params\":{},\"parentId\":2014,\"path\":\"gxhjgl\",\"perms\":\"\",\"status\":\"0\",\"updateBy\":\"admin\",\"visible\":\"0\"}','{\"msg\":\"操作成功\",\"code\":200}',0,NULL,'2023-04-13 12:00:19'),(270,'菜单管理',2,'com.fudian.web.controller.system.SysMenuController.edit()','PUT',1,'admin',NULL,'/system/menu','127.0.0.1','内网IP','{\"children\":[],\"component\":\"szhjg/ywgl/setfield/metadata/index\",\"createTime\":\"2023-04-13 10:58:02\",\"icon\":\"#\",\"isCache\":\"0\",\"isFrame\":\"1\",\"menuId\":2024,\"menuName\":\"元数据管理\",\"menuType\":\"C\",\"orderNum\":2,\"params\":{},\"parentId\":2014,\"path\":\"setfield/metadata\",\"perms\":\"\",\"status\":\"0\",\"updateBy\":\"admin\",\"visible\":\"0\"}','{\"msg\":\"操作成功\",\"code\":200}',0,NULL,'2023-04-13 12:01:11'),(271,'菜单管理',1,'com.fudian.web.controller.system.SysMenuController.add()','POST',1,'admin',NULL,'/system/menu','127.0.0.1','内网IP','{\"children\":[],\"component\":\"szhjg/ywgl/setfield/metadata/index\",\"createBy\":\"admin\",\"isCache\":\"0\",\"isFrame\":\"1\",\"menuName\":\"数据字段管理\",\"menuType\":\"C\",\"orderNum\":3,\"params\":{},\"parentId\":2014,\"path\":\"setfield/template\",\"status\":\"0\",\"visible\":\"0\"}','{\"msg\":\"操作成功\",\"code\":200}',0,NULL,'2023-04-13 12:03:12'),(272,'菜单管理',2,'com.fudian.web.controller.system.SysMenuController.edit()','PUT',1,'admin',NULL,'/system/menu','127.0.0.1','内网IP','{\"children\":[],\"component\":\"szhjg/ywgl/setfield/template/index\",\"createTime\":\"2023-04-13 12:03:12\",\"icon\":\"#\",\"isCache\":\"0\",\"isFrame\":\"1\",\"menuId\":2025,\"menuName\":\"数据字段管理\",\"menuType\":\"C\",\"orderNum\":3,\"params\":{},\"parentId\":2014,\"path\":\"setfield/template\",\"perms\":\"\",\"status\":\"0\",\"updateBy\":\"admin\",\"visible\":\"0\"}','{\"msg\":\"操作成功\",\"code\":200}',0,NULL,'2023-04-14 11:41:09'),(273,'菜单管理',2,'com.fudian.web.controller.system.SysMenuController.edit()','PUT',1,'admin',NULL,'/system/menu','127.0.0.1','内网IP','{\"children\":[],\"component\":\"szhjg/ywgl/setfield/template/index\",\"createTime\":\"2023-04-13 12:03:12\",\"icon\":\"#\",\"isCache\":\"0\",\"isFrame\":\"1\",\"menuId\":2025,\"menuName\":\"数据字段管理\",\"menuType\":\"C\",\"orderNum\":3,\"params\":{},\"parentId\":2014,\"path\":\"setfield/template\",\"perms\":\"\",\"status\":\"0\",\"updateBy\":\"admin\",\"visible\":\"0\"}','{\"msg\":\"操作成功\",\"code\":200}',0,NULL,'2023-04-14 12:10:41'),(274,'用户管理',2,'com.fudian.web.controller.system.SysUserController.edit()','PUT',1,'admin',NULL,'/system/user','127.0.0.1','内网IP','{\"admin\":true,\"avatar\":\"\",\"createBy\":\"admin\",\"createTime\":\"2023-01-05 14:21:37\",\"delFlag\":\"0\",\"dept\":{\"ancestors\":\"0,100,101\",\"children\":[],\"deptId\":103,\"deptName\":\"研发部门\",\"leader\":\"若依\",\"orderNum\":1,\"params\":{},\"parentId\":101,\"status\":\"0\"},\"deptId\":103,\"email\":\"ry@163.com\",\"loginDate\":\"2023-04-19 09:56:26\",\"loginIp\":\"127.0.0.1\",\"nickName\":\"超级管理员\",\"params\":{},\"phonenumber\":\"15888888888\",\"postIds\":[1],\"remark\":\"管理员\",\"roleIds\":[1],\"roles\":[{\"admin\":true,\"dataScope\":\"1\",\"deptCheckStrictly\":false,\"flag\":false,\"menuCheckStrictly\":false,\"params\":{},\"roleId\":1,\"roleKey\":\"admin\",\"roleName\":\"超级管理员\",\"roleSort\":1,\"status\":\"0\"}],\"sex\":\"0\",\"status\":\"0\",\"userId\":1,\"userName\":\"admin\"}',NULL,1,'不允许操作超级管理员用户','2023-04-19 10:05:34'),(275,'用户管理',2,'com.fudian.web.controller.system.SysUserController.edit()','PUT',1,'admin',NULL,'/system/user','127.0.0.1','内网IP','{\"admin\":true,\"avatar\":\"\",\"createBy\":\"admin\",\"createTime\":\"2023-01-05 14:21:37\",\"delFlag\":\"0\",\"dept\":{\"ancestors\":\"0,100,101\",\"children\":[],\"deptId\":103,\"deptName\":\"研发部门\",\"leader\":\"若依\",\"orderNum\":1,\"params\":{},\"parentId\":101,\"status\":\"0\"},\"deptId\":103,\"email\":\"ry@163.com\",\"loginDate\":\"2023-04-19 09:56:26\",\"loginIp\":\"127.0.0.1\",\"nickName\":\"超级管理员\",\"params\":{},\"phonenumber\":\"15888888888\",\"postIds\":[1],\"remark\":\"管理员\",\"roleIds\":[1],\"roles\":[{\"admin\":true,\"dataScope\":\"1\",\"deptCheckStrictly\":false,\"flag\":false,\"menuCheckStrictly\":false,\"params\":{},\"roleId\":1,\"roleKey\":\"admin\",\"roleName\":\"超级管理员\",\"roleSort\":1,\"status\":\"0\"}],\"sex\":\"0\",\"status\":\"0\",\"userId\":1,\"userName\":\"admin\"}',NULL,1,'不允许操作超级管理员用户','2023-04-19 10:05:38'),(276,'字典类型',9,'com.fudian.web.controller.system.SysDictTypeController.refreshCache()','DELETE',1,'admin',NULL,'/system/dict/type/refreshCache','127.0.0.1','内网IP','{}','{\"msg\":\"操作成功\",\"code\":200}',0,NULL,'2023-04-19 17:28:10'),(277,'字典类型',1,'com.fudian.web.controller.system.SysDictTypeController.add()','POST',1,'admin',NULL,'/system/dict/type','127.0.0.1','内网IP','{\"createBy\":\"admin\",\"dictName\":\"元数据类型\",\"dictType\":\"md98\",\"params\":{},\"remark\":\"元数据数据类型\",\"status\":\"0\"}','{\"msg\":\"操作成功\",\"code\":200}',0,NULL,'2023-04-19 17:32:02'),(278,'字典数据',1,'com.fudian.web.controller.system.SysDictDataController.add()','POST',1,'admin',NULL,'/system/dict/data','127.0.0.1','内网IP','{\"createBy\":\"admin\",\"default\":false,\"dictLabel\":\"字符\",\"dictSort\":0,\"dictType\":\"md98\",\"dictValue\":\"varchar\",\"listClass\":\"default\",\"params\":{},\"status\":\"0\"}','{\"msg\":\"操作成功\",\"code\":200}',0,NULL,'2023-04-19 17:34:52'),(279,'字典数据',1,'com.fudian.web.controller.system.SysDictDataController.add()','POST',1,'admin',NULL,'/system/dict/data','127.0.0.1','内网IP','{\"createBy\":\"admin\",\"default\":false,\"dictLabel\":\"数字\",\"dictSort\":1,\"dictType\":\"md98\",\"dictValue\":\"int\",\"listClass\":\"default\",\"params\":{},\"status\":\"0\"}','{\"msg\":\"操作成功\",\"code\":200}',0,NULL,'2023-04-19 17:35:25'),(280,'字典数据',1,'com.fudian.web.controller.system.SysDictDataController.add()','POST',1,'admin',NULL,'/system/dict/data','127.0.0.1','内网IP','{\"createBy\":\"admin\",\"default\":false,\"dictLabel\":\"时间\",\"dictSort\":2,\"dictType\":\"md98\",\"dictValue\":\"datetime\",\"listClass\":\"default\",\"params\":{},\"status\":\"0\"}','{\"msg\":\"操作成功\",\"code\":200}',0,NULL,'2023-04-19 17:35:54'),(281,'字典类型',1,'com.fudian.web.controller.system.SysDictTypeController.add()','POST',1,'admin',NULL,'/system/dict/type','127.0.0.1','内网IP','{\"createBy\":\"admin\",\"dictName\":\"性别\",\"dictType\":\"x_b\",\"params\":{},\"remark\":\"元数据对应性别类型\",\"status\":\"0\"}','{\"msg\":\"操作成功\",\"code\":200}',0,NULL,'2023-04-25 17:29:12'),(282,'字典数据',1,'com.fudian.web.controller.system.SysDictDataController.add()','POST',1,'admin',NULL,'/system/dict/data','127.0.0.1','内网IP','{\"createBy\":\"admin\",\"default\":false,\"dictLabel\":\"男\",\"dictSort\":0,\"dictType\":\"x_b\",\"dictValue\":\"男\",\"listClass\":\"default\",\"params\":{},\"remark\":\"性别：男\",\"status\":\"0\"}','{\"msg\":\"操作成功\",\"code\":200}',0,NULL,'2023-04-25 17:30:51'),(283,'字典数据',1,'com.fudian.web.controller.system.SysDictDataController.add()','POST',1,'admin',NULL,'/system/dict/data','127.0.0.1','内网IP','{\"createBy\":\"admin\",\"default\":false,\"dictLabel\":\"女\",\"dictSort\":1,\"dictType\":\"x_b\",\"dictValue\":\"女\",\"listClass\":\"default\",\"params\":{},\"remark\":\"性别：女\",\"status\":\"0\"}','{\"msg\":\"操作成功\",\"code\":200}',0,NULL,'2023-04-25 17:31:18'),(284,'字典数据',1,'com.fudian.web.controller.system.SysDictDataController.add()','POST',1,'admin',NULL,'/system/dict/data','127.0.0.1','内网IP','{\"createBy\":\"admin\",\"default\":false,\"dictLabel\":\"其他\",\"dictSort\":2,\"dictType\":\"x_b\",\"dictValue\":\"其他\",\"listClass\":\"default\",\"params\":{},\"remark\":\"性别：其他\",\"status\":\"0\"}','{\"msg\":\"操作成功\",\"code\":200}',0,NULL,'2023-04-25 17:32:19'),(285,'菜单管理',2,'com.fudian.web.controller.system.SysMenuController.edit()','PUT',1,'admin',NULL,'/system/menu','127.0.0.1','内网IP','{\"children\":[],\"component\":\"szhjg/ywgl/gxhjgl/index\",\"createTime\":\"2023-02-03 17:02:58\",\"icon\":\"#\",\"isCache\":\"0\",\"isFrame\":\"1\",\"menuId\":2016,\"menuName\":\"工序环节管理\",\"menuType\":\"C\",\"orderNum\":5,\"params\":{},\"parentId\":2014,\"path\":\"gxhjgl\",\"perms\":\"\",\"status\":\"0\",\"updateBy\":\"admin\",\"visible\":\"0\"}','{\"msg\":\"操作成功\",\"code\":200}',0,NULL,'2023-04-25 18:23:21'),(286,'菜单管理',1,'com.fudian.web.controller.system.SysMenuController.add()','POST',1,'admin',NULL,'/system/menu','127.0.0.1','内网IP','{\"children\":[],\"component\":\"szhjg/ywgl/setfield/xmaintenance/index\",\"createBy\":\"admin\",\"isCache\":\"0\",\"isFrame\":\"1\",\"menuName\":\"字段选择维护\",\"menuType\":\"C\",\"orderNum\":4,\"params\":{},\"parentId\":2014,\"path\":\"setfield/xmaintenance\",\"status\":\"0\",\"visible\":\"0\"}','{\"msg\":\"操作成功\",\"code\":200}',0,NULL,'2023-04-25 18:26:48'),(287,'用户管理',1,'com.fudian.web.controller.system.SysUserController.add()','POST',1,'admin',NULL,'/system/user','127.0.0.1','内网IP','{\"admin\":false,\"createBy\":\"admin\",\"deptId\":103,\"nickName\":\"test1\",\"params\":{},\"postIds\":[],\"roleIds\":[],\"status\":\"0\",\"userId\":1006,\"userName\":\"admin1\"}','{\"msg\":\"操作成功\",\"code\":200}',0,NULL,'2023-04-26 11:11:35'),(288,'字典类型',1,'com.fudian.web.controller.system.SysDictTypeController.add()','POST',1,'admin',NULL,'/system/dict/type','127.0.0.1','内网IP','{\"createBy\":\"admin\",\"dictName\":\"字段正则表达式验证\",\"dictType\":\"regex99\",\"params\":{},\"status\":\"0\"}','{\"msg\":\"操作成功\",\"code\":200}',0,NULL,'2023-04-27 16:48:29'),(289,'字典数据',1,'com.fudian.web.controller.system.SysDictDataController.add()','POST',1,'admin',NULL,'/system/dict/data','127.0.0.1','内网IP','{\"createBy\":\"admin\",\"default\":false,\"dictLabel\":\"只能输入数字(正整数)\",\"dictSort\":0,\"dictType\":\"regex99\",\"dictValue\":\"/^[0-9]\\\\d*$/\",\"listClass\":\"default\",\"params\":{},\"status\":\"0\"}','{\"msg\":\"操作成功\",\"code\":200}',0,NULL,'2023-04-27 17:23:10'),(290,'字典数据',2,'com.fudian.web.controller.system.SysDictDataController.edit()','PUT',1,'admin',NULL,'/system/dict/data','127.0.0.1','内网IP','{\"createBy\":\"admin\",\"createTime\":\"2023-04-27 17:23:10\",\"default\":false,\"dictCode\":124,\"dictLabel\":\"数字(正整数)\",\"dictSort\":0,\"dictType\":\"regex99\",\"dictValue\":\"/^[0-9]\\\\d*$/\",\"isDefault\":\"N\",\"listClass\":\"default\",\"params\":{},\"status\":\"0\",\"updateBy\":\"admin\"}','{\"msg\":\"操作成功\",\"code\":200}',0,NULL,'2023-04-27 17:26:59'),(291,'字典数据',1,'com.fudian.web.controller.system.SysDictDataController.add()','POST',1,'admin',NULL,'/system/dict/data','127.0.0.1','内网IP','{\"createBy\":\"admin\",\"default\":false,\"dictLabel\":\"字母\",\"dictSort\":1,\"dictType\":\"regex99\",\"dictValue\":\"/^[a-zA-Z]+$/\",\"listClass\":\"default\",\"params\":{},\"status\":\"0\"}','{\"msg\":\"操作成功\",\"code\":200}',0,NULL,'2023-04-27 17:32:25'),(292,'字典数据',1,'com.fudian.web.controller.system.SysDictDataController.add()','POST',1,'admin',NULL,'/system/dict/data','127.0.0.1','内网IP','{\"createBy\":\"admin\",\"default\":false,\"dictLabel\":\"数字组成,长度为3\",\"dictSort\":1,\"dictType\":\"regex99\",\"dictValue\":\"/^[\\\\d]{3}$/\",\"listClass\":\"default\",\"params\":{},\"status\":\"0\"}','{\"msg\":\"操作成功\",\"code\":200}',0,NULL,'2023-04-27 17:33:47'),(293,'字典数据',1,'com.fudian.web.controller.system.SysDictDataController.add()','POST',1,'admin',NULL,'/system/dict/data','127.0.0.1','内网IP','{\"createBy\":\"admin\",\"default\":false,\"dictLabel\":\"数字组成,长度为4\",\"dictSort\":3,\"dictType\":\"regex99\",\"dictValue\":\"/^[\\\\d]{4}$/\",\"listClass\":\"default\",\"params\":{},\"status\":\"0\"}','{\"msg\":\"操作成功\",\"code\":200}',0,NULL,'2023-04-27 17:36:46'),(294,'字典数据',2,'com.fudian.web.controller.system.SysDictDataController.edit()','PUT',1,'admin',NULL,'/system/dict/data','127.0.0.1','内网IP','{\"createBy\":\"admin\",\"createTime\":\"2023-04-27 17:36:46\",\"default\":false,\"dictCode\":127,\"dictLabel\":\"数字组成,长度为4\",\"dictSort\":2,\"dictType\":\"regex99\",\"dictValue\":\"/^[\\\\d]{4}$/\",\"isDefault\":\"N\",\"listClass\":\"default\",\"params\":{},\"status\":\"0\",\"updateBy\":\"admin\"}','{\"msg\":\"操作成功\",\"code\":200}',0,NULL,'2023-04-27 17:36:55'),(295,'字典数据',2,'com.fudian.web.controller.system.SysDictDataController.edit()','PUT',1,'admin',NULL,'/system/dict/data','127.0.0.1','内网IP','{\"createBy\":\"admin\",\"createTime\":\"2023-04-27 17:23:10\",\"default\":false,\"dictCode\":124,\"dictLabel\":\"数字(正整数)\",\"dictSort\":0,\"dictType\":\"regex99\",\"dictValue\":\"/^[\\\\d]+$/\",\"isDefault\":\"N\",\"listClass\":\"default\",\"params\":{},\"remark\":\"/^[0-9]\\\\d*$/   \",\"status\":\"0\",\"updateBy\":\"admin\"}','{\"msg\":\"操作成功\",\"code\":200}',0,NULL,'2023-04-27 17:38:40'),(296,'字典数据',2,'com.fudian.web.controller.system.SysDictDataController.edit()','PUT',1,'admin',NULL,'/system/dict/data','127.0.0.1','内网IP','{\"createBy\":\"admin\",\"createTime\":\"2023-04-27 17:23:10\",\"default\":false,\"dictCode\":124,\"dictLabel\":\"数字\",\"dictSort\":0,\"dictType\":\"regex99\",\"dictValue\":\"/^[\\\\d]+$/\",\"isDefault\":\"N\",\"listClass\":\"default\",\"params\":{},\"remark\":\"/^[0-9]\\\\d*$/   \",\"status\":\"0\",\"updateBy\":\"admin\"}','{\"msg\":\"操作成功\",\"code\":200}',0,NULL,'2023-04-27 17:38:50'),(297,'字典类型',3,'com.fudian.web.controller.system.SysDictDataController.remove()','DELETE',1,'admin',NULL,'/system/dict/data/125','127.0.0.1','内网IP','{}','{\"msg\":\"操作成功\",\"code\":200}',0,NULL,'2023-04-27 18:04:03'),(298,'字典数据',1,'com.fudian.web.controller.system.SysDictDataController.add()','POST',1,'admin',NULL,'/system/dict/data','127.0.0.1','内网IP','{\"createBy\":\"admin\",\"default\":false,\"dictLabel\":\"年份\",\"dictSort\":3,\"dictType\":\"regex99\",\"dictValue\":\"/^(19\\\\d\\\\d|20\\\\d\\\\d|2100)$/\",\"listClass\":\"default\",\"params\":{},\"status\":\"0\"}','{\"msg\":\"操作成功\",\"code\":200}',0,NULL,'2023-04-27 18:06:17'),(299,'字典数据',1,'com.fudian.web.controller.system.SysDictDataController.add()','POST',1,'admin',NULL,'/system/dict/data','127.0.0.1','内网IP','{\"createBy\":\"admin\",\"default\":false,\"dictLabel\":\"月份\",\"dictSort\":4,\"dictType\":\"regex99\",\"dictValue\":\"/^(0?[1-9]|1[0-2])$/\",\"listClass\":\"default\",\"params\":{},\"status\":\"0\"}','{\"msg\":\"操作成功\",\"code\":200}',0,NULL,'2023-04-27 18:06:43'),(300,'字典数据',1,'com.fudian.web.controller.system.SysDictDataController.add()','POST',1,'admin',NULL,'/system/dict/data','127.0.0.1','内网IP','{\"createBy\":\"admin\",\"default\":false,\"dictLabel\":\"日期\",\"dictSort\":5,\"dictType\":\"regex99\",\"dictValue\":\"/^((0?[1-9])|((1|2)[0-9])|30|31)$/\",\"listClass\":\"default\",\"params\":{},\"status\":\"0\"}','{\"msg\":\"操作成功\",\"code\":200}',0,NULL,'2023-04-27 18:07:19'),(301,'用户管理',2,'com.fudian.web.controller.system.SysUserController.edit()','PUT',1,'admin',NULL,'/szhjg-prod-api/system/user','127.0.0.1','内网IP','{\"admin\":false,\"avatar\":\"/profile/avatar/2023/01/12/blob_20230112141028A001.png\",\"createBy\":\"admin\",\"createTime\":\"2023-01-12 14:00:00\",\"delFlag\":\"0\",\"email\":\"xingkong_0724@163.com\",\"loginDate\":\"2023-04-12 16:09:25\",\"loginIp\":\"192.168.0.3\",\"nickName\":\"刘朋\",\"params\":{},\"phonenumber\":\"15227175837\",\"postIds\":[1],\"remark\":\"测试\",\"roleIds\":[2],\"roles\":[{\"admin\":false,\"dataScope\":\"1\",\"deptCheckStrictly\":false,\"flag\":false,\"menuCheckStrictly\":false,\"params\":{},\"roleId\":103,\"roleKey\":\"fjjs\",\"roleName\":\"分件角色\",\"roleSort\":0,\"status\":\"0\"}],\"sex\":\"0\",\"status\":\"0\",\"updateBy\":\"admin\",\"userId\":102,\"userName\":\"liupeng\"}','{\"msg\":\"操作成功\",\"code\":200}',0,NULL,'2023-04-28 12:25:26'),(302,'角色管理',1,'com.fudian.web.controller.system.SysRoleController.add()','POST',1,'admin',NULL,'/system/role','127.0.0.1','内网IP','{\"admin\":false,\"createBy\":\"admin\",\"deptCheckStrictly\":true,\"deptIds\":[],\"flag\":false,\"menuCheckStrictly\":true,\"menuIds\":[2003,2010],\"params\":{},\"roleId\":109,\"roleKey\":\"txsm\",\"roleName\":\"图像扫描\",\"roleSort\":0,\"status\":\"0\"}','{\"msg\":\"操作成功\",\"code\":200}',0,NULL,'2023-05-08 13:59:26'),(303,'角色管理',2,'com.fudian.web.controller.system.SysRoleController.edit()','PUT',1,'admin',NULL,'/system/role','127.0.0.1','内网IP','{\"admin\":false,\"createTime\":\"2023-04-12 16:06:11\",\"dataScope\":\"1\",\"delFlag\":\"0\",\"deptCheckStrictly\":true,\"flag\":false,\"menuCheckStrictly\":true,\"menuIds\":[2014,2015,2024,2025,2026,2016],\"params\":{},\"roleId\":101,\"roleKey\":\"ywgly\",\"roleName\":\"业务管理员\",\"roleSort\":0,\"status\":\"0\",\"updateBy\":\"admin\"}','{\"msg\":\"操作成功\",\"code\":200}',0,NULL,'2023-05-08 13:59:42'),(304,'角色管理',4,'com.fudian.web.controller.system.SysRoleController.selectAuthUserAll()','PUT',1,'admin',NULL,'/system/role/authUser/selectAll','127.0.0.1','内网IP','103 [1003]','{\"msg\":\"操作成功\",\"code\":200}',0,NULL,'2023-05-08 14:05:58'),(305,'角色管理',4,'com.fudian.web.controller.system.SysRoleController.cancelAuthUserAll()','PUT',1,'admin',NULL,'/system/role/authUser/cancelAll','127.0.0.1','内网IP','103 [1003]','{\"msg\":\"操作成功\",\"code\":200}',0,NULL,'2023-05-08 14:06:05'),(306,'角色管理',4,'com.fudian.web.controller.system.SysRoleController.selectAuthUserAll()','PUT',1,'admin',NULL,'/system/role/authUser/selectAll','127.0.0.1','内网IP','103 [1003]','{\"msg\":\"操作成功\",\"code\":200}',0,NULL,'2023-05-08 14:06:11'),(307,'用户管理',4,'com.fudian.web.controller.system.SysUserController.insertAuthRole()','PUT',1,'admin',NULL,'/system/user/authRole','127.0.0.1','内网IP','1003 [103,104,109]','{\"msg\":\"操作成功\",\"code\":200}',0,NULL,'2023-05-08 14:17:37'),(308,'个人信息',2,'com.fudian.web.controller.system.SysProfileController.updateProfile()','PUT',1,'zhangsan',NULL,'/system/user/profile','192.168.0.16','内网IP','{\"admin\":false,\"avatar\":\"\",\"createBy\":\"admin\",\"createTime\":\"2023-04-12 16:00:49\",\"delFlag\":\"0\",\"email\":\"985550642@qq.com\",\"loginDate\":\"2023-05-08 15:47:42\",\"loginIp\":\"192.168.0.16\",\"nickName\":\"张三\",\"params\":{},\"phonenumber\":\"18311156739\",\"roles\":[{\"admin\":false,\"dataScope\":\"1\",\"deptCheckStrictly\":false,\"flag\":false,\"menuCheckStrictly\":false,\"params\":{},\"permissions\":[],\"roleId\":103,\"roleKey\":\"fjjs\",\"roleName\":\"分件角色\",\"roleSort\":0,\"status\":\"0\"},{\"admin\":false,\"dataScope\":\"1\",\"deptCheckStrictly\":false,\"flag\":false,\"menuCheckStrictly\":false,\"params\":{},\"permissions\":[],\"roleId\":104,\"roleKey\":\"txcl\",\"roleName\":\"图像处理\",\"roleSort\":0,\"status\":\"0\"},{\"admin\":false,\"dataScope\":\"1\",\"deptCheckStrictly\":false,\"flag\":false,\"menuCheckStrictly\":false,\"params\":{},\"permissions\":[],\"roleId\":109,\"roleKey\":\"txsm\",\"roleName\":\"图像扫描\",\"roleSort\":0,\"status\":\"0\"}],\"sex\":\"0\",\"status\":\"0\",\"userId\":1003,\"userName\":\"zhangsan\"}','{\"msg\":\"修改用户\'zhangsan\'失败，手机号码已存在\",\"code\":500}',0,NULL,'2023-05-08 16:25:36'),(309,'个人信息',2,'com.fudian.web.controller.system.SysProfileController.updateProfile()','PUT',1,'zhangsan',NULL,'/system/user/profile','192.168.0.16','内网IP','{\"admin\":false,\"avatar\":\"\",\"createBy\":\"admin\",\"createTime\":\"2023-04-12 16:00:49\",\"delFlag\":\"0\",\"email\":\"985550642@qq.com\",\"loginDate\":\"2023-05-08 15:47:42\",\"loginIp\":\"192.168.0.16\",\"nickName\":\"张三\",\"params\":{},\"phonenumber\":\"18311156739\",\"roles\":[{\"admin\":false,\"dataScope\":\"1\",\"deptCheckStrictly\":false,\"flag\":false,\"menuCheckStrictly\":false,\"params\":{},\"permissions\":[],\"roleId\":103,\"roleKey\":\"fjjs\",\"roleName\":\"分件角色\",\"roleSort\":0,\"status\":\"0\"},{\"admin\":false,\"dataScope\":\"1\",\"deptCheckStrictly\":false,\"flag\":false,\"menuCheckStrictly\":false,\"params\":{},\"permissions\":[],\"roleId\":104,\"roleKey\":\"txcl\",\"roleName\":\"图像处理\",\"roleSort\":0,\"status\":\"0\"},{\"admin\":false,\"dataScope\":\"1\",\"deptCheckStrictly\":false,\"flag\":false,\"menuCheckStrictly\":false,\"params\":{},\"permissions\":[],\"roleId\":109,\"roleKey\":\"txsm\",\"roleName\":\"图像扫描\",\"roleSort\":0,\"status\":\"0\"}],\"sex\":\"0\",\"status\":\"0\",\"userId\":1003,\"userName\":\"zhangsan\"}','{\"msg\":\"修改用户\'zhangsan\'失败，手机号码已存在\",\"code\":500}',0,NULL,'2023-05-08 16:25:41'),(310,'个人信息',2,'com.fudian.web.controller.system.SysProfileController.updateProfile()','PUT',1,'zhangsan',NULL,'/system/user/profile','192.168.0.16','内网IP','{\"admin\":false,\"createBy\":\"admin\",\"createTime\":\"2023-04-12 16:00:49\",\"delFlag\":\"0\",\"email\":\"985550642@qq.com\",\"loginDate\":\"2023-05-08 15:47:42\",\"loginIp\":\"192.168.0.16\",\"nickName\":\"李四\",\"params\":{},\"phonenumber\":\"18311156738\",\"roles\":[{\"admin\":false,\"dataScope\":\"1\",\"deptCheckStrictly\":false,\"flag\":false,\"menuCheckStrictly\":false,\"params\":{},\"permissions\":[],\"roleId\":103,\"roleKey\":\"fjjs\",\"roleName\":\"分件角色\",\"roleSort\":0,\"status\":\"0\"},{\"admin\":false,\"dataScope\":\"1\",\"deptCheckStrictly\":false,\"flag\":false,\"menuCheckStrictly\":false,\"params\":{},\"permissions\":[],\"roleId\":104,\"roleKey\":\"txcl\",\"roleName\":\"图像处理\",\"roleSort\":0,\"status\":\"0\"},{\"admin\":false,\"dataScope\":\"1\",\"deptCheckStrictly\":false,\"flag\":false,\"menuCheckStrictly\":false,\"params\":{},\"permissions\":[],\"roleId\":109,\"roleKey\":\"txsm\",\"roleName\":\"图像扫描\",\"roleSort\":0,\"status\":\"0\"}],\"sex\":\"0\",\"status\":\"0\",\"userId\":1003,\"userName\":\"zhangsan\"}','{\"msg\":\"操作成功\",\"code\":200}',0,NULL,'2023-05-08 16:25:57'),(311,'个人信息',2,'com.fudian.web.controller.system.SysProfileController.updateProfile()','PUT',1,'zhangsan',NULL,'/system/user/profile','192.168.0.16','内网IP','{\"admin\":false,\"createBy\":\"admin\",\"createTime\":\"2023-04-12 16:00:49\",\"delFlag\":\"0\",\"email\":\"985550642@qq.com\",\"loginDate\":\"2023-05-08 15:47:42\",\"loginIp\":\"192.168.0.16\",\"nickName\":\"张三\",\"params\":{},\"phonenumber\":\"18311156738\",\"roles\":[{\"admin\":false,\"dataScope\":\"1\",\"deptCheckStrictly\":false,\"flag\":false,\"menuCheckStrictly\":false,\"params\":{},\"permissions\":[],\"roleId\":103,\"roleKey\":\"fjjs\",\"roleName\":\"分件角色\",\"roleSort\":0,\"status\":\"0\"},{\"admin\":false,\"dataScope\":\"1\",\"deptCheckStrictly\":false,\"flag\":false,\"menuCheckStrictly\":false,\"params\":{},\"permissions\":[],\"roleId\":104,\"roleKey\":\"txcl\",\"roleName\":\"图像处理\",\"roleSort\":0,\"status\":\"0\"},{\"admin\":false,\"dataScope\":\"1\",\"deptCheckStrictly\":false,\"flag\":false,\"menuCheckStrictly\":false,\"params\":{},\"permissions\":[],\"roleId\":109,\"roleKey\":\"txsm\",\"roleName\":\"图像扫描\",\"roleSort\":0,\"status\":\"0\"}],\"sex\":\"0\",\"status\":\"0\",\"userId\":1003,\"userName\":\"zhangsan\"}','{\"msg\":\"操作成功\",\"code\":200}',0,NULL,'2023-05-08 16:26:12'),(312,'个人信息',2,'com.fudian.web.controller.system.SysProfileController.updateProfile()','PUT',1,'zhangsan',NULL,'/system/user/profile','192.168.0.16','内网IP','{\"admin\":false,\"avatar\":\"\",\"createBy\":\"admin\",\"createTime\":\"2023-04-12 16:00:49\",\"delFlag\":\"0\",\"email\":\"985550642@qq.com\",\"loginDate\":\"2023-05-08 15:47:42\",\"loginIp\":\"192.168.0.16\",\"nickName\":\"张三\",\"params\":{},\"phonenumber\":\"18311156739\",\"roles\":[{\"admin\":false,\"dataScope\":\"1\",\"deptCheckStrictly\":false,\"flag\":false,\"menuCheckStrictly\":false,\"params\":{},\"permissions\":[],\"roleId\":103,\"roleKey\":\"fjjs\",\"roleName\":\"分件角色\",\"roleSort\":0,\"status\":\"0\"},{\"admin\":false,\"dataScope\":\"1\",\"deptCheckStrictly\":false,\"flag\":false,\"menuCheckStrictly\":false,\"params\":{},\"permissions\":[],\"roleId\":104,\"roleKey\":\"txcl\",\"roleName\":\"图像处理\",\"roleSort\":0,\"status\":\"0\"},{\"admin\":false,\"dataScope\":\"1\",\"deptCheckStrictly\":false,\"flag\":false,\"menuCheckStrictly\":false,\"params\":{},\"permissions\":[],\"roleId\":109,\"roleKey\":\"txsm\",\"roleName\":\"图像扫描\",\"roleSort\":0,\"status\":\"0\"}],\"sex\":\"0\",\"status\":\"0\",\"userId\":1003,\"userName\":\"zhangsan\"}','{\"msg\":\"修改用户\'zhangsan\'失败，手机号码已存在\",\"code\":500}',0,NULL,'2023-05-08 16:27:31'),(313,'个人信息',2,'com.fudian.web.controller.system.SysProfileController.updateProfile()','PUT',1,'zhangsan',NULL,'/system/user/profile','192.168.0.16','内网IP','{\"admin\":false,\"avatar\":\"\",\"createBy\":\"admin\",\"createTime\":\"2023-04-12 16:00:49\",\"delFlag\":\"0\",\"email\":\"985550642@qq.com\",\"loginDate\":\"2023-05-08 15:47:42\",\"loginIp\":\"192.168.0.16\",\"nickName\":\"张三\",\"params\":{},\"phonenumber\":\"18311156739\",\"roles\":[{\"admin\":false,\"dataScope\":\"1\",\"deptCheckStrictly\":false,\"flag\":false,\"menuCheckStrictly\":false,\"params\":{},\"permissions\":[],\"roleId\":103,\"roleKey\":\"fjjs\",\"roleName\":\"分件角色\",\"roleSort\":0,\"status\":\"0\"},{\"admin\":false,\"dataScope\":\"1\",\"deptCheckStrictly\":false,\"flag\":false,\"menuCheckStrictly\":false,\"params\":{},\"permissions\":[],\"roleId\":104,\"roleKey\":\"txcl\",\"roleName\":\"图像处理\",\"roleSort\":0,\"status\":\"0\"},{\"admin\":false,\"dataScope\":\"1\",\"deptCheckStrictly\":false,\"flag\":false,\"menuCheckStrictly\":false,\"params\":{},\"permissions\":[],\"roleId\":109,\"roleKey\":\"txsm\",\"roleName\":\"图像扫描\",\"roleSort\":0,\"status\":\"0\"}],\"sex\":\"0\",\"status\":\"0\",\"userId\":1003,\"userName\":\"zhangsan\"}','{\"msg\":\"修改用户\'zhangsan\'失败，手机号码已存在\",\"code\":500}',0,NULL,'2023-05-08 16:30:25'),(314,'个人信息',2,'com.fudian.web.controller.system.SysProfileController.updateProfile()','PUT',1,'zhangsan',NULL,'/system/user/profile','192.168.0.16','内网IP','{\"admin\":false,\"avatar\":\"\",\"createBy\":\"admin\",\"createTime\":\"2023-04-12 16:00:49\",\"delFlag\":\"0\",\"email\":\"985550642@qq.com\",\"loginDate\":\"2023-05-08 15:47:42\",\"loginIp\":\"192.168.0.16\",\"nickName\":\"张三\",\"params\":{},\"phonenumber\":\"18311156739\",\"roles\":[{\"admin\":false,\"dataScope\":\"1\",\"deptCheckStrictly\":false,\"flag\":false,\"menuCheckStrictly\":false,\"params\":{},\"permissions\":[],\"roleId\":103,\"roleKey\":\"fjjs\",\"roleName\":\"分件角色\",\"roleSort\":0,\"status\":\"0\"},{\"admin\":false,\"dataScope\":\"1\",\"deptCheckStrictly\":false,\"flag\":false,\"menuCheckStrictly\":false,\"params\":{},\"permissions\":[],\"roleId\":104,\"roleKey\":\"txcl\",\"roleName\":\"图像处理\",\"roleSort\":0,\"status\":\"0\"},{\"admin\":false,\"dataScope\":\"1\",\"deptCheckStrictly\":false,\"flag\":false,\"menuCheckStrictly\":false,\"params\":{},\"permissions\":[],\"roleId\":109,\"roleKey\":\"txsm\",\"roleName\":\"图像扫描\",\"roleSort\":0,\"status\":\"0\"}],\"sex\":\"0\",\"status\":\"0\",\"userId\":1003,\"userName\":\"zhangsan\"}','{\"msg\":\"修改用户\'zhangsan\'失败，手机号码已存在\",\"code\":500}',0,NULL,'2023-05-08 16:30:39'),(315,'个人信息',2,'com.fudian.web.controller.system.SysProfileController.updateProfile()','PUT',1,'zhangsan',NULL,'/system/user/profile','192.168.0.16','内网IP','{\"admin\":false,\"createBy\":\"admin\",\"createTime\":\"2023-04-12 16:00:49\",\"delFlag\":\"0\",\"email\":\"985550642@qq.com\",\"loginDate\":\"2023-05-08 15:47:42\",\"loginIp\":\"192.168.0.16\",\"nickName\":\"张三\",\"params\":{},\"phonenumber\":\"18311156738\",\"roles\":[{\"admin\":false,\"dataScope\":\"1\",\"deptCheckStrictly\":false,\"flag\":false,\"menuCheckStrictly\":false,\"params\":{},\"permissions\":[],\"roleId\":103,\"roleKey\":\"fjjs\",\"roleName\":\"分件角色\",\"roleSort\":0,\"status\":\"0\"},{\"admin\":false,\"dataScope\":\"1\",\"deptCheckStrictly\":false,\"flag\":false,\"menuCheckStrictly\":false,\"params\":{},\"permissions\":[],\"roleId\":104,\"roleKey\":\"txcl\",\"roleName\":\"图像处理\",\"roleSort\":0,\"status\":\"0\"},{\"admin\":false,\"dataScope\":\"1\",\"deptCheckStrictly\":false,\"flag\":false,\"menuCheckStrictly\":false,\"params\":{},\"permissions\":[],\"roleId\":109,\"roleKey\":\"txsm\",\"roleName\":\"图像扫描\",\"roleSort\":0,\"status\":\"0\"}],\"sex\":\"0\",\"status\":\"0\",\"userId\":1003,\"userName\":\"zhangsan\"}','{\"msg\":\"操作成功\",\"code\":200}',0,NULL,'2023-05-08 16:34:52'),(316,'个人信息',2,'com.fudian.web.controller.system.SysProfileController.updatePwd()','PUT',1,'zhangsan',NULL,'/system/user/profile/updatePwd','192.168.0.16','内网IP','\"123456\" \"123456\"','{\"msg\":\"新密码不能与旧密码相同\",\"code\":500}',0,NULL,'2023-05-08 16:39:27'),(317,'个人信息',2,'com.fudian.web.controller.system.SysProfileController.updatePwd()','PUT',1,'zhangsan',NULL,'/system/user/profile/updatePwd','192.168.0.16','内网IP','\"123456\" \"123456\"','{\"msg\":\"新密码不能与旧密码相同\",\"code\":500}',0,NULL,'2023-05-08 16:40:30'),(318,'个人信息',2,'com.fudian.web.controller.system.SysProfileController.updatePwd()','PUT',1,'zhangsan',NULL,'/system/user/profile/updatePwd','192.168.0.16','内网IP','\"123456\" \"123456\"','{\"msg\":\"新密码不能与旧密码相同\",\"code\":500}',0,NULL,'2023-05-08 16:40:36'),(319,'个人信息',2,'com.fudian.web.controller.system.SysProfileController.updatePwd()','PUT',1,'zhangsan',NULL,'/system/user/profile/updatePwd','192.168.0.16','内网IP','\"123456\" \"1234567\"','{\"msg\":\"操作成功\",\"code\":200}',0,NULL,'2023-05-08 16:40:52'),(320,'个人信息',2,'com.fudian.web.controller.system.SysProfileController.updatePwd()','PUT',1,'zhangsan',NULL,'/system/user/profile/updatePwd','192.168.0.16','内网IP','\"1234567\" \"123456\"','{\"msg\":\"操作成功\",\"code\":200}',0,NULL,'2023-05-08 16:42:27'),(321,'菜单管理',1,'com.fudian.web.controller.system.SysMenuController.add()','POST',1,'admin',NULL,'/system/menu','127.0.0.1','内网IP','{\"children\":[],\"createBy\":\"admin\",\"isCache\":\"0\",\"isFrame\":\"1\",\"menuName\":\"搜索\",\"menuType\":\"F\",\"orderNum\":1,\"params\":{},\"parentId\":2002,\"perms\":\"szhjg:xmpcgl:pcgl:search\",\"status\":\"0\",\"visible\":\"0\"}','{\"msg\":\"操作成功\",\"code\":200}',0,NULL,'2023-05-11 15:15:50'),(322,'菜单管理',1,'com.fudian.web.controller.system.SysMenuController.add()','POST',1,'admin',NULL,'/system/menu','127.0.0.1','内网IP','{\"children\":[],\"createBy\":\"admin\",\"isCache\":\"0\",\"isFrame\":\"1\",\"menuName\":\"新增批次\",\"menuType\":\"F\",\"orderNum\":2,\"params\":{},\"parentId\":2002,\"perms\":\"szhjg:xmpcgl:pcgl:addBatch\",\"status\":\"0\",\"visible\":\"0\"}','{\"msg\":\"操作成功\",\"code\":200}',0,NULL,'2023-05-11 15:16:24'),(323,'菜单管理',1,'com.fudian.web.controller.system.SysMenuController.add()','POST',1,'admin',NULL,'/system/menu','127.0.0.1','内网IP','{\"children\":[],\"createBy\":\"admin\",\"isCache\":\"0\",\"isFrame\":\"1\",\"menuName\":\"批次修改\",\"menuType\":\"F\",\"orderNum\":3,\"params\":{},\"parentId\":2002,\"perms\":\"szhjg:xmpcgl:pcgl:updataBatch\",\"status\":\"0\",\"visible\":\"0\"}','{\"msg\":\"操作成功\",\"code\":200}',0,NULL,'2023-05-11 15:17:11'),(324,'菜单管理',2,'com.fudian.web.controller.system.SysMenuController.edit()','PUT',1,'admin',NULL,'/system/menu','127.0.0.1','内网IP','{\"children\":[],\"createTime\":\"2023-05-11 15:16:24\",\"icon\":\"#\",\"isCache\":\"0\",\"isFrame\":\"1\",\"menuId\":2028,\"menuName\":\"批次新增\",\"menuType\":\"F\",\"orderNum\":2,\"params\":{},\"parentId\":2002,\"path\":\"\",\"perms\":\"szhjg:xmpcgl:pcgl:addBatch\",\"status\":\"0\",\"updateBy\":\"admin\",\"visible\":\"0\"}','{\"msg\":\"操作成功\",\"code\":200}',0,NULL,'2023-05-11 15:17:20'),(325,'菜单管理',1,'com.fudian.web.controller.system.SysMenuController.add()','POST',1,'admin',NULL,'/system/menu','127.0.0.1','内网IP','{\"children\":[],\"createBy\":\"admin\",\"isCache\":\"0\",\"isFrame\":\"1\",\"menuName\":\"批次删除\",\"menuType\":\"F\",\"orderNum\":4,\"params\":{},\"parentId\":2002,\"perms\":\"szhjg:xmpcgl:pcgl:deleteBatch\",\"status\":\"0\",\"visible\":\"0\"}','{\"msg\":\"操作成功\",\"code\":200}',0,NULL,'2023-05-11 15:17:44'),(326,'菜单管理',1,'com.fudian.web.controller.system.SysMenuController.add()','POST',1,'admin',NULL,'/system/menu','127.0.0.1','内网IP','{\"children\":[],\"createBy\":\"admin\",\"isCache\":\"0\",\"isFrame\":\"1\",\"menuName\":\"批次完成\",\"menuType\":\"F\",\"orderNum\":5,\"params\":{},\"parentId\":2002,\"perms\":\"szhjg:xmpcgl:pcgl:complete\",\"status\":\"0\",\"visible\":\"0\"}','{\"msg\":\"操作成功\",\"code\":200}',0,NULL,'2023-05-11 15:18:12'),(327,'菜单管理',1,'com.fudian.web.controller.system.SysMenuController.add()','POST',1,'admin',NULL,'/system/menu','127.0.0.1','内网IP','{\"children\":[],\"createBy\":\"admin\",\"isCache\":\"0\",\"isFrame\":\"1\",\"menuName\":\"任务新增\",\"menuType\":\"F\",\"orderNum\":6,\"params\":{},\"parentId\":2002,\"perms\":\"szhjg:xmpcgl:pcgl:addTask\",\"status\":\"0\",\"visible\":\"0\"}','{\"msg\":\"操作成功\",\"code\":200}',0,NULL,'2023-05-11 15:28:34'),(328,'菜单管理',1,'com.fudian.web.controller.system.SysMenuController.add()','POST',1,'admin',NULL,'/system/menu','127.0.0.1','内网IP','{\"children\":[],\"createBy\":\"admin\",\"isCache\":\"0\",\"isFrame\":\"1\",\"menuName\":\"任务修改\",\"menuType\":\"F\",\"orderNum\":7,\"params\":{},\"parentId\":2002,\"perms\":\"szhjg:xmpcgl:pcgl:updataTask\",\"status\":\"0\",\"visible\":\"0\"}','{\"msg\":\"操作成功\",\"code\":200}',0,NULL,'2023-05-11 15:29:08'),(329,'菜单管理',1,'com.fudian.web.controller.system.SysMenuController.add()','POST',1,'admin',NULL,'/system/menu','127.0.0.1','内网IP','{\"children\":[],\"createBy\":\"admin\",\"isCache\":\"0\",\"isFrame\":\"1\",\"menuName\":\"任务删除\",\"menuType\":\"F\",\"orderNum\":8,\"params\":{},\"parentId\":2002,\"perms\":\"szhjg:xmpcgl:pcgl:deleteTask\",\"status\":\"0\",\"visible\":\"0\"}','{\"msg\":\"操作成功\",\"code\":200}',0,NULL,'2023-05-11 15:29:31'),(330,'菜单管理',1,'com.fudian.web.controller.system.SysMenuController.add()','POST',1,'admin',NULL,'/system/menu','127.0.0.1','内网IP','{\"children\":[],\"createBy\":\"admin\",\"isCache\":\"0\",\"isFrame\":\"1\",\"menuName\":\"搜索\",\"menuType\":\"F\",\"orderNum\":1,\"params\":{},\"parentId\":2009,\"perms\":\"szhjg:rwgl:rwgl:search\",\"status\":\"0\",\"visible\":\"0\"}','{\"msg\":\"操作成功\",\"code\":200}',0,NULL,'2023-05-11 15:31:18'),(331,'菜单管理',1,'com.fudian.web.controller.system.SysMenuController.add()','POST',1,'admin',NULL,'/system/menu','127.0.0.1','内网IP','{\"children\":[],\"createBy\":\"admin\",\"isCache\":\"0\",\"isFrame\":\"1\",\"menuName\":\"新增\",\"menuType\":\"F\",\"orderNum\":2,\"params\":{},\"parentId\":2009,\"perms\":\"szhjg:rwgl:rwgl:add\",\"status\":\"0\",\"visible\":\"0\"}','{\"msg\":\"操作成功\",\"code\":200}',0,NULL,'2023-05-11 15:31:53'),(332,'菜单管理',1,'com.fudian.web.controller.system.SysMenuController.add()','POST',1,'admin',NULL,'/system/menu','127.0.0.1','内网IP','{\"children\":[],\"createBy\":\"admin\",\"isCache\":\"0\",\"isFrame\":\"1\",\"menuName\":\"修改\",\"menuType\":\"F\",\"orderNum\":3,\"params\":{},\"parentId\":2008,\"perms\":\"szhjg:rwgl:rwgl:updata\",\"status\":\"0\",\"visible\":\"0\"}','{\"msg\":\"操作成功\",\"code\":200}',0,NULL,'2023-05-11 15:32:17'),(333,'菜单管理',2,'com.fudian.web.controller.system.SysMenuController.edit()','PUT',1,'admin',NULL,'/system/menu','127.0.0.1','内网IP','{\"children\":[],\"createTime\":\"2023-05-11 15:32:17\",\"icon\":\"#\",\"isCache\":\"0\",\"isFrame\":\"1\",\"menuId\":2037,\"menuName\":\"修改\",\"menuType\":\"F\",\"orderNum\":3,\"params\":{},\"parentId\":2009,\"path\":\"\",\"perms\":\"szhjg:rwgl:rwgl:updata\",\"status\":\"0\",\"updateBy\":\"admin\",\"visible\":\"0\"}','{\"msg\":\"操作成功\",\"code\":200}',0,NULL,'2023-05-11 15:32:38'),(334,'菜单管理',1,'com.fudian.web.controller.system.SysMenuController.add()','POST',1,'admin',NULL,'/system/menu','127.0.0.1','内网IP','{\"children\":[],\"createBy\":\"admin\",\"isCache\":\"0\",\"isFrame\":\"1\",\"menuName\":\"删除\",\"menuType\":\"F\",\"orderNum\":4,\"params\":{},\"parentId\":2009,\"perms\":\"szhjg:rwgl:rwgl:delete\",\"status\":\"0\",\"visible\":\"0\"}','{\"msg\":\"操作成功\",\"code\":200}',0,NULL,'2023-05-11 15:33:04'),(335,'菜单管理',1,'com.fudian.web.controller.system.SysMenuController.add()','POST',1,'admin',NULL,'/system/menu','127.0.0.1','内网IP','{\"children\":[],\"createBy\":\"admin\",\"isCache\":\"0\",\"isFrame\":\"1\",\"menuName\":\"批量新增\",\"menuType\":\"F\",\"orderNum\":5,\"params\":{},\"parentId\":2009,\"perms\":\"szhjg:rwgl:rwgl:batchAdd\",\"status\":\"0\",\"visible\":\"0\"}','{\"msg\":\"操作成功\",\"code\":200}',0,NULL,'2023-05-11 15:33:45'),(336,'菜单管理',1,'com.fudian.web.controller.system.SysMenuController.add()','POST',1,'admin',NULL,'/system/menu','127.0.0.1','内网IP','{\"children\":[],\"createBy\":\"admin\",\"isCache\":\"0\",\"isFrame\":\"1\",\"menuName\":\"任务导入\",\"menuType\":\"F\",\"orderNum\":6,\"params\":{},\"parentId\":2009,\"perms\":\"szhjg:rwgl:rwgl:taskImport\",\"status\":\"0\",\"visible\":\"0\"}','{\"msg\":\"操作成功\",\"code\":200}',0,NULL,'2023-05-11 15:34:17'),(337,'菜单管理',1,'com.fudian.web.controller.system.SysMenuController.add()','POST',1,'admin',NULL,'/system/menu','127.0.0.1','内网IP','{\"children\":[],\"createBy\":\"admin\",\"isCache\":\"0\",\"isFrame\":\"1\",\"menuName\":\"释放当前用户\",\"menuType\":\"F\",\"orderNum\":7,\"params\":{},\"parentId\":2009,\"perms\":\"szhjg:rwgl:rwgl:release\",\"status\":\"0\",\"visible\":\"0\"}','{\"msg\":\"操作成功\",\"code\":200}',0,NULL,'2023-05-11 15:34:42'),(338,'菜单管理',1,'com.fudian.web.controller.system.SysMenuController.add()','POST',1,'admin',NULL,'/system/menu','127.0.0.1','内网IP','{\"children\":[],\"createBy\":\"admin\",\"isCache\":\"0\",\"isFrame\":\"1\",\"menuName\":\"搜索\",\"menuType\":\"F\",\"orderNum\":1,\"params\":{},\"parentId\":2004,\"perms\":\"szhjg:sjjg:tjrw:search\",\"status\":\"0\",\"visible\":\"0\"}','{\"msg\":\"操作成功\",\"code\":200}',0,NULL,'2023-05-11 15:35:39'),(339,'菜单管理',1,'com.fudian.web.controller.system.SysMenuController.add()','POST',1,'admin',NULL,'/system/menu','127.0.0.1','内网IP','{\"children\":[],\"createBy\":\"admin\",\"isCache\":\"0\",\"isFrame\":\"1\",\"menuName\":\"任务新增\",\"menuType\":\"F\",\"orderNum\":2,\"params\":{},\"parentId\":2004,\"perms\":\"szhjg:sjjg:tjrw:addTask\",\"status\":\"0\",\"visible\":\"0\"}','{\"msg\":\"操作成功\",\"code\":200}',0,NULL,'2023-05-11 15:36:33'),(340,'菜单管理',1,'com.fudian.web.controller.system.SysMenuController.add()','POST',1,'admin',NULL,'/system/menu','127.0.0.1','内网IP','{\"children\":[],\"createBy\":\"admin\",\"isCache\":\"0\",\"isFrame\":\"1\",\"menuName\":\"任务修改\",\"menuType\":\"F\",\"orderNum\":3,\"params\":{},\"parentId\":2004,\"perms\":\"szhjg:sjjg:tjrw:updataTask\",\"status\":\"0\",\"visible\":\"0\"}','{\"msg\":\"操作成功\",\"code\":200}',0,NULL,'2023-05-11 15:37:00'),(341,'菜单管理',1,'com.fudian.web.controller.system.SysMenuController.add()','POST',1,'admin',NULL,'/system/menu','127.0.0.1','内网IP','{\"children\":[],\"createBy\":\"admin\",\"isCache\":\"0\",\"isFrame\":\"1\",\"menuName\":\"任务删除\",\"menuType\":\"F\",\"orderNum\":4,\"params\":{},\"parentId\":2004,\"perms\":\"szhjg:sjjg:tjrw:deleteTask\",\"status\":\"0\",\"visible\":\"0\"}','{\"msg\":\"操作成功\",\"code\":200}',0,NULL,'2023-05-11 15:37:25'),(342,'菜单管理',1,'com.fudian.web.controller.system.SysMenuController.add()','POST',1,'admin',NULL,'/system/menu','127.0.0.1','内网IP','{\"children\":[],\"createBy\":\"admin\",\"isCache\":\"0\",\"isFrame\":\"1\",\"menuName\":\"分件\",\"menuType\":\"F\",\"orderNum\":5,\"params\":{},\"parentId\":2004,\"perms\":\"szhjg:sjjg:tjrw:subdivision\",\"status\":\"0\",\"visible\":\"0\"}','{\"msg\":\"操作成功\",\"code\":200}',0,NULL,'2023-05-11 15:38:31'),(343,'菜单管理',1,'com.fudian.web.controller.system.SysMenuController.add()','POST',1,'admin',NULL,'/system/menu','127.0.0.1','内网IP','{\"children\":[],\"createBy\":\"admin\",\"isCache\":\"0\",\"isFrame\":\"1\",\"menuName\":\"加页\",\"menuType\":\"F\",\"orderNum\":6,\"params\":{},\"parentId\":2004,\"perms\":\"szhjg:sjjg:tjrw:addPage\",\"status\":\"0\",\"visible\":\"0\"}','{\"msg\":\"操作成功\",\"code\":200}',0,NULL,'2023-05-11 15:38:53'),(344,'菜单管理',1,'com.fudian.web.controller.system.SysMenuController.add()','POST',1,'admin',NULL,'/system/menu','127.0.0.1','内网IP','{\"children\":[],\"createBy\":\"admin\",\"isCache\":\"0\",\"isFrame\":\"1\",\"menuName\":\"减页\",\"menuType\":\"F\",\"orderNum\":7,\"params\":{},\"parentId\":2004,\"perms\":\"szhjg:sjjg:tjrw:minusPage\",\"status\":\"0\",\"visible\":\"0\"}','{\"msg\":\"操作成功\",\"code\":200}',0,NULL,'2023-05-11 15:39:31'),(345,'菜单管理',1,'com.fudian.web.controller.system.SysMenuController.add()','POST',1,'admin',NULL,'/system/menu','127.0.0.1','内网IP','{\"children\":[],\"createBy\":\"admin\",\"isCache\":\"0\",\"isFrame\":\"1\",\"menuName\":\"拆件\",\"menuType\":\"F\",\"orderNum\":8,\"params\":{},\"parentId\":2004,\"perms\":\"szhjg:sjjg:tjrw:split\",\"status\":\"0\",\"visible\":\"0\"}','{\"msg\":\"操作成功\",\"code\":200}',0,NULL,'2023-05-11 15:40:20'),(346,'菜单管理',1,'com.fudian.web.controller.system.SysMenuController.add()','POST',1,'admin',NULL,'/system/menu','127.0.0.1','内网IP','{\"children\":[],\"createBy\":\"admin\",\"isCache\":\"0\",\"isFrame\":\"1\",\"menuName\":\"合件\",\"menuType\":\"F\",\"orderNum\":9,\"params\":{},\"parentId\":2004,\"perms\":\"szhjg:sjjg:tjrw:assembly\",\"status\":\"0\",\"visible\":\"0\"}','{\"msg\":\"操作成功\",\"code\":200}',0,NULL,'2023-05-11 15:41:03'),(347,'菜单管理',1,'com.fudian.web.controller.system.SysMenuController.add()','POST',1,'admin',NULL,'/system/menu','127.0.0.1','内网IP','{\"children\":[],\"createBy\":\"admin\",\"isCache\":\"0\",\"isFrame\":\"1\",\"menuName\":\"清空文件\",\"menuType\":\"F\",\"orderNum\":10,\"params\":{},\"parentId\":2004,\"perms\":\"szhjg:sjjg:tjrw:clear\",\"status\":\"0\",\"visible\":\"0\"}','{\"msg\":\"操作成功\",\"code\":200}',0,NULL,'2023-05-11 15:41:37'),(348,'菜单管理',1,'com.fudian.web.controller.system.SysMenuController.add()','POST',1,'admin',NULL,'/system/menu','127.0.0.1','内网IP','{\"children\":[],\"createBy\":\"admin\",\"isCache\":\"0\",\"isFrame\":\"1\",\"menuName\":\"展开/折叠\",\"menuType\":\"F\",\"orderNum\":11,\"params\":{},\"parentId\":2004,\"perms\":\"szhjg:sjjg:tjrw:toggle\",\"status\":\"0\",\"visible\":\"0\"}','{\"msg\":\"操作成功\",\"code\":200}',0,NULL,'2023-05-11 15:42:14'),(349,'菜单管理',1,'com.fudian.web.controller.system.SysMenuController.add()','POST',1,'admin',NULL,'/system/menu','127.0.0.1','内网IP','{\"children\":[],\"createBy\":\"admin\",\"isCache\":\"0\",\"isFrame\":\"1\",\"menuName\":\"搜索\",\"menuType\":\"F\",\"orderNum\":1,\"params\":{},\"parentId\":2005,\"perms\":\"szhjg:sjjg:fjrw:search\",\"status\":\"0\",\"visible\":\"0\"}','{\"msg\":\"操作成功\",\"code\":200}',0,NULL,'2023-05-11 15:42:51'),(350,'菜单管理',1,'com.fudian.web.controller.system.SysMenuController.add()','POST',1,'admin',NULL,'/system/menu','127.0.0.1','内网IP','{\"children\":[],\"createBy\":\"admin\",\"isCache\":\"0\",\"isFrame\":\"1\",\"menuName\":\"任务提交\",\"menuType\":\"F\",\"orderNum\":5,\"params\":{},\"parentId\":2004,\"perms\":\"szhjg:sjjg:tjrw:taskSub\",\"status\":\"0\",\"visible\":\"0\"}','{\"msg\":\"操作成功\",\"code\":200}',0,NULL,'2023-05-11 15:43:47'),(351,'菜单管理',2,'com.fudian.web.controller.system.SysMenuController.edit()','PUT',1,'admin',NULL,'/system/menu','127.0.0.1','内网IP','{\"children\":[],\"createTime\":\"2023-05-11 15:38:31\",\"icon\":\"#\",\"isCache\":\"0\",\"isFrame\":\"1\",\"menuId\":2046,\"menuName\":\"分件\",\"menuType\":\"F\",\"orderNum\":6,\"params\":{},\"parentId\":2004,\"path\":\"\",\"perms\":\"szhjg:sjjg:tjrw:subdivision\",\"status\":\"0\",\"updateBy\":\"admin\",\"visible\":\"0\"}','{\"msg\":\"操作成功\",\"code\":200}',0,NULL,'2023-05-11 15:43:55'),(352,'菜单管理',2,'com.fudian.web.controller.system.SysMenuController.edit()','PUT',1,'admin',NULL,'/system/menu','127.0.0.1','内网IP','{\"children\":[],\"createTime\":\"2023-05-11 15:42:13\",\"icon\":\"#\",\"isCache\":\"0\",\"isFrame\":\"1\",\"menuId\":2052,\"menuName\":\"展开/折叠\",\"menuType\":\"F\",\"orderNum\":12,\"params\":{},\"parentId\":2004,\"path\":\"\",\"perms\":\"szhjg:sjjg:tjrw:toggle\",\"status\":\"0\",\"updateBy\":\"admin\",\"visible\":\"0\"}','{\"msg\":\"操作成功\",\"code\":200}',0,NULL,'2023-05-11 15:44:04'),(353,'菜单管理',2,'com.fudian.web.controller.system.SysMenuController.edit()','PUT',1,'admin',NULL,'/system/menu','127.0.0.1','内网IP','{\"children\":[],\"createTime\":\"2023-05-11 15:41:37\",\"icon\":\"#\",\"isCache\":\"0\",\"isFrame\":\"1\",\"menuId\":2051,\"menuName\":\"清空文件\",\"menuType\":\"F\",\"orderNum\":11,\"params\":{},\"parentId\":2004,\"path\":\"\",\"perms\":\"szhjg:sjjg:tjrw:clear\",\"status\":\"0\",\"updateBy\":\"admin\",\"visible\":\"0\"}','{\"msg\":\"操作成功\",\"code\":200}',0,NULL,'2023-05-11 15:44:11'),(354,'菜单管理',2,'com.fudian.web.controller.system.SysMenuController.edit()','PUT',1,'admin',NULL,'/system/menu','127.0.0.1','内网IP','{\"children\":[],\"createTime\":\"2023-05-11 15:41:03\",\"icon\":\"#\",\"isCache\":\"0\",\"isFrame\":\"1\",\"menuId\":2050,\"menuName\":\"合件\",\"menuType\":\"F\",\"orderNum\":10,\"params\":{},\"parentId\":2004,\"path\":\"\",\"perms\":\"szhjg:sjjg:tjrw:assembly\",\"status\":\"0\",\"updateBy\":\"admin\",\"visible\":\"0\"}','{\"msg\":\"操作成功\",\"code\":200}',0,NULL,'2023-05-11 15:44:18'),(355,'菜单管理',2,'com.fudian.web.controller.system.SysMenuController.edit()','PUT',1,'admin',NULL,'/system/menu','127.0.0.1','内网IP','{\"children\":[],\"createTime\":\"2023-05-11 15:40:20\",\"icon\":\"#\",\"isCache\":\"0\",\"isFrame\":\"1\",\"menuId\":2049,\"menuName\":\"拆件\",\"menuType\":\"F\",\"orderNum\":9,\"params\":{},\"parentId\":2004,\"path\":\"\",\"perms\":\"szhjg:sjjg:tjrw:split\",\"status\":\"0\",\"updateBy\":\"admin\",\"visible\":\"0\"}','{\"msg\":\"操作成功\",\"code\":200}',0,NULL,'2023-05-11 15:44:24'),(356,'菜单管理',2,'com.fudian.web.controller.system.SysMenuController.edit()','PUT',1,'admin',NULL,'/system/menu','127.0.0.1','内网IP','{\"children\":[],\"createTime\":\"2023-05-11 15:39:31\",\"icon\":\"#\",\"isCache\":\"0\",\"isFrame\":\"1\",\"menuId\":2048,\"menuName\":\"减页\",\"menuType\":\"F\",\"orderNum\":8,\"params\":{},\"parentId\":2004,\"path\":\"\",\"perms\":\"szhjg:sjjg:tjrw:minusPage\",\"status\":\"0\",\"updateBy\":\"admin\",\"visible\":\"0\"}','{\"msg\":\"操作成功\",\"code\":200}',0,NULL,'2023-05-11 15:44:30'),(357,'菜单管理',2,'com.fudian.web.controller.system.SysMenuController.edit()','PUT',1,'admin',NULL,'/system/menu','127.0.0.1','内网IP','{\"children\":[],\"createTime\":\"2023-05-11 15:38:53\",\"icon\":\"#\",\"isCache\":\"0\",\"isFrame\":\"1\",\"menuId\":2047,\"menuName\":\"加页\",\"menuType\":\"F\",\"orderNum\":8,\"params\":{},\"parentId\":2004,\"path\":\"\",\"perms\":\"szhjg:sjjg:tjrw:addPage\",\"status\":\"0\",\"updateBy\":\"admin\",\"visible\":\"0\"}','{\"msg\":\"操作成功\",\"code\":200}',0,NULL,'2023-05-11 15:44:43'),(358,'菜单管理',2,'com.fudian.web.controller.system.SysMenuController.edit()','PUT',1,'admin',NULL,'/system/menu','127.0.0.1','内网IP','{\"children\":[],\"createTime\":\"2023-05-11 15:38:53\",\"icon\":\"#\",\"isCache\":\"0\",\"isFrame\":\"1\",\"menuId\":2047,\"menuName\":\"加页\",\"menuType\":\"F\",\"orderNum\":7,\"params\":{},\"parentId\":2004,\"path\":\"\",\"perms\":\"szhjg:sjjg:tjrw:addPage\",\"status\":\"0\",\"updateBy\":\"admin\",\"visible\":\"0\"}','{\"msg\":\"操作成功\",\"code\":200}',0,NULL,'2023-05-11 15:44:54'),(359,'菜单管理',1,'com.fudian.web.controller.system.SysMenuController.add()','POST',1,'admin',NULL,'/system/menu','127.0.0.1','内网IP','{\"children\":[],\"createBy\":\"admin\",\"isCache\":\"0\",\"isFrame\":\"1\",\"menuName\":\"任务提交\",\"menuType\":\"F\",\"orderNum\":2,\"params\":{},\"parentId\":2005,\"perms\":\"szhjg:sjjg:fjrw:taskSub\",\"status\":\"0\",\"visible\":\"0\"}','{\"msg\":\"操作成功\",\"code\":200}',0,NULL,'2023-05-11 15:45:52'),(360,'菜单管理',1,'com.fudian.web.controller.system.SysMenuController.add()','POST',1,'admin',NULL,'/system/menu','127.0.0.1','内网IP','{\"children\":[],\"createBy\":\"admin\",\"isCache\":\"0\",\"isFrame\":\"1\",\"menuName\":\"分件\",\"menuType\":\"F\",\"orderNum\":3,\"params\":{},\"parentId\":2005,\"perms\":\"szhjg:sjjg:fjrw:subdivision\",\"status\":\"0\",\"visible\":\"0\"}','{\"msg\":\"操作成功\",\"code\":200}',0,NULL,'2023-05-11 15:46:18'),(361,'菜单管理',1,'com.fudian.web.controller.system.SysMenuController.add()','POST',1,'admin',NULL,'/system/menu','127.0.0.1','内网IP','{\"children\":[],\"createBy\":\"admin\",\"isCache\":\"0\",\"isFrame\":\"1\",\"menuName\":\"加页\",\"menuType\":\"F\",\"orderNum\":4,\"params\":{},\"parentId\":2005,\"perms\":\"szhjg:sjjg:tjrw:addPage\",\"status\":\"0\",\"visible\":\"0\"}','{\"msg\":\"操作成功\",\"code\":200}',0,NULL,'2023-05-11 15:46:50'),(362,'菜单管理',2,'com.fudian.web.controller.system.SysMenuController.edit()','PUT',1,'admin',NULL,'/system/menu','127.0.0.1','内网IP','{\"children\":[],\"createTime\":\"2023-05-11 15:46:50\",\"icon\":\"#\",\"isCache\":\"0\",\"isFrame\":\"1\",\"menuId\":2057,\"menuName\":\"加页\",\"menuType\":\"F\",\"orderNum\":4,\"params\":{},\"parentId\":2005,\"path\":\"\",\"perms\":\"szhjg:sjjg:tjrw:addPage\",\"status\":\"0\",\"updateBy\":\"admin\",\"visible\":\"0\"}','{\"msg\":\"操作成功\",\"code\":200}',0,NULL,'2023-05-11 15:47:38'),(363,'菜单管理',2,'com.fudian.web.controller.system.SysMenuController.edit()','PUT',1,'admin',NULL,'/system/menu','127.0.0.1','内网IP','{\"children\":[],\"createTime\":\"2023-05-11 15:46:50\",\"icon\":\"#\",\"isCache\":\"0\",\"isFrame\":\"1\",\"menuId\":2057,\"menuName\":\"加页\",\"menuType\":\"F\",\"orderNum\":4,\"params\":{},\"parentId\":2005,\"path\":\"\",\"perms\":\"szhjg:sjjg:fjrw:addPage\",\"status\":\"0\",\"updateBy\":\"admin\",\"visible\":\"0\"}','{\"msg\":\"操作成功\",\"code\":200}',0,NULL,'2023-05-11 15:48:29'),(364,'菜单管理',1,'com.fudian.web.controller.system.SysMenuController.add()','POST',1,'admin',NULL,'/system/menu','127.0.0.1','内网IP','{\"children\":[],\"createBy\":\"admin\",\"isCache\":\"0\",\"isFrame\":\"1\",\"menuName\":\"减页\",\"menuType\":\"F\",\"orderNum\":5,\"params\":{},\"parentId\":2005,\"perms\":\"szhjg:sjjg:fjrw:minusPage\",\"status\":\"0\",\"visible\":\"0\"}','{\"msg\":\"操作成功\",\"code\":200}',0,NULL,'2023-05-11 15:48:48'),(365,'菜单管理',1,'com.fudian.web.controller.system.SysMenuController.add()','POST',1,'admin',NULL,'/system/menu','127.0.0.1','内网IP','{\"children\":[],\"createBy\":\"admin\",\"isCache\":\"0\",\"isFrame\":\"1\",\"menuName\":\"拆件\",\"menuType\":\"F\",\"orderNum\":6,\"params\":{},\"parentId\":2005,\"perms\":\"szhjg:sjjg:fjrw:split\",\"status\":\"0\",\"visible\":\"0\"}','{\"msg\":\"操作成功\",\"code\":200}',0,NULL,'2023-05-11 15:49:23'),(366,'菜单管理',1,'com.fudian.web.controller.system.SysMenuController.add()','POST',1,'admin',NULL,'/system/menu','127.0.0.1','内网IP','{\"children\":[],\"createBy\":\"admin\",\"isCache\":\"0\",\"isFrame\":\"1\",\"menuName\":\"合件\",\"menuType\":\"F\",\"orderNum\":7,\"params\":{},\"parentId\":2005,\"perms\":\"szhjg:sjjg:fjrw:assembly\",\"status\":\"0\",\"visible\":\"0\"}','{\"msg\":\"操作成功\",\"code\":200}',0,NULL,'2023-05-11 15:49:49'),(367,'菜单管理',1,'com.fudian.web.controller.system.SysMenuController.add()','POST',1,'admin',NULL,'/system/menu','127.0.0.1','内网IP','{\"children\":[],\"createBy\":\"admin\",\"isCache\":\"0\",\"isFrame\":\"1\",\"menuName\":\"清空文件\",\"menuType\":\"F\",\"orderNum\":8,\"params\":{},\"parentId\":2005,\"perms\":\"szhjg:sjjg:fjrw:clear\",\"status\":\"0\",\"visible\":\"0\"}','{\"msg\":\"操作成功\",\"code\":200}',0,NULL,'2023-05-11 15:50:17'),(368,'菜单管理',1,'com.fudian.web.controller.system.SysMenuController.add()','POST',1,'admin',NULL,'/system/menu','127.0.0.1','内网IP','{\"children\":[],\"createBy\":\"admin\",\"isCache\":\"0\",\"isFrame\":\"1\",\"menuName\":\"展开/折叠\",\"menuType\":\"F\",\"orderNum\":9,\"params\":{},\"parentId\":2005,\"perms\":\"szhjg:sjjg:fjrw:toggle\",\"status\":\"0\",\"visible\":\"0\"}','{\"msg\":\"操作成功\",\"code\":200}',0,NULL,'2023-05-11 15:50:46'),(369,'角色管理',2,'com.fudian.web.controller.system.SysRoleController.edit()','PUT',1,'admin',NULL,'/system/role','127.0.0.1','内网IP','{\"admin\":false,\"createTime\":\"2023-04-12 16:06:30\",\"dataScope\":\"1\",\"delFlag\":\"0\",\"deptCheckStrictly\":true,\"flag\":false,\"menuCheckStrictly\":true,\"menuIds\":[1,2,2000,2001,2002,2027,2028,2029,2030,2031,2032,2033,2034,2008,2009,2035,2036,2037,2038,2039,2040,2041,2003,2004,2042,2043,2044,2045,2054,2046,2047,2048,2049,2050,2051,2052,2005,2053,2055,2056,2057,2058,2059,2060,2061,2062,2010,2011,2012,2013,2006,2007,2014,2015,2024,2025,2026,2016,108,500,1039,1040,1041,501,1042,1043,1044,1045,109,1046,1047,1048],\"params\":{},\"roleId\":102,\"roleKey\":\"xtgly\",\"roleName\":\"系统管理员\",\"roleSort\":0,\"status\":\"0\",\"updateBy\":\"admin\"}','{\"msg\":\"操作成功\",\"code\":200}',0,NULL,'2023-05-11 15:58:38'),(370,'角色管理',2,'com.fudian.web.controller.system.SysRoleController.edit()','PUT',1,'admin',NULL,'/system/role','127.0.0.1','内网IP','{\"admin\":false,\"createTime\":\"2023-04-12 16:06:57\",\"dataScope\":\"1\",\"delFlag\":\"0\",\"deptCheckStrictly\":true,\"flag\":false,\"menuCheckStrictly\":true,\"menuIds\":[2003,2005,2053,2056,2057,2058,2059,2060,2061,2062],\"params\":{},\"roleId\":103,\"roleKey\":\"fjjs\",\"roleName\":\"分件角色\",\"roleSort\":0,\"status\":\"0\",\"updateBy\":\"admin\"}','{\"msg\":\"操作成功\",\"code\":200}',0,NULL,'2023-05-11 15:59:10'),(371,'角色管理',2,'com.fudian.web.controller.system.SysRoleController.edit()','PUT',1,'admin',NULL,'/system/role','127.0.0.1','内网IP','{\"admin\":false,\"createTime\":\"2023-04-12 16:06:57\",\"dataScope\":\"1\",\"delFlag\":\"0\",\"deptCheckStrictly\":true,\"flag\":false,\"menuCheckStrictly\":true,\"menuIds\":[2008,2009,2003,2005,2035,2041,2053,2056,2057,2058,2059,2060,2061,2062],\"params\":{},\"roleId\":103,\"roleKey\":\"fjjs\",\"roleName\":\"分件角色\",\"roleSort\":0,\"status\":\"0\",\"updateBy\":\"admin\"}','{\"msg\":\"操作成功\",\"code\":200}',0,NULL,'2023-05-11 15:59:59'),(372,'角色管理',2,'com.fudian.web.controller.system.SysRoleController.edit()','PUT',1,'admin',NULL,'/system/role','127.0.0.1','内网IP','{\"admin\":false,\"createTime\":\"2023-04-12 16:05:34\",\"dataScope\":\"1\",\"delFlag\":\"0\",\"deptCheckStrictly\":true,\"flag\":false,\"menuCheckStrictly\":true,\"menuIds\":[2000,2002,2008,2009,2001,2027,2035],\"params\":{},\"roleId\":100,\"roleKey\":\"xmgly\",\"roleName\":\"项目管理员\",\"roleSort\":3,\"status\":\"0\",\"updateBy\":\"admin\"}','{\"msg\":\"操作成功\",\"code\":200}',0,NULL,'2023-05-11 16:01:59'),(373,'用户管理',2,'com.fudian.web.controller.system.SysUserController.edit()','PUT',1,'admin',NULL,'/system/user','127.0.0.1','内网IP','{\"admin\":false,\"avatar\":\"/profile/avatar/2023/01/12/blob_20230112141028A001.png\",\"createBy\":\"admin\",\"createTime\":\"2023-01-12 14:00:00\",\"delFlag\":\"0\",\"email\":\"xingkong_0724@163.com\",\"loginDate\":\"2023-04-28 16:13:06\",\"loginIp\":\"127.0.0.1\",\"nickName\":\"刘朋\",\"params\":{},\"phonenumber\":\"15227175837\",\"postIds\":[1],\"remark\":\"测试\",\"roleIds\":[100],\"roles\":[{\"admin\":false,\"dataScope\":\"2\",\"deptCheckStrictly\":false,\"flag\":false,\"menuCheckStrictly\":false,\"params\":{},\"roleId\":2,\"roleKey\":\"common\",\"roleName\":\"普通角色\",\"roleSort\":2,\"status\":\"0\"}],\"sex\":\"0\",\"status\":\"0\",\"updateBy\":\"admin\",\"userId\":102,\"userName\":\"liupeng\"}','{\"msg\":\"操作成功\",\"code\":200}',0,NULL,'2023-05-11 16:02:13'),(374,'角色管理',2,'com.fudian.web.controller.system.SysRoleController.edit()','PUT',1,'admin',NULL,'/system/role','127.0.0.1','内网IP','{\"admin\":false,\"createTime\":\"2023-04-12 16:06:57\",\"dataScope\":\"1\",\"delFlag\":\"0\",\"deptCheckStrictly\":true,\"flag\":false,\"menuCheckStrictly\":true,\"menuIds\":[2008,2009,2003,2004,2005,2035,2041,2042,2054,2046,2047,2050,2052,2053,2056,2057,2058,2059,2060,2061,2062],\"params\":{},\"roleId\":103,\"roleKey\":\"fjjs\",\"roleName\":\"分件角色\",\"roleSort\":0,\"status\":\"0\",\"updateBy\":\"admin\"}','{\"msg\":\"操作成功\",\"code\":200}',0,NULL,'2023-05-11 16:04:58'),(375,'用户管理',2,'com.fudian.web.controller.system.SysUserController.edit()','PUT',1,'admin',NULL,'/system/user','127.0.0.1','内网IP','{\"admin\":false,\"avatar\":\"/profile/avatar/2023/01/12/blob_20230112141028A001.png\",\"createBy\":\"admin\",\"createTime\":\"2023-01-12 14:00:00\",\"delFlag\":\"0\",\"email\":\"xingkong_0724@163.com\",\"loginDate\":\"2023-05-11 16:02:35\",\"loginIp\":\"127.0.0.1\",\"nickName\":\"刘朋\",\"params\":{},\"phonenumber\":\"15227175837\",\"postIds\":[1],\"remark\":\"测试\",\"roleIds\":[100,103],\"roles\":[{\"admin\":false,\"dataScope\":\"1\",\"deptCheckStrictly\":false,\"flag\":false,\"menuCheckStrictly\":false,\"params\":{},\"roleId\":100,\"roleKey\":\"xmgly\",\"roleName\":\"项目管理员\",\"roleSort\":3,\"status\":\"0\"}],\"sex\":\"0\",\"status\":\"0\",\"updateBy\":\"admin\",\"userId\":102,\"userName\":\"liupeng\"}','{\"msg\":\"操作成功\",\"code\":200}',0,NULL,'2023-05-11 16:05:30'),(376,'个人信息',2,'com.fudian.web.controller.system.SysProfileController.updateProfile()','PUT',1,'admin',NULL,'/system/user/profile','127.0.0.1','内网IP','{\"admin\":true,\"avatar\":\"\",\"createBy\":\"admin\",\"createTime\":\"2023-01-05 14:21:37\",\"delFlag\":\"0\",\"dept\":{\"ancestors\":\"0,100,101\",\"children\":[],\"deptId\":103,\"deptName\":\"研发部门\",\"leader\":\"若依\",\"orderNum\":1,\"params\":{},\"parentId\":101,\"status\":\"0\"},\"deptId\":103,\"email\":\"ry@163.com\",\"loginDate\":\"2023-05-15 10:46:56\",\"loginIp\":\"127.0.0.1\",\"nickName\":\"超级管理员\",\"params\":{},\"phonenumber\":\"15227175837\",\"remark\":\"管理员\",\"roles\":[{\"admin\":true,\"dataScope\":\"1\",\"deptCheckStrictly\":false,\"flag\":false,\"menuCheckStrictly\":false,\"params\":{},\"roleId\":1,\"roleKey\":\"admin\",\"roleName\":\"超级管理员\",\"roleSort\":1,\"status\":\"0\"}],\"sex\":\"1\",\"status\":\"0\",\"userId\":1,\"userName\":\"admin\"}','{\"msg\":\"修改用户\'admin\'失败，手机号码已存在\",\"code\":500}',0,NULL,'2023-05-15 10:51:50'),(377,'个人信息',2,'com.fudian.web.controller.system.SysProfileController.updateProfile()','PUT',1,'admin',NULL,'/system/user/profile','127.0.0.1','内网IP','{\"admin\":true,\"avatar\":\"\",\"createBy\":\"admin\",\"createTime\":\"2023-01-05 14:21:37\",\"delFlag\":\"0\",\"dept\":{\"ancestors\":\"0,100,101\",\"children\":[],\"deptId\":103,\"deptName\":\"研发部门\",\"leader\":\"若依\",\"orderNum\":1,\"params\":{},\"parentId\":101,\"status\":\"0\"},\"deptId\":103,\"email\":\"ry@163.com\",\"loginDate\":\"2023-05-15 10:46:56\",\"loginIp\":\"127.0.0.1\",\"nickName\":\"超级管理员\",\"params\":{},\"phonenumber\":\"15227175837\",\"remark\":\"管理员\",\"roles\":[{\"admin\":true,\"dataScope\":\"1\",\"deptCheckStrictly\":false,\"flag\":false,\"menuCheckStrictly\":false,\"params\":{},\"roleId\":1,\"roleKey\":\"admin\",\"roleName\":\"超级管理员\",\"roleSort\":1,\"status\":\"0\"}],\"sex\":\"1\",\"status\":\"0\",\"userId\":1,\"userName\":\"admin\"}','{\"msg\":\"修改用户\'admin\'失败，手机号码已存在\",\"code\":500}',0,NULL,'2023-05-15 10:51:54'),(378,'个人信息',2,'com.fudian.web.controller.system.SysProfileController.updateProfile()','PUT',1,'admin',NULL,'/system/user/profile','127.0.0.1','内网IP','{\"admin\":true,\"createBy\":\"admin\",\"createTime\":\"2023-01-05 14:21:37\",\"delFlag\":\"0\",\"dept\":{\"ancestors\":\"0,100,101\",\"children\":[],\"deptId\":103,\"deptName\":\"研发部门\",\"leader\":\"若依\",\"orderNum\":1,\"params\":{},\"parentId\":101,\"status\":\"0\"},\"email\":\"ry@163.com\",\"loginDate\":\"2023-05-15 10:46:56\",\"loginIp\":\"127.0.0.1\",\"nickName\":\"超级管理员\",\"params\":{},\"phonenumber\":\"15888888888\",\"remark\":\"管理员\",\"roles\":[{\"admin\":true,\"dataScope\":\"1\",\"deptCheckStrictly\":false,\"flag\":false,\"menuCheckStrictly\":false,\"params\":{},\"roleId\":1,\"roleKey\":\"admin\",\"roleName\":\"超级管理员\",\"roleSort\":1,\"status\":\"0\"}],\"sex\":\"1\",\"status\":\"0\",\"userId\":1,\"userName\":\"admin\"}','{\"msg\":\"操作成功\",\"code\":200}',0,NULL,'2023-05-15 11:06:22'),(379,'个人信息',2,'com.fudian.web.controller.system.SysProfileController.updatePwd()','PUT',1,'admin',NULL,'/system/user/profile/updatePwd','127.0.0.1','内网IP','\"admin123\" \"admin123\"','{\"msg\":\"新密码不能与旧密码相同\",\"code\":500}',0,NULL,'2023-05-15 11:07:09'),(380,'菜单管理',3,'com.fudian.web.controller.system.SysMenuController.remove()','DELETE',1,'admin',NULL,'/system/menu/2039','127.0.0.1','内网IP','{}','{\"msg\":\"菜单已分配,不允许删除\",\"code\":601}',0,NULL,'2023-05-18 10:50:09'),(381,'角色管理',2,'com.fudian.web.controller.system.SysRoleController.edit()','PUT',1,'admin',NULL,'/system/role','127.0.0.1','内网IP','{\"admin\":false,\"createTime\":\"2023-04-12 16:06:30\",\"dataScope\":\"1\",\"delFlag\":\"0\",\"deptCheckStrictly\":true,\"flag\":false,\"menuCheckStrictly\":true,\"menuIds\":[2008,2009,1,2,2000,2001,2002,2027,2028,2029,2030,2031,2032,2033,2034,2035,2036,2037,2038,2040,2041,2003,2004,2042,2043,2044,2045,2054,2046,2047,2048,2049,2050,2051,2052,2005,2053,2055,2056,2057,2058,2059,2060,2061,2062,2010,2011,2012,2013,2006,2007,2014,2015,2024,2025,2026,2016,108,500,1039,1040,1041,501,1042,1043,1044,1045,109,1046,1047,1048],\"params\":{},\"roleId\":102,\"roleKey\":\"xtgly\",\"roleName\":\"系统管理员\",\"roleSort\":0,\"status\":\"0\",\"updateBy\":\"admin\"}','{\"msg\":\"操作成功\",\"code\":200}',0,NULL,'2023-05-18 10:50:56'),(382,'菜单管理',3,'com.fudian.web.controller.system.SysMenuController.remove()','DELETE',1,'admin',NULL,'/system/menu/2039','127.0.0.1','内网IP','{}','{\"msg\":\"操作成功\",\"code\":200}',0,NULL,'2023-05-18 10:51:40'),(383,'菜单管理',2,'com.fudian.web.controller.system.SysMenuController.edit()','PUT',1,'admin',NULL,'/system/menu','192.168.0.16','内网IP','{\"children\":[],\"component\":\"system/dept/index\",\"createTime\":\"2023-01-05 14:21:37\",\"icon\":\"tree\",\"isCache\":\"0\",\"isFrame\":\"1\",\"menuId\":103,\"menuName\":\"部门管理\",\"menuType\":\"C\",\"orderNum\":4,\"params\":{},\"parentId\":1,\"path\":\"dept\",\"perms\":\"system:dept:list\",\"query\":\"\",\"status\":\"1\",\"updateBy\":\"admin\",\"visible\":\"0\"}','{\"msg\":\"操作成功\",\"code\":200}',0,NULL,'2023-05-18 11:53:57'),(384,'菜单管理',2,'com.fudian.web.controller.system.SysMenuController.edit()','PUT',1,'admin',NULL,'/system/menu','192.168.0.16','内网IP','{\"children\":[],\"component\":\"system/post/index\",\"createTime\":\"2023-01-05 14:21:37\",\"icon\":\"post\",\"isCache\":\"0\",\"isFrame\":\"1\",\"menuId\":104,\"menuName\":\"岗位管理\",\"menuType\":\"C\",\"orderNum\":5,\"params\":{},\"parentId\":1,\"path\":\"post\",\"perms\":\"system:post:list\",\"query\":\"\",\"status\":\"1\",\"updateBy\":\"admin\",\"visible\":\"0\"}','{\"msg\":\"操作成功\",\"code\":200}',0,NULL,'2023-05-18 11:54:10'),(385,'菜单管理',2,'com.fudian.web.controller.system.SysMenuController.edit()','PUT',1,'admin',NULL,'/system/menu','192.168.0.16','内网IP','{\"children\":[],\"component\":\"system/config/index\",\"createTime\":\"2023-01-05 14:21:37\",\"icon\":\"edit\",\"isCache\":\"0\",\"isFrame\":\"1\",\"menuId\":106,\"menuName\":\"参数设置\",\"menuType\":\"C\",\"orderNum\":7,\"params\":{},\"parentId\":1,\"path\":\"config\",\"perms\":\"system:config:list\",\"query\":\"\",\"status\":\"1\",\"updateBy\":\"admin\",\"visible\":\"0\"}','{\"msg\":\"操作成功\",\"code\":200}',0,NULL,'2023-05-18 11:54:29'),(386,'菜单管理',2,'com.fudian.web.controller.system.SysMenuController.edit()','PUT',1,'admin',NULL,'/system/menu','192.168.0.16','内网IP','{\"children\":[],\"component\":\"system/notice/index\",\"createTime\":\"2023-01-05 14:21:37\",\"icon\":\"message\",\"isCache\":\"0\",\"isFrame\":\"1\",\"menuId\":107,\"menuName\":\"通知公告\",\"menuType\":\"C\",\"orderNum\":8,\"params\":{},\"parentId\":1,\"path\":\"notice\",\"perms\":\"system:notice:list\",\"query\":\"\",\"status\":\"1\",\"updateBy\":\"admin\",\"visible\":\"0\"}','{\"msg\":\"操作成功\",\"code\":200}',0,NULL,'2023-05-18 11:54:34'),(387,'菜单管理',2,'com.fudian.web.controller.system.SysMenuController.edit()','PUT',1,'admin',NULL,'/system/menu','192.168.0.16','内网IP','{\"children\":[],\"component\":\"monitor/job/index\",\"createTime\":\"2023-01-05 14:21:37\",\"icon\":\"job\",\"isCache\":\"0\",\"isFrame\":\"1\",\"menuId\":110,\"menuName\":\"定时任务\",\"menuType\":\"C\",\"orderNum\":2,\"params\":{},\"parentId\":2,\"path\":\"job\",\"perms\":\"monitor:job:list\",\"query\":\"\",\"status\":\"1\",\"updateBy\":\"admin\",\"visible\":\"0\"}','{\"msg\":\"操作成功\",\"code\":200}',0,NULL,'2023-05-18 11:55:22'),(388,'菜单管理',2,'com.fudian.web.controller.system.SysMenuController.edit()','PUT',1,'admin',NULL,'/system/menu','192.168.0.16','内网IP','{\"children\":[],\"component\":\"monitor/cache/index\",\"createTime\":\"2023-01-05 14:21:37\",\"icon\":\"redis\",\"isCache\":\"0\",\"isFrame\":\"1\",\"menuId\":113,\"menuName\":\"缓存监控\",\"menuType\":\"C\",\"orderNum\":5,\"params\":{},\"parentId\":2,\"path\":\"cache\",\"perms\":\"monitor:cache:list\",\"query\":\"\",\"status\":\"1\",\"updateBy\":\"admin\",\"visible\":\"0\"}','{\"msg\":\"操作成功\",\"code\":200}',0,NULL,'2023-05-18 11:55:51'),(389,'菜单管理',2,'com.fudian.web.controller.system.SysMenuController.edit()','PUT',1,'admin',NULL,'/system/menu','192.168.0.16','内网IP','{\"children\":[],\"component\":\"monitor/cache/list\",\"createTime\":\"2023-01-05 14:21:37\",\"icon\":\"redis-list\",\"isCache\":\"0\",\"isFrame\":\"1\",\"menuId\":114,\"menuName\":\"缓存列表\",\"menuType\":\"C\",\"orderNum\":6,\"params\":{},\"parentId\":2,\"path\":\"cacheList\",\"perms\":\"monitor:cache:list\",\"query\":\"\",\"status\":\"1\",\"updateBy\":\"admin\",\"visible\":\"0\"}','{\"msg\":\"操作成功\",\"code\":200}',0,NULL,'2023-05-18 11:55:53'),(390,'菜单管理',2,'com.fudian.web.controller.system.SysMenuController.edit()','PUT',1,'admin',NULL,'/system/menu','192.168.0.16','内网IP','{\"children\":[],\"createTime\":\"2023-01-05 14:21:37\",\"icon\":\"tool\",\"isCache\":\"0\",\"isFrame\":\"1\",\"menuId\":3,\"menuName\":\"系统工具\",\"menuType\":\"M\",\"orderNum\":9,\"params\":{},\"parentId\":0,\"path\":\"tool\",\"perms\":\"\",\"query\":\"\",\"status\":\"1\",\"updateBy\":\"admin\",\"visible\":\"0\"}','{\"msg\":\"操作成功\",\"code\":200}',0,NULL,'2023-05-18 11:57:05'),(391,'菜单管理',2,'com.fudian.web.controller.system.SysMenuController.edit()','PUT',1,'admin',NULL,'/system/menu','192.168.0.16','内网IP','{\"children\":[],\"component\":\"szhjg/ywgl/gxhjgl/index\",\"createTime\":\"2023-02-03 17:02:58\",\"icon\":\"#\",\"isCache\":\"0\",\"isFrame\":\"1\",\"menuId\":2016,\"menuName\":\"工序环节管理\",\"menuType\":\"C\",\"orderNum\":5,\"params\":{},\"parentId\":2014,\"path\":\"gxhjgl\",\"perms\":\"\",\"status\":\"1\",\"updateBy\":\"admin\",\"visible\":\"0\"}','{\"msg\":\"操作成功\",\"code\":200}',0,NULL,'2023-05-18 16:29:45'),(392,'用户管理',2,'com.fudian.web.controller.system.SysUserController.edit()','PUT',1,'admin',NULL,'/system/user','192.168.0.16','内网IP','{\"admin\":false,\"avatar\":\"\",\"createBy\":\"admin\",\"createTime\":\"2023-04-12 16:00:49\",\"delFlag\":\"0\",\"email\":\"985550642@qq.com\",\"loginDate\":\"2023-05-17 14:18:13\",\"loginIp\":\"192.168.0.16\",\"nickName\":\"张三\",\"params\":{},\"phonenumber\":\"18311156738\",\"postIds\":[],\"roleIds\":[103],\"roles\":[{\"admin\":false,\"dataScope\":\"1\",\"deptCheckStrictly\":false,\"flag\":false,\"menuCheckStrictly\":false,\"params\":{},\"roleId\":103,\"roleKey\":\"fjjs\",\"roleName\":\"分件角色\",\"roleSort\":0,\"status\":\"0\"},{\"admin\":false,\"dataScope\":\"1\",\"deptCheckStrictly\":false,\"flag\":false,\"menuCheckStrictly\":false,\"params\":{},\"roleId\":104,\"roleKey\":\"txcl\",\"roleName\":\"图像处理\",\"roleSort\":0,\"status\":\"0\"},{\"admin\":false,\"dataScope\":\"1\",\"deptCheckStrictly\":false,\"flag\":false,\"menuCheckStrictly\":false,\"params\":{},\"roleId\":109,\"roleKey\":\"txsm\",\"roleName\":\"图像扫描\",\"roleSort\":0,\"status\":\"0\"}],\"sex\":\"0\",\"status\":\"0\",\"updateBy\":\"admin\",\"userId\":1003,\"userName\":\"zhangsan\"}','{\"msg\":\"操作成功\",\"code\":200}',0,NULL,'2023-05-18 17:17:04'),(393,'菜单管理',2,'com.fudian.web.controller.system.SysMenuController.edit()','PUT',1,'admin',NULL,'/system/menu','127.0.0.1','内网IP','{\"children\":[],\"component\":\"szhjg/xmpcgl/xmgl/index\",\"createTime\":\"2023-01-11 12:07:20\",\"icon\":\"chart\",\"isCache\":\"0\",\"isFrame\":\"1\",\"menuId\":2001,\"menuName\":\"项目管理\",\"menuType\":\"C\",\"orderNum\":1,\"params\":{},\"parentId\":2000,\"path\":\"xmgl\",\"perms\":\"\",\"status\":\"0\",\"updateBy\":\"admin\",\"visible\":\"0\"}','{\"msg\":\"操作成功\",\"code\":200}',0,NULL,'2023-05-19 10:55:12'),(394,'菜单管理',2,'com.fudian.web.controller.system.SysMenuController.edit()','PUT',1,'admin',NULL,'/system/menu','127.0.0.1','内网IP','{\"children\":[],\"component\":\"szhjg/xmpcgl/pcgl/index\",\"createTime\":\"2023-01-12 15:29:26\",\"icon\":\"list\",\"isCache\":\"0\",\"isFrame\":\"1\",\"menuId\":2002,\"menuName\":\"批次管理\",\"menuType\":\"C\",\"orderNum\":2,\"params\":{},\"parentId\":2000,\"path\":\"pcgl\",\"perms\":\"\",\"status\":\"0\",\"updateBy\":\"admin\",\"visible\":\"0\"}','{\"msg\":\"操作成功\",\"code\":200}',0,NULL,'2023-05-19 10:56:12'),(395,'菜单管理',2,'com.fudian.web.controller.system.SysMenuController.edit()','PUT',1,'admin',NULL,'/system/menu','127.0.0.1','内网IP','{\"children\":[],\"component\":\"szhjg/rwgl/rwgl/index\",\"createTime\":\"2023-02-02 13:55:13\",\"icon\":\"renwu\",\"isCache\":\"0\",\"isFrame\":\"1\",\"menuId\":2009,\"menuName\":\"任务管理\",\"menuType\":\"C\",\"orderNum\":1,\"params\":{},\"parentId\":2008,\"path\":\"rwgl\",\"perms\":\"\",\"status\":\"0\",\"updateBy\":\"admin\",\"visible\":\"0\"}','{\"msg\":\"操作成功\",\"code\":200}',0,NULL,'2023-05-19 10:57:29'),(396,'菜单管理',2,'com.fudian.web.controller.system.SysMenuController.edit()','PUT',1,'admin',NULL,'/system/menu','127.0.0.1','内网IP','{\"children\":[],\"createTime\":\"2023-02-02 13:54:23\",\"icon\":\"renwu\",\"isCache\":\"0\",\"isFrame\":\"1\",\"menuId\":2008,\"menuName\":\"任务管理\",\"menuType\":\"M\",\"orderNum\":2,\"params\":{},\"parentId\":0,\"path\":\"szhjg/rwgl\",\"perms\":\"\",\"status\":\"0\",\"updateBy\":\"admin\",\"visible\":\"0\"}','{\"msg\":\"操作成功\",\"code\":200}',0,NULL,'2023-05-19 14:02:34'),(397,'菜单管理',2,'com.fudian.web.controller.system.SysMenuController.edit()','PUT',1,'admin',NULL,'/system/menu','127.0.0.1','内网IP','{\"children\":[],\"component\":\"szhjg/sjjg/tjrw/index\",\"createTime\":\"2023-01-28 16:50:56\",\"icon\":\"406\",\"isCache\":\"0\",\"isFrame\":\"1\",\"menuId\":2004,\"menuName\":\"添加任务\",\"menuType\":\"C\",\"orderNum\":1,\"params\":{},\"parentId\":2003,\"path\":\"tjrw\",\"perms\":\"\",\"status\":\"0\",\"updateBy\":\"admin\",\"visible\":\"0\"}','{\"msg\":\"操作成功\",\"code\":200}',0,NULL,'2023-05-19 14:27:54'),(398,'菜单管理',2,'com.fudian.web.controller.system.SysMenuController.edit()','PUT',1,'admin',NULL,'/system/menu','127.0.0.1','内网IP','{\"children\":[],\"component\":\"szhjg/sjjg/tjrw/index\",\"createTime\":\"2023-01-28 16:50:56\",\"icon\":\"404\",\"isCache\":\"0\",\"isFrame\":\"1\",\"menuId\":2004,\"menuName\":\"添加任务\",\"menuType\":\"C\",\"orderNum\":1,\"params\":{},\"parentId\":2003,\"path\":\"tjrw\",\"perms\":\"\",\"status\":\"0\",\"updateBy\":\"admin\",\"visible\":\"0\"}','{\"msg\":\"操作成功\",\"code\":200}',0,NULL,'2023-05-19 14:30:05'),(399,'菜单管理',2,'com.fudian.web.controller.system.SysMenuController.edit()','PUT',1,'admin',NULL,'/system/menu','127.0.0.1','内网IP','{\"children\":[],\"createTime\":\"2023-01-11 11:57:13\",\"icon\":\"项目\",\"isCache\":\"0\",\"isFrame\":\"1\",\"menuId\":2000,\"menuName\":\"项目批次管理\",\"menuType\":\"M\",\"orderNum\":1,\"params\":{},\"parentId\":0,\"path\":\"szhjg/xmpcgl\",\"perms\":\"\",\"status\":\"0\",\"updateBy\":\"admin\",\"visible\":\"0\"}','{\"msg\":\"操作成功\",\"code\":200}',0,NULL,'2023-05-19 14:31:43'),(400,'菜单管理',2,'com.fudian.web.controller.system.SysMenuController.edit()','PUT',1,'admin',NULL,'/system/menu','127.0.0.1','内网IP','{\"children\":[],\"createTime\":\"2023-01-11 11:57:13\",\"icon\":\"0_xiangmu\",\"isCache\":\"0\",\"isFrame\":\"1\",\"menuId\":2000,\"menuName\":\"项目批次管理\",\"menuType\":\"M\",\"orderNum\":1,\"params\":{},\"parentId\":0,\"path\":\"szhjg/xmpcgl\",\"perms\":\"\",\"status\":\"0\",\"updateBy\":\"admin\",\"visible\":\"0\"}','{\"msg\":\"操作成功\",\"code\":200}',0,NULL,'2023-05-19 14:33:08'),(401,'菜单管理',2,'com.fudian.web.controller.system.SysMenuController.edit()','PUT',1,'admin',NULL,'/system/menu','127.0.0.1','内网IP','{\"children\":[],\"createTime\":\"2023-01-11 11:57:13\",\"icon\":\"hetong\",\"isCache\":\"0\",\"isFrame\":\"1\",\"menuId\":2000,\"menuName\":\"项目批次管理\",\"menuType\":\"M\",\"orderNum\":1,\"params\":{},\"parentId\":0,\"path\":\"szhjg/xmpcgl\",\"perms\":\"\",\"status\":\"0\",\"updateBy\":\"admin\",\"visible\":\"0\"}','{\"msg\":\"操作成功\",\"code\":200}',0,NULL,'2023-05-19 14:34:35'),(402,'菜单管理',2,'com.fudian.web.controller.system.SysMenuController.edit()','PUT',1,'admin',NULL,'/system/menu','127.0.0.1','内网IP','{\"children\":[],\"component\":\"szhjg/xmpcgl/xmgl/index\",\"createTime\":\"2023-01-11 12:07:20\",\"icon\":\"0_xiangmu\",\"isCache\":\"0\",\"isFrame\":\"1\",\"menuId\":2001,\"menuName\":\"项目管理\",\"menuType\":\"C\",\"orderNum\":1,\"params\":{},\"parentId\":2000,\"path\":\"xmgl\",\"perms\":\"\",\"status\":\"0\",\"updateBy\":\"admin\",\"visible\":\"0\"}','{\"msg\":\"操作成功\",\"code\":200}',0,NULL,'2023-05-19 14:36:26'),(403,'菜单管理',2,'com.fudian.web.controller.system.SysMenuController.edit()','PUT',1,'admin',NULL,'/system/menu','127.0.0.1','内网IP','{\"children\":[],\"component\":\"szhjg/xmpcgl/pcgl/index\",\"createTime\":\"2023-01-12 15:29:26\",\"icon\":\"0_pici\",\"isCache\":\"0\",\"isFrame\":\"1\",\"menuId\":2002,\"menuName\":\"批次管理\",\"menuType\":\"C\",\"orderNum\":2,\"params\":{},\"parentId\":2000,\"path\":\"pcgl\",\"perms\":\"\",\"status\":\"0\",\"updateBy\":\"admin\",\"visible\":\"0\"}','{\"msg\":\"操作成功\",\"code\":200}',0,NULL,'2023-05-19 14:47:13'),(404,'菜单管理',2,'com.fudian.web.controller.system.SysMenuController.edit()','PUT',1,'admin',NULL,'/system/menu','127.0.0.1','内网IP','{\"children\":[],\"component\":\"szhjg/rwgl/rwgl/index\",\"createTime\":\"2023-02-02 13:55:13\",\"icon\":\"0_renwu\",\"isCache\":\"0\",\"isFrame\":\"1\",\"menuId\":2009,\"menuName\":\"任务管理\",\"menuType\":\"C\",\"orderNum\":1,\"params\":{},\"parentId\":2008,\"path\":\"rwgl\",\"perms\":\"\",\"status\":\"0\",\"updateBy\":\"admin\",\"visible\":\"0\"}','{\"msg\":\"操作成功\",\"code\":200}',0,NULL,'2023-05-19 14:49:24'),(405,'菜单管理',2,'com.fudian.web.controller.system.SysMenuController.edit()','PUT',1,'admin',NULL,'/system/menu','127.0.0.1','内网IP','{\"children\":[],\"component\":\"szhjg/sjjg/tjrw/index\",\"createTime\":\"2023-01-28 16:50:56\",\"icon\":\"0_addrenwu\",\"isCache\":\"0\",\"isFrame\":\"1\",\"menuId\":2004,\"menuName\":\"添加任务\",\"menuType\":\"C\",\"orderNum\":1,\"params\":{},\"parentId\":2003,\"path\":\"tjrw\",\"perms\":\"\",\"status\":\"0\",\"updateBy\":\"admin\",\"visible\":\"0\"}','{\"msg\":\"操作成功\",\"code\":200}',0,NULL,'2023-05-19 14:51:13'),(406,'菜单管理',2,'com.fudian.web.controller.system.SysMenuController.edit()','PUT',1,'admin',NULL,'/system/menu','127.0.0.1','内网IP','{\"children\":[],\"component\":\"szhjg/sjjg/fjrw/index\",\"createTime\":\"2023-01-29 15:23:52\",\"icon\":\"0_fenjian\",\"isCache\":\"0\",\"isFrame\":\"1\",\"menuId\":2005,\"menuName\":\"分件\",\"menuType\":\"C\",\"orderNum\":2,\"params\":{},\"parentId\":2003,\"path\":\"fjrw\",\"perms\":\"\",\"status\":\"0\",\"updateBy\":\"admin\",\"visible\":\"0\"}','{\"msg\":\"操作成功\",\"code\":200}',0,NULL,'2023-05-19 14:53:05'),(407,'菜单管理',2,'com.fudian.web.controller.system.SysMenuController.edit()','PUT',1,'admin',NULL,'/system/menu','127.0.0.1','内网IP','{\"children\":[],\"component\":\"szhjg/sjjg/txsm/index\",\"createTime\":\"2023-02-03 14:17:50\",\"icon\":\"0_saomiao\",\"isCache\":\"0\",\"isFrame\":\"1\",\"menuId\":2010,\"menuName\":\"图像扫描\",\"menuType\":\"C\",\"orderNum\":3,\"params\":{},\"parentId\":2003,\"path\":\"txsm\",\"perms\":\"\",\"status\":\"0\",\"updateBy\":\"admin\",\"visible\":\"0\"}','{\"msg\":\"操作成功\",\"code\":200}',0,NULL,'2023-05-19 14:54:03'),(408,'菜单管理',2,'com.fudian.web.controller.system.SysMenuController.edit()','PUT',1,'admin',NULL,'/system/menu','127.0.0.1','内网IP','{\"children\":[],\"component\":\"szhjg/sjjg/txcl/index\",\"createTime\":\"2023-02-03 14:18:53\",\"icon\":\"0_chuli\",\"isCache\":\"0\",\"isFrame\":\"1\",\"menuId\":2011,\"menuName\":\"图像处理\",\"menuType\":\"C\",\"orderNum\":4,\"params\":{},\"parentId\":2003,\"path\":\"txcl\",\"perms\":\"\",\"status\":\"0\",\"updateBy\":\"admin\",\"visible\":\"0\"}','{\"msg\":\"操作成功\",\"code\":200}',0,NULL,'2023-05-19 14:54:51'),(409,'菜单管理',2,'com.fudian.web.controller.system.SysMenuController.edit()','PUT',1,'admin',NULL,'/system/menu','127.0.0.1','内网IP','{\"children\":[],\"component\":\"szhjg/sjjg/txzj/index\",\"createTime\":\"2023-02-03 14:20:44\",\"icon\":\"0_zhijian\",\"isCache\":\"0\",\"isFrame\":\"1\",\"menuId\":2012,\"menuName\":\"图像质检\",\"menuType\":\"C\",\"orderNum\":5,\"params\":{},\"parentId\":2003,\"path\":\"txzj\",\"perms\":\"\",\"status\":\"0\",\"updateBy\":\"admin\",\"visible\":\"0\"}','{\"msg\":\"操作成功\",\"code\":200}',0,NULL,'2023-05-19 14:55:42'),(410,'菜单管理',2,'com.fudian.web.controller.system.SysMenuController.edit()','PUT',1,'admin',NULL,'/system/menu','127.0.0.1','内网IP','{\"children\":[],\"component\":\"szhjg/sjjg/txzjhcl/index\",\"createTime\":\"2023-02-03 14:21:14\",\"icon\":\"0_chuli2\",\"isCache\":\"0\",\"isFrame\":\"1\",\"menuId\":2013,\"menuName\":\"图像质检处理\",\"menuType\":\"C\",\"orderNum\":6,\"params\":{},\"parentId\":2003,\"path\":\"txzjhcl\",\"perms\":\"\",\"status\":\"0\",\"updateBy\":\"admin\",\"visible\":\"0\"}','{\"msg\":\"操作成功\",\"code\":200}',0,NULL,'2023-05-19 14:57:55'),(411,'菜单管理',2,'com.fudian.web.controller.system.SysMenuController.edit()','PUT',1,'admin',NULL,'/system/menu','127.0.0.1','内网IP','{\"children\":[],\"component\":\"szhjg/sjjg/mlzl/index\",\"createTime\":\"2023-01-29 15:46:34\",\"icon\":\"0_zhulu\",\"isCache\":\"0\",\"isFrame\":\"1\",\"menuId\":2006,\"menuName\":\"目录著录\",\"menuType\":\"C\",\"orderNum\":7,\"params\":{},\"parentId\":2003,\"path\":\"mlzl\",\"perms\":\"\",\"status\":\"0\",\"updateBy\":\"admin\",\"visible\":\"0\"}','{\"msg\":\"操作成功\",\"code\":200}',0,NULL,'2023-05-19 14:59:19'),(412,'菜单管理',2,'com.fudian.web.controller.system.SysMenuController.edit()','PUT',1,'admin',NULL,'/system/menu','127.0.0.1','内网IP','{\"children\":[],\"component\":\"szhjg/sjjg/sjzj/index\",\"createTime\":\"2023-01-31 15:53:37\",\"icon\":\"0_zhijian2\",\"isCache\":\"0\",\"isFrame\":\"1\",\"menuId\":2007,\"menuName\":\"数据质检\",\"menuType\":\"C\",\"orderNum\":8,\"params\":{},\"parentId\":2003,\"path\":\"sjzj\",\"perms\":\"\",\"status\":\"0\",\"updateBy\":\"admin\",\"visible\":\"0\"}','{\"msg\":\"操作成功\",\"code\":200}',0,NULL,'2023-05-19 15:00:11'),(413,'菜单管理',2,'com.fudian.web.controller.system.SysMenuController.edit()','PUT',1,'admin',NULL,'/system/menu','127.0.0.1','内网IP','{\"children\":[],\"component\":\"szhjg/ywgl/dalxgl/index\",\"createTime\":\"2023-02-03 17:02:23\",\"icon\":\"0_dangan\",\"isCache\":\"0\",\"isFrame\":\"1\",\"menuId\":2015,\"menuName\":\"档案类型管理\",\"menuType\":\"C\",\"orderNum\":1,\"params\":{},\"parentId\":2014,\"path\":\"dalxgl\",\"perms\":\"\",\"status\":\"0\",\"updateBy\":\"admin\",\"visible\":\"0\"}','{\"msg\":\"操作成功\",\"code\":200}',0,NULL,'2023-05-19 15:04:50'),(414,'菜单管理',2,'com.fudian.web.controller.system.SysMenuController.edit()','PUT',1,'admin',NULL,'/system/menu','127.0.0.1','内网IP','{\"children\":[],\"component\":\"szhjg/ywgl/setfield/metadata/index\",\"createTime\":\"2023-04-13 10:58:02\",\"icon\":\"0_yuanshuju\",\"isCache\":\"0\",\"isFrame\":\"1\",\"menuId\":2024,\"menuName\":\"元数据管理\",\"menuType\":\"C\",\"orderNum\":2,\"params\":{},\"parentId\":2014,\"path\":\"setfield/metadata\",\"perms\":\"\",\"status\":\"0\",\"updateBy\":\"admin\",\"visible\":\"0\"}','{\"msg\":\"操作成功\",\"code\":200}',0,NULL,'2023-05-19 15:06:00'),(415,'菜单管理',2,'com.fudian.web.controller.system.SysMenuController.edit()','PUT',1,'admin',NULL,'/system/menu','127.0.0.1','内网IP','{\"children\":[],\"component\":\"szhjg/ywgl/setfield/xmaintenance/index\",\"createTime\":\"2023-04-25 18:26:48\",\"icon\":\"0_ziduan\",\"isCache\":\"0\",\"isFrame\":\"1\",\"menuId\":2026,\"menuName\":\"字段选择维护\",\"menuType\":\"C\",\"orderNum\":4,\"params\":{},\"parentId\":2014,\"path\":\"setfield/xmaintenance\",\"perms\":\"\",\"status\":\"0\",\"updateBy\":\"admin\",\"visible\":\"0\"}','{\"msg\":\"操作成功\",\"code\":200}',0,NULL,'2023-05-19 15:06:50'),(416,'菜单管理',2,'com.fudian.web.controller.system.SysMenuController.edit()','PUT',1,'admin',NULL,'/system/menu','127.0.0.1','内网IP','{\"children\":[],\"component\":\"szhjg/ywgl/setfield/template/index\",\"createTime\":\"2023-04-13 12:03:12\",\"icon\":\"0_ziduan\",\"isCache\":\"0\",\"isFrame\":\"1\",\"menuId\":2025,\"menuName\":\"数据字段管理\",\"menuType\":\"C\",\"orderNum\":3,\"params\":{},\"parentId\":2014,\"path\":\"setfield/template\",\"perms\":\"\",\"status\":\"0\",\"updateBy\":\"admin\",\"visible\":\"0\"}','{\"msg\":\"操作成功\",\"code\":200}',0,NULL,'2023-05-19 15:07:09'),(417,'菜单管理',2,'com.fudian.web.controller.system.SysMenuController.edit()','PUT',1,'admin',NULL,'/system/menu','127.0.0.1','内网IP','{\"children\":[],\"component\":\"szhjg/ywgl/setfield/xmaintenance/index\",\"createTime\":\"2023-04-25 18:26:48\",\"icon\":\"0_ziduan2\",\"isCache\":\"0\",\"isFrame\":\"1\",\"menuId\":2026,\"menuName\":\"字段选择维护\",\"menuType\":\"C\",\"orderNum\":4,\"params\":{},\"parentId\":2014,\"path\":\"setfield/xmaintenance\",\"perms\":\"\",\"status\":\"0\",\"updateBy\":\"admin\",\"visible\":\"0\"}','{\"msg\":\"操作成功\",\"code\":200}',0,NULL,'2023-05-19 15:07:50'),(418,'菜单管理',2,'com.fudian.web.controller.system.SysMenuController.edit()','PUT',1,'admin',NULL,'/system/menu','127.0.0.1','内网IP','{\"children\":[],\"component\":\"szhjg/check/spotCheckTask/index\",\"createTime\":\"2023-03-20 11:42:34\",\"icon\":\"0_choujian\",\"isCache\":\"0\",\"isFrame\":\"1\",\"menuId\":2022,\"menuName\":\"抽检任务生成\",\"menuType\":\"C\",\"orderNum\":1,\"params\":{},\"parentId\":2021,\"path\":\"spotCheckTask\",\"perms\":\"\",\"status\":\"0\",\"updateBy\":\"admin\",\"visible\":\"0\"}','{\"msg\":\"操作成功\",\"code\":200}',0,NULL,'2023-05-19 15:14:46'),(419,'菜单管理',2,'com.fudian.web.controller.system.SysMenuController.edit()','PUT',1,'admin',NULL,'/system/menu','127.0.0.1','内网IP','{\"children\":[],\"component\":\"szhjg/check/spotCheck/index\",\"createTime\":\"2023-03-20 11:43:20\",\"icon\":\"0_choujian2\",\"isCache\":\"0\",\"isFrame\":\"1\",\"menuId\":2023,\"menuName\":\"抽检\",\"menuType\":\"C\",\"orderNum\":2,\"params\":{},\"parentId\":2021,\"path\":\"spotCheck\",\"perms\":\"\",\"status\":\"0\",\"updateBy\":\"admin\",\"visible\":\"0\"}','{\"msg\":\"操作成功\",\"code\":200}',0,NULL,'2023-05-19 15:14:52'),(420,'用户管理',2,'com.fudian.web.controller.system.SysUserController.edit()','PUT',1,'admin',NULL,'/system/user','127.0.0.1','内网IP','{\"admin\":false,\"avatar\":\"\",\"createBy\":\"admin\",\"createTime\":\"2023-04-12 16:01:34\",\"delFlag\":\"0\",\"email\":\"\",\"loginDate\":\"2023-05-04 09:36:04\",\"loginIp\":\"127.0.0.1\",\"nickName\":\"李四\",\"params\":{},\"phonenumber\":\"\",\"postIds\":[],\"roleIds\":[104],\"roles\":[],\"sex\":\"0\",\"status\":\"0\",\"updateBy\":\"admin\",\"userId\":1004,\"userName\":\"lisi\"}','{\"msg\":\"操作成功\",\"code\":200}',0,NULL,'2023-05-23 16:04:26'),(421,'用户管理',2,'com.fudian.web.controller.system.SysUserController.edit()','PUT',1,'admin',NULL,'/system/user','192.168.0.16','内网IP','{\"admin\":false,\"avatar\":\"\",\"createBy\":\"admin\",\"createTime\":\"2023-04-12 16:01:34\",\"delFlag\":\"0\",\"email\":\"\",\"loginDate\":\"2023-05-25 17:42:56\",\"loginIp\":\"192.168.0.16\",\"nickName\":\"李四\",\"params\":{},\"phonenumber\":\"\",\"postIds\":[],\"roleIds\":[102],\"roles\":[{\"admin\":false,\"dataScope\":\"1\",\"deptCheckStrictly\":false,\"flag\":false,\"menuCheckStrictly\":false,\"params\":{},\"roleId\":104,\"roleKey\":\"txcl\",\"roleName\":\"图像处理\",\"roleSort\":0,\"status\":\"0\"}],\"sex\":\"0\",\"status\":\"0\",\"updateBy\":\"admin\",\"userId\":1004,\"userName\":\"lisi\"}','{\"msg\":\"操作成功\",\"code\":200}',0,NULL,'2023-05-25 17:46:36');
/*!40000 ALTER TABLE `sys_oper_log` ENABLE KEYS */;
UNLOCK TABLES;

--
-- Table structure for table `sys_post`
--

DROP TABLE IF EXISTS `sys_post`;
/*!40101 SET @saved_cs_client     = @@character_set_client */;
/*!50503 SET character_set_client = utf8mb4 */;
CREATE TABLE `sys_post` (
  `post_id` bigint NOT NULL AUTO_INCREMENT COMMENT '岗位ID',
  `post_code` varchar(64) CHARACTER SET utf8 COLLATE utf8_general_ci NOT NULL COMMENT '岗位编码',
  `post_name` varchar(50) CHARACTER SET utf8 COLLATE utf8_general_ci NOT NULL COMMENT '岗位名称',
  `post_sort` int NOT NULL COMMENT '显示顺序',
  `status` char(1) CHARACTER SET utf8 COLLATE utf8_general_ci NOT NULL COMMENT '状态（0正常 1停用）',
  `create_by` varchar(64) CHARACTER SET utf8 COLLATE utf8_general_ci DEFAULT '' COMMENT '创建者',
  `create_time` datetime DEFAULT NULL COMMENT '创建时间',
  `update_by` varchar(64) CHARACTER SET utf8 COLLATE utf8_general_ci DEFAULT '' COMMENT '更新者',
  `update_time` datetime DEFAULT NULL COMMENT '更新时间',
  `remark` varchar(500) CHARACTER SET utf8 COLLATE utf8_general_ci DEFAULT NULL COMMENT '备注',
  PRIMARY KEY (`post_id`) USING BTREE
) ENGINE=InnoDB AUTO_INCREMENT=5 DEFAULT CHARSET=utf8mb3 COMMENT='岗位信息表';
/*!40101 SET character_set_client = @saved_cs_client */;

--
-- Dumping data for table `sys_post`
--

LOCK TABLES `sys_post` WRITE;
/*!40000 ALTER TABLE `sys_post` DISABLE KEYS */;
INSERT INTO `sys_post` VALUES (1,'ceo','董事长',1,'0','admin','2023-01-05 14:21:37','',NULL,''),(2,'se','项目经理',2,'0','admin','2023-01-05 14:21:37','',NULL,''),(3,'hr','人力资源',3,'0','admin','2023-01-05 14:21:37','',NULL,''),(4,'user','普通员工',4,'0','admin','2023-01-05 14:21:37','',NULL,'');
/*!40000 ALTER TABLE `sys_post` ENABLE KEYS */;
UNLOCK TABLES;

--
-- Table structure for table `sys_role`
--

DROP TABLE IF EXISTS `sys_role`;
/*!40101 SET @saved_cs_client     = @@character_set_client */;
/*!50503 SET character_set_client = utf8mb4 */;
CREATE TABLE `sys_role` (
  `role_id` bigint NOT NULL AUTO_INCREMENT COMMENT '角色ID',
  `role_name` varchar(30) CHARACTER SET utf8 COLLATE utf8_general_ci NOT NULL COMMENT '角色名称',
  `role_key` varchar(100) CHARACTER SET utf8 COLLATE utf8_general_ci NOT NULL COMMENT '角色权限字符串',
  `role_sort` int NOT NULL COMMENT '显示顺序',
  `data_scope` char(1) CHARACTER SET utf8 COLLATE utf8_general_ci DEFAULT '1' COMMENT '数据范围（1：全部数据权限 2：自定数据权限 3：本部门数据权限 4：本部门及以下数据权限）',
  `menu_check_strictly` tinyint(1) DEFAULT '1' COMMENT '菜单树选择项是否关联显示',
  `dept_check_strictly` tinyint(1) DEFAULT '1' COMMENT '部门树选择项是否关联显示',
  `status` char(1) CHARACTER SET utf8 COLLATE utf8_general_ci NOT NULL COMMENT '角色状态（0正常 1停用）',
  `del_flag` char(1) CHARACTER SET utf8 COLLATE utf8_general_ci DEFAULT '0' COMMENT '删除标志（0代表存在 2代表删除）',
  `create_by` varchar(64) CHARACTER SET utf8 COLLATE utf8_general_ci DEFAULT '' COMMENT '创建者',
  `create_time` datetime DEFAULT NULL COMMENT '创建时间',
  `update_by` varchar(64) CHARACTER SET utf8 COLLATE utf8_general_ci DEFAULT '' COMMENT '更新者',
  `update_time` datetime DEFAULT NULL COMMENT '更新时间',
  `remark` varchar(500) CHARACTER SET utf8 COLLATE utf8_general_ci DEFAULT NULL COMMENT '备注',
  PRIMARY KEY (`role_id`) USING BTREE
) ENGINE=InnoDB AUTO_INCREMENT=110 DEFAULT CHARSET=utf8mb3 COMMENT='角色信息表';
/*!40101 SET character_set_client = @saved_cs_client */;

--
-- Dumping data for table `sys_role`
--

LOCK TABLES `sys_role` WRITE;
/*!40000 ALTER TABLE `sys_role` DISABLE KEYS */;
INSERT INTO `sys_role` VALUES (1,'超级管理员','admin',1,'1',1,1,'0','0','admin','2023-01-05 14:21:37','',NULL,'超级管理员'),(2,'普通角色','common',2,'2',1,1,'0','0','admin','2023-01-05 14:21:37','admin','2023-03-02 11:12:50','普通角色'),(100,'项目管理员','xmgly',3,'1',1,1,'0','0','admin','2023-04-12 16:05:34','admin','2023-05-11 16:01:59',NULL),(101,'业务管理员','ywgly',0,'1',1,1,'0','0','admin','2023-04-12 16:06:11','admin','2023-05-08 13:59:42',NULL),(102,'系统管理员','xtgly',0,'1',1,1,'0','0','admin','2023-04-12 16:06:30','admin','2023-05-18 10:50:56',NULL),(103,'分件角色','fjjs',0,'1',1,1,'0','0','admin','2023-04-12 16:06:57','admin','2023-05-11 16:04:58',NULL),(104,'图像处理','txcl',0,'1',1,1,'0','0','admin','2023-04-12 16:07:27','',NULL,NULL),(105,'图像质检','txzj',0,'1',1,1,'0','0','admin','2023-04-12 16:07:45','',NULL,NULL),(106,'目录著录','mlzl',0,'1',1,1,'0','0','admin','2023-04-12 16:08:05','',NULL,NULL),(107,'数据质检','sjzj',0,'1',1,1,'0','0','admin','2023-04-12 16:08:16','',NULL,NULL),(108,'抽检角色','cjjs',0,'1',1,1,'0','0','admin','2023-04-12 16:08:28','',NULL,NULL),(109,'图像扫描','txsm',0,'1',1,1,'0','0','admin','2023-05-08 13:59:26','',NULL,NULL);
/*!40000 ALTER TABLE `sys_role` ENABLE KEYS */;
UNLOCK TABLES;

--
-- Table structure for table `sys_role_dept`
--

DROP TABLE IF EXISTS `sys_role_dept`;
/*!40101 SET @saved_cs_client     = @@character_set_client */;
/*!50503 SET character_set_client = utf8mb4 */;
CREATE TABLE `sys_role_dept` (
  `role_id` bigint NOT NULL COMMENT '角色ID',
  `dept_id` bigint NOT NULL COMMENT '部门ID',
  PRIMARY KEY (`role_id`,`dept_id`) USING BTREE
) ENGINE=InnoDB DEFAULT CHARSET=utf8mb3 COMMENT='角色和部门关联表';
/*!40101 SET character_set_client = @saved_cs_client */;

--
-- Dumping data for table `sys_role_dept`
--

LOCK TABLES `sys_role_dept` WRITE;
/*!40000 ALTER TABLE `sys_role_dept` DISABLE KEYS */;
INSERT INTO `sys_role_dept` VALUES (2,100),(2,101),(2,105);
/*!40000 ALTER TABLE `sys_role_dept` ENABLE KEYS */;
UNLOCK TABLES;

--
-- Table structure for table `sys_role_menu`
--

DROP TABLE IF EXISTS `sys_role_menu`;
/*!40101 SET @saved_cs_client     = @@character_set_client */;
/*!50503 SET character_set_client = utf8mb4 */;
CREATE TABLE `sys_role_menu` (
  `role_id` bigint NOT NULL COMMENT '角色ID',
  `menu_id` bigint NOT NULL COMMENT '菜单ID',
  PRIMARY KEY (`role_id`,`menu_id`) USING BTREE
) ENGINE=InnoDB DEFAULT CHARSET=utf8mb3 COMMENT='角色和菜单关联表';
/*!40101 SET character_set_client = @saved_cs_client */;

--
-- Dumping data for table `sys_role_menu`
--

LOCK TABLES `sys_role_menu` WRITE;
/*!40000 ALTER TABLE `sys_role_menu` DISABLE KEYS */;
INSERT INTO `sys_role_menu` VALUES (2,1),(2,2),(2,102),(2,108),(2,109),(2,112),(2,113),(2,500),(2,501),(2,1012),(2,1013),(2,1014),(2,1015),(2,1039),(2,1040),(2,1041),(2,1042),(2,1043),(2,1044),(2,1045),(2,1046),(2,1047),(2,1048),(2,2003),(2,2004),(2,2005),(2,2006),(2,2007),(2,2014),(2,2015),(2,2016),(100,2000),(100,2001),(100,2002),(100,2008),(100,2009),(100,2027),(100,2035),(101,2014),(101,2015),(101,2016),(101,2024),(101,2025),(101,2026),(102,1),(102,2),(102,108),(102,109),(102,500),(102,501),(102,1039),(102,1040),(102,1041),(102,1042),(102,1043),(102,1044),(102,1045),(102,1046),(102,1047),(102,1048),(102,2000),(102,2001),(102,2002),(102,2003),(102,2004),(102,2005),(102,2006),(102,2007),(102,2008),(102,2009),(102,2010),(102,2011),(102,2012),(102,2013),(102,2014),(102,2015),(102,2016),(102,2024),(102,2025),(102,2026),(102,2027),(102,2028),(102,2029),(102,2030),(102,2031),(102,2032),(102,2033),(102,2034),(102,2035),(102,2036),(102,2037),(102,2038),(102,2040),(102,2041),(102,2042),(102,2043),(102,2044),(102,2045),(102,2046),(102,2047),(102,2048),(102,2049),(102,2050),(102,2051),(102,2052),(102,2053),(102,2054),(102,2055),(102,2056),(102,2057),(102,2058),(102,2059),(102,2060),(102,2061),(102,2062),(103,2003),(103,2004),(103,2005),(103,2008),(103,2009),(103,2035),(103,2041),(103,2042),(103,2046),(103,2047),(103,2050),(103,2052),(103,2053),(103,2054),(103,2056),(103,2057),(103,2058),(103,2059),(103,2060),(103,2061),(103,2062),(104,2003),(104,2011),(105,2003),(105,2012),(106,2003),(106,2006),(107,2003),(107,2007),(108,2021),(108,2022),(108,2023),(109,2003),(109,2010);
/*!40000 ALTER TABLE `sys_role_menu` ENABLE KEYS */;
UNLOCK TABLES;

--
-- Table structure for table `sys_user`
--

DROP TABLE IF EXISTS `sys_user`;
/*!40101 SET @saved_cs_client     = @@character_set_client */;
/*!50503 SET character_set_client = utf8mb4 */;
CREATE TABLE `sys_user` (
  `user_id` bigint NOT NULL AUTO_INCREMENT COMMENT '用户ID',
  `dept_id` bigint DEFAULT NULL COMMENT '部门ID',
  `user_name` varchar(30) CHARACTER SET utf8 COLLATE utf8_general_ci NOT NULL COMMENT '用户账号',
  `nick_name` varchar(30) CHARACTER SET utf8 COLLATE utf8_general_ci NOT NULL COMMENT '用户昵称',
  `user_type` varchar(2) CHARACTER SET utf8 COLLATE utf8_general_ci DEFAULT '00' COMMENT '用户类型（00系统用户）',
  `email` varchar(50) CHARACTER SET utf8 COLLATE utf8_general_ci DEFAULT '' COMMENT '用户邮箱',
  `phonenumber` varchar(11) CHARACTER SET utf8 COLLATE utf8_general_ci DEFAULT '' COMMENT '手机号码',
  `sex` char(1) CHARACTER SET utf8 COLLATE utf8_general_ci DEFAULT '0' COMMENT '用户性别（0男 1女 2未知）',
  `avatar` varchar(100) CHARACTER SET utf8 COLLATE utf8_general_ci DEFAULT '' COMMENT '头像地址',
  `password` varchar(100) CHARACTER SET utf8 COLLATE utf8_general_ci DEFAULT '' COMMENT '密码',
  `status` char(1) CHARACTER SET utf8 COLLATE utf8_general_ci DEFAULT '0' COMMENT '帐号状态（0正常 1停用）',
  `del_flag` char(1) CHARACTER SET utf8 COLLATE utf8_general_ci DEFAULT '0' COMMENT '删除标志（0代表存在 2代表删除）',
  `login_ip` varchar(128) CHARACTER SET utf8 COLLATE utf8_general_ci DEFAULT '' COMMENT '最后登录IP',
  `login_date` datetime DEFAULT NULL COMMENT '最后登录时间',
  `create_by` varchar(64) CHARACTER SET utf8 COLLATE utf8_general_ci DEFAULT '' COMMENT '创建者',
  `create_time` datetime DEFAULT NULL COMMENT '创建时间',
  `update_by` varchar(64) CHARACTER SET utf8 COLLATE utf8_general_ci DEFAULT '' COMMENT '更新者',
  `update_time` datetime DEFAULT NULL COMMENT '更新时间',
  `remark` varchar(500) CHARACTER SET utf8 COLLATE utf8_general_ci DEFAULT NULL COMMENT '备注',
  PRIMARY KEY (`user_id`) USING BTREE
) ENGINE=InnoDB AUTO_INCREMENT=1007 DEFAULT CHARSET=utf8mb3 COMMENT='用户信息表';
/*!40101 SET character_set_client = @saved_cs_client */;

--
-- Dumping data for table `sys_user`
--

LOCK TABLES `sys_user` WRITE;
/*!40000 ALTER TABLE `sys_user` DISABLE KEYS */;
INSERT INTO `sys_user` VALUES (1,103,'admin','超级管理员','00','ry@163.com','15888888888','1','','$2a$10$7JB720yubVSZvUI0rEqK/.VqGOZTH.ulu33dHOiBE8ByOhJIrdAu2','0','0','127.0.0.1','2023-05-26 14:18:07','admin','2023-01-05 14:21:37','','2023-05-26 14:18:06','管理员'),(2,105,'ry','若依','00','ry@qq.com','15666666666','1','','$2a$10$7JB720yubVSZvUI0rEqK/.VqGOZTH.ulu33dHOiBE8ByOhJIrdAu2','0','2','127.0.0.1','2023-01-05 14:21:37','admin','2023-01-05 14:21:37','admin','2023-01-10 16:01:50','测试员'),(100,100,'夏睿博','xiaruibo','00','','18311156739','0','','$2a$10$cXXrdB2vWAtQ3eK0GOm7ru3fZpXTUNmBP4dNWQJ3dleIbBZ8Kpyrm','0','2','127.0.0.1','2023-01-12 13:54:57','admin','2023-01-10 18:27:49','admin','2023-01-12 13:54:57',NULL),(101,100,'xiaruibo','夏睿博','00','','18311156739','0','','$2a$10$wJTJe1k/IOUMW7Rn.UViSO.QwsikavCL1.JaED0sC59Lsw54sbXVO','0','2','127.0.0.1','2023-01-12 13:56:50','admin','2023-01-12 12:04:29','admin','2023-01-12 13:56:49',NULL),(102,NULL,'liupeng','刘朋','00','xingkong_0724@163.com','15227175837','0','/profile/avatar/2023/01/12/blob_20230112141028A001.png','$2a$10$BmL1f2zfxxod8IxcEhDyXuy5tczkarMM7bjrVZglMY0XW/h2cKNfS','0','0','127.0.0.1','2023-05-11 16:05:43','admin','2023-01-12 14:00:00','admin','2023-05-11 16:05:45','测试'),(103,100,'xrb','夏睿博','00','','18311156739','0','','$2a$10$OQej3MCAIDcuxptM2jQmwuABPiCxU1AVmbEw6NGKcfFXbWt3jp/HO','0','0','127.0.0.1','2023-02-13 14:17:45','admin','2023-01-12 14:04:07','admin','2023-02-13 14:17:44',NULL),(104,100,'夏睿博','梵蒂冈地方官的','00','','13111111111','0','','$2a$10$o/uPnFxGewNk/wADhr2QR.B7IqxyK5SPjQE5mK7khB8V8jl1JHg4e','0','2','',NULL,'admin','2023-01-13 10:13:05','',NULL,NULL),(105,100,'夏睿博','梵蒂冈地方官的','00','','13111111111','0','','$2a$10$qH.lBcsxSFiHZW957hjMNuHRJMsXF9HSNz8x7HhDHhQTnOf947jia','0','2','',NULL,'admin','2023-01-13 10:13:05','',NULL,NULL),(106,100,'夏睿博','梵蒂冈地方官的','00','','13111111111','0','','$2a$10$pdpgtJ6weLUhDSMyQ8ilb.8KADXrOCB3iYfVEsZPecDTsSqadYVw.','0','2','',NULL,'admin','2023-01-13 10:13:05','',NULL,NULL),(107,100,'夏睿博','热舞富人的高峰的人格人格','00','','13111111111','0','','$2a$10$ro/DIEz4yeFV.Kz3/v0rHuPJhYqNmtKaFaE9MMOYXW.FwYSkaVN/a','0','0','',NULL,'admin','2023-01-13 10:14:09','',NULL,NULL),(108,NULL,'1111111111111111111','4234','00','','','0','','$2a$10$tN4XuWfBmBY4K/P49x3NIORevievV7eCUD5OAmARg6MYBt5.MA3DG','0','2','',NULL,'admin','2023-02-13 17:52:26','',NULL,NULL),(1000,NULL,'sout','list','00','','15227175837','0','','$2a$10$3QpWPtJm91F7LPSrJyfZje29OH04cGd6wyAjaA863ZKDZsD2/V1u2','0','2','',NULL,'admin','2023-02-15 10:56:27','',NULL,NULL),(1001,NULL,'sout1','list1','00','','15227175837','1','','$2a$10$HZYHi505DBbXskcbUZCSvuhUhZle4gFytbKB7AvryYCuD/3yoYpNi','0','2','',NULL,'admin','2023-02-15 11:26:38','',NULL,NULL),(1002,NULL,'sout2','list2','00','','15227175837','1','','$2a$10$Q71Idqi9YfSaIa2o9QMJzeKUMVO2cTeUswP8jL8WQ4FHx0OyqhUp.','0','2','',NULL,'admin','2023-02-16 15:08:24','',NULL,NULL),(1003,NULL,'zhangsan','张三','00','985550642@qq.com','18311156738','0','','$2a$10$tuQJ.wMNPd.SCkoYpERrNOAiUOV8ILPSfIoD228I4zyYz.CkzlUBu','0','0','192.168.0.16','2023-05-25 17:43:09','admin','2023-04-12 16:00:49','admin','2023-05-25 17:43:08',NULL),(1004,NULL,'lisi','李四','00','','','0','','$2a$10$UVxbMEghvlqebKLESKxree4YVaScHhrbLKYNlfffaFQUfpFiKYciS','0','0','192.168.0.16','2023-05-25 17:46:48','admin','2023-04-12 16:01:34','admin','2023-05-25 17:46:47',NULL),(1005,NULL,'wangwu','王五','00','','','0','','$2a$10$mAjgWU3xWZZnRe.nAdEmbum4XGmjUdgagMjb.ADC4gVHuagsf4V8O','0','0','127.0.0.1','2023-05-04 09:36:13','admin','2023-04-12 16:01:50','','2023-05-04 09:36:12',NULL),(1006,103,'admin1','test1','00','','','0','','$2a$10$67/vn1LreQaLWTcUEt7I1OC7Z7r.taxEKbS0BAQUxRojfb.VckEr2','0','0','',NULL,'admin','2023-04-26 11:11:35','',NULL,NULL);
/*!40000 ALTER TABLE `sys_user` ENABLE KEYS */;
UNLOCK TABLES;

--
-- Table structure for table `sys_user_post`
--

DROP TABLE IF EXISTS `sys_user_post`;
/*!40101 SET @saved_cs_client     = @@character_set_client */;
/*!50503 SET character_set_client = utf8mb4 */;
CREATE TABLE `sys_user_post` (
  `user_id` bigint NOT NULL COMMENT '用户ID',
  `post_id` bigint NOT NULL COMMENT '岗位ID',
  PRIMARY KEY (`user_id`,`post_id`) USING BTREE
) ENGINE=InnoDB DEFAULT CHARSET=utf8mb3 COMMENT='用户与岗位关联表';
/*!40101 SET character_set_client = @saved_cs_client */;

--
-- Dumping data for table `sys_user_post`
--

LOCK TABLES `sys_user_post` WRITE;
/*!40000 ALTER TABLE `sys_user_post` DISABLE KEYS */;
INSERT INTO `sys_user_post` VALUES (1,1),(102,1),(103,1);
/*!40000 ALTER TABLE `sys_user_post` ENABLE KEYS */;
UNLOCK TABLES;

--
-- Table structure for table `sys_user_role`
--

DROP TABLE IF EXISTS `sys_user_role`;
/*!40101 SET @saved_cs_client     = @@character_set_client */;
/*!50503 SET character_set_client = utf8mb4 */;
CREATE TABLE `sys_user_role` (
  `user_id` bigint NOT NULL COMMENT '用户ID',
  `role_id` bigint NOT NULL COMMENT '角色ID',
  PRIMARY KEY (`user_id`,`role_id`) USING BTREE
) ENGINE=InnoDB DEFAULT CHARSET=utf8mb3 COMMENT='用户和角色关联表';
/*!40101 SET character_set_client = @saved_cs_client */;

--
-- Dumping data for table `sys_user_role`
--

LOCK TABLES `sys_user_role` WRITE;
/*!40000 ALTER TABLE `sys_user_role` DISABLE KEYS */;
INSERT INTO `sys_user_role` VALUES (1,1),(102,100),(102,103),(103,2),(104,2),(1003,103),(1004,102);
/*!40000 ALTER TABLE `sys_user_role` ENABLE KEYS */;
UNLOCK TABLES;

--
-- Table structure for table `t_aaa`
--

DROP TABLE IF EXISTS `t_aaa`;
/*!40101 SET @saved_cs_client     = @@character_set_client */;
/*!50503 SET character_set_client = utf8mb4 */;
CREATE TABLE `t_aaa` (
  `uname` varchar(255) CHARACTER SET utf8mb4 COLLATE utf8mb4_0900_ai_ci DEFAULT NULL,
  `upass` varchar(255) CHARACTER SET utf8mb4 COLLATE utf8mb4_0900_ai_ci DEFAULT NULL,
  `age` int DEFAULT NULL,
  `addres` varchar(255) CHARACTER SET utf8mb4 COLLATE utf8mb4_0900_ai_ci DEFAULT NULL
) ENGINE=InnoDB DEFAULT CHARSET=utf8mb4 COLLATE=utf8mb4_0900_ai_ci;
/*!40101 SET character_set_client = @saved_cs_client */;

--
-- Dumping data for table `t_aaa`
--

LOCK TABLES `t_aaa` WRITE;
/*!40000 ALTER TABLE `t_aaa` DISABLE KEYS */;
/*!40000 ALTER TABLE `t_aaa` ENABLE KEYS */;
UNLOCK TABLES;

--
-- Table structure for table `t_batch`
--

DROP TABLE IF EXISTS `t_batch`;
/*!40101 SET @saved_cs_client     = @@character_set_client */;
/*!50503 SET character_set_client = utf8mb4 */;
CREATE TABLE `t_batch` (
  `id` varchar(50) CHARACTER SET utf8 COLLATE utf8_general_ci NOT NULL COMMENT '主键',
  `pc_id` varchar(50) CHARACTER SET utf8 COLLATE utf8_general_ci DEFAULT NULL COMMENT '批次号',
  `pc_name` varchar(50) CHARACTER SET utf8 COLLATE utf8_general_ci DEFAULT NULL COMMENT '批次名称',
  `project_id` varchar(50) CHARACTER SET utf8 COLLATE utf8_general_ci DEFAULT NULL COMMENT '项目id',
  `project_name` varchar(50) CHARACTER SET utf8 COLLATE utf8_general_ci DEFAULT NULL COMMENT '项目名称',
  `dalx` varchar(50) CHARACTER SET utf8 COLLATE utf8_general_ci DEFAULT NULL COMMENT '档案类型',
  `juanshu` varchar(50) CHARACTER SET utf8 COLLATE utf8_general_ci DEFAULT NULL COMMENT '卷数',
  `jianshu` varchar(50) CHARACTER SET utf8 COLLATE utf8_general_ci DEFAULT NULL COMMENT '件数',
  `pc_ms` varchar(255) CHARACTER SET utf8 COLLATE utf8_general_ci DEFAULT NULL COMMENT '批次描述',
  `prj_filepath` varchar(100) CHARACTER SET utf8 COLLATE utf8_general_ci DEFAULT NULL COMMENT '保存路径',
  `bakpath` varchar(100) CHARACTER SET utf8 COLLATE utf8_general_ci DEFAULT NULL COMMENT '备份路径',
  `receive_by` varchar(50) CHARACTER SET utf8 COLLATE utf8_general_ci DEFAULT NULL COMMENT '领取人',
  `receive_time` datetime DEFAULT NULL COMMENT '领取时间',
  `lqsl` varchar(100) CHARACTER SET utf8 COLLATE utf8_general_ci DEFAULT NULL COMMENT '领取数量',
  `return_by` varchar(50) CHARACTER SET utf8 COLLATE utf8_general_ci DEFAULT NULL COMMENT '归还人',
  `return_time` datetime DEFAULT NULL COMMENT '归还时间',
  `create_by` varchar(50) CHARACTER SET utf8 COLLATE utf8_general_ci DEFAULT NULL COMMENT '创建人',
  `create_time` datetime DEFAULT NULL COMMENT '创建时间',
  `update_by` varchar(50) CHARACTER SET utf8 COLLATE utf8_general_ci DEFAULT NULL COMMENT '修改人',
  `update_time` datetime DEFAULT NULL COMMENT '修改时间',
  `remark` varchar(255) CHARACTER SET utf8 COLLATE utf8_general_ci DEFAULT NULL COMMENT '备注',
  `begindate` datetime DEFAULT NULL COMMENT '开始时间',
  `enddate` datetime DEFAULT NULL COMMENT '结束时间',
  `isfinished` varchar(1) CHARACTER SET utf8 COLLATE utf8_general_ci DEFAULT NULL COMMENT '是否完成 ( 0:否  ,1:是 )',
  PRIMARY KEY (`id`) USING BTREE
) ENGINE=InnoDB DEFAULT CHARSET=utf8mb3 COMMENT='批次表';
/*!40101 SET character_set_client = @saved_cs_client */;

--
-- Dumping data for table `t_batch`
--

LOCK TABLES `t_batch` WRITE;
/*!40000 ALTER TABLE `t_batch` DISABLE KEYS */;
INSERT INTO `t_batch` VALUES ('05a31381b8f14e7293ee3f4da305fae5',NULL,'测试夏批次二点一','5f84096315254f9b9e5e007bb90ae1a3',NULL,'132b14e6ce98499c85901bf5b7eaf431',NULL,NULL,'测试夏批次二点一描述','aa','aa',NULL,NULL,NULL,NULL,NULL,'超级管理员','2023-05-15 16:06:33','超级管理员','2023-05-15 16:06:36',NULL,'2023-05-15 16:06:33','2023-05-15 16:06:36','1'),('0d7898d9e96348b58f1363c1e1a408ba',NULL,'淄博第一批次','4bdb5f238d4745f0b9e4568a475e34ea',NULL,'132b14e6ce98499c85901bf5b7eaf431',NULL,NULL,'领取人夏睿博，领取卷数50卷，页数5万页，领取时间5.18日','D:\\myprojects-szhjgxt\\image','D:\\myprojects-szhjgxt\\image',NULL,NULL,NULL,NULL,NULL,'超级管理员','2023-05-18 15:23:08','超级管理员','2023-05-18 15:24:02',NULL,'2023-05-18 15:23:08',NULL,'0'),('11273238a95c4b06b0ffac2c3a333309',NULL,'天津第一批次','97fa1337a5e448848d165fd799ddfb0d',NULL,'132b14e6ce98499c85901bf5b7eaf431',NULL,NULL,'领取人夏睿博，领取50卷，页数5万页，领取时间5月18','D:\\myprojects-szhjgxt\\image','D:\\myprojects-szhjgxt\\image',NULL,NULL,NULL,NULL,NULL,'超级管理员','2023-05-18 16:49:05',NULL,NULL,NULL,'2023-05-18 16:49:05',NULL,'0'),('169c506840d84c29b7e390bc0affde09',NULL,'人事处理数据','a22bb5d32098446e997c160ac608e496',NULL,'132b14e6ce98499c85901bf5b7eaf432',NULL,NULL,'参赛选手三生石','D:\\myprojects-szhjgxt\\szhjg1','D:\\myprojects-szhjgxt\\szhjg2',NULL,NULL,NULL,NULL,NULL,'超级管理员','2023-05-04 12:28:19','超级管理员','2023-05-06 10:01:26',NULL,'2023-05-04 12:28:19',NULL,'0'),('1b39fe0ae77d4559825f5105201a9fb9',NULL,'文书处理数据','f50f5c8e9dac42e3a6fc6c5e7f872350',NULL,'132b14e6ce98499c85901bf5b7eaf431',NULL,NULL,'水水水水水水散散心','D:\\myprojects-szhjgxt\\szhjg1','D:\\myprojects-szhjgxt\\szhjg2',NULL,NULL,NULL,NULL,NULL,'超级管理员','2023-05-04 12:28:53',NULL,NULL,NULL,'2023-05-04 12:28:53',NULL,'0'),('1c314c8455e04c1a86534fe625b0023a',NULL,'测试批次已','5dd57e57f41e49f1af8028a0e97ec034',NULL,'文书档案',NULL,NULL,'完成测试数据','d','d',NULL,NULL,NULL,NULL,NULL,'若依','2023-04-06 14:38:54','若依','2023-04-06 14:39:01',NULL,'2023-04-06 14:38:54','2023-04-06 14:39:01','1'),('1dcb7b70cf8e477d9c45261415063e0f',NULL,'红烧肉','e89f10a81b0f4a2d945152aef808f7df',NULL,'132b14e6ce98499c85901bf5b7eaf432',NULL,NULL,'人事档案','a','a',NULL,NULL,NULL,NULL,NULL,'超级管理员','2023-05-24 18:03:13','超级管理员','2023-05-24 18:12:01',NULL,'2023-05-24 18:03:13','2023-05-24 18:12:01','1'),('1ef469327702438ea55125063866673f',NULL,'2023.5.15pc','6340440fffb6436db2cefb5bdad858f1',NULL,'f13c11558d5a499f9b2a61949cece546',NULL,NULL,'测试用例：完成项目','123','123',NULL,NULL,NULL,NULL,NULL,'超级管理员','2023-05-15 11:46:13','超级管理员','2023-05-15 11:46:34',NULL,'2023-05-15 11:46:13','2023-05-15 11:46:34','1'),('20607886cdd247e0bab2d4804ebf5b5f',NULL,'2023.5.15','b5184430bf0343faa3e1f225146e6f82',NULL,'f13c11558d5a499f9b2a61949cece546',NULL,NULL,'测试批次','123','123',NULL,NULL,NULL,NULL,NULL,'超级管理员','2023-05-15 11:48:09','超级管理员','2023-05-15 15:53:07',NULL,'2023-05-15 11:48:09','2023-05-15 15:53:07','1'),('20d5eedecea44c99b5f52d3435b95769',NULL,'水煮鱼','e89f10a81b0f4a2d945152aef808f7df',NULL,'132b14e6ce98499c85901bf5b7eaf431',NULL,NULL,'阿萨飒','a','a',NULL,NULL,NULL,NULL,NULL,'超级管理员','2023-05-11 18:47:57',NULL,NULL,NULL,'2023-05-11 18:47:57',NULL,'0'),('2216b1735a7a4f6bb8601bdb160674bd',NULL,'北京第一批次','13b9c948b3e84b37b7808b3370cd2344',NULL,'132b14e6ce98499c85901bf5b7eaf431',NULL,NULL,'领取人夏睿博，领取卷数50卷，页数5万页，领取时间5.18日','D:\\myprojects-szhjgxt\\image','D:\\myprojects-szhjgxt\\image',NULL,NULL,NULL,NULL,NULL,'超级管理员','2023-05-18 14:48:02','超级管理员','2023-05-18 14:48:32',NULL,'2023-05-18 14:48:02',NULL,'0'),('28477e41ce8940288744297cbd9029ea',NULL,'测试夏批次二','5f84096315254f9b9e5e007bb90ae1a3',NULL,'132b14e6ce98499c85901bf5b7eaf431',NULL,NULL,'测试夏批次二描述','D:\\myprojects-szhjgxt','D:\\myprojects-szhjgxt',NULL,NULL,NULL,NULL,NULL,'超级管理员','2023-05-15 15:21:16','超级管理员','2023-05-15 15:38:38',NULL,'2023-05-15 15:21:16',NULL,'0'),('430f9c58423e4bdf8770a4e7985d0f4d',NULL,'批次三','12095811d96843fbb784c666a6605a63',NULL,'132b14e6ce98499c85901bf5b7eaf432',NULL,NULL,'123','123','213',NULL,NULL,NULL,NULL,NULL,'超级管理员','2023-05-15 17:11:03','超级管理员','2023-05-15 17:19:30',NULL,'2023-05-15 17:11:03','2023-05-15 17:19:30','1'),('618d6f18830e4dbcb8d0143b177b9028',NULL,'批次一','12095811d96843fbb784c666a6605a63',NULL,'132b14e6ce98499c85901bf5b7eaf432',NULL,NULL,'123','123','123',NULL,NULL,NULL,NULL,NULL,'超级管理员','2023-05-15 17:10:44','超级管理员','2023-05-15 17:15:52',NULL,'2023-05-15 17:10:44','2023-05-15 17:15:52','1'),('6ca845f15f4443559e38c3eb0b44b57a',NULL,'浮点科技人事档案加工','648232144e184d69bb259531592dde59',NULL,'132b14e6ce98499c85901bf5b7eaf431',NULL,NULL,'哎哎哎','a','a',NULL,NULL,NULL,NULL,NULL,'超级管理员','2023-05-17 12:30:23',NULL,NULL,NULL,'2023-05-17 12:30:23',NULL,'0'),('7da97c9d038841d18562be1a7180937b',NULL,'ddd','97fa1337a5e448848d165fd799ddfb0d',NULL,'132b14e6ce98499c85901bf5b7eaf431',NULL,NULL,'ddd','ddd','ddd',NULL,NULL,NULL,NULL,NULL,'超级管理员','2023-05-25 15:31:49',NULL,NULL,NULL,'2023-05-25 15:31:49',NULL,'0'),('80553762d84c49f380e5fa2b36003986',NULL,'浮点科技不知名档案','648232144e184d69bb259531592dde59',NULL,'f13c11558d5a499f9b2a61949cece546',NULL,NULL,'啊阿信','s','s',NULL,NULL,NULL,NULL,NULL,'超级管理员','2023-05-17 14:40:19',NULL,NULL,NULL,'2023-05-17 14:40:19',NULL,'0'),('8df11211401b4b27a127aa5ba15ad424',NULL,'fff','97fa1337a5e448848d165fd799ddfb0d',NULL,'132b14e6ce98499c85901bf5b7eaf431',NULL,NULL,'fff','f','f',NULL,NULL,NULL,NULL,NULL,'超级管理员','2023-05-25 15:31:57',NULL,NULL,NULL,'2023-05-25 15:31:57',NULL,'0'),('9dc2acbfcbf64cb588b4d7f1c90847bd',NULL,'红烧鱼','e89f10a81b0f4a2d945152aef808f7df',NULL,'132b14e6ce98499c85901bf5b7eaf431',NULL,NULL,'文书档案','s','s',NULL,NULL,NULL,NULL,NULL,'超级管理员','2023-05-24 18:12:52','超级管理员','2023-05-24 18:24:14',NULL,'2023-05-24 18:12:52','2023-05-24 18:24:14','1'),('ca3fba1f90ce4307904cbba0e0c68597',NULL,'批次二','12095811d96843fbb784c666a6605a63',NULL,'132b14e6ce98499c85901bf5b7eaf432',NULL,NULL,'123','124','3424',NULL,NULL,NULL,NULL,NULL,'超级管理员','2023-05-15 17:10:54','超级管理员','2023-05-15 17:15:57',NULL,'2023-05-15 17:10:54','2023-05-15 17:15:57','1'),('db5259c424624ec4b114753535c1b87c',NULL,'麻辣火锅','e89f10a81b0f4a2d945152aef808f7df',NULL,'132b14e6ce98499c85901bf5b7eaf431',NULL,NULL,'四川重庆小火锅','D:\\myprojects-szhjgxt\\image','D:\\myprojects-szhjgxt\\image',NULL,NULL,NULL,NULL,NULL,'超级管理员','2023-05-06 10:04:40','超级管理员','2023-05-06 11:27:25',NULL,'2023-05-06 10:04:40',NULL,'0'),('f00956bfe541485d9f817917e0f39a14',NULL,'文书档案叁','f50f5c8e9dac42e3a6fc6c5e7f872350',NULL,'文书档案',NULL,NULL,'完成测试','D:\\myprojects-szhjgxt\\image','D:\\myprojects-szhjgxt\\image',NULL,NULL,NULL,NULL,NULL,'若依','2023-04-11 11:35:16','若依','2023-04-11 11:55:20',NULL,'2023-04-11 11:35:16','2023-04-11 11:55:20','1');
/*!40000 ALTER TABLE `t_batch` ENABLE KEYS */;
UNLOCK TABLES;

--
-- Table structure for table `t_choujian`
--

DROP TABLE IF EXISTS `t_choujian`;
/*!40101 SET @saved_cs_client     = @@character_set_client */;
/*!50503 SET character_set_client = utf8mb4 */;
CREATE TABLE `t_choujian` (
  `id` varchar(50) CHARACTER SET utf8 COLLATE utf8_general_ci NOT NULL COMMENT '主键',
  `project_id` varchar(50) CHARACTER SET utf8 COLLATE utf8_general_ci DEFAULT NULL COMMENT '项目id',
  `project_name` varchar(255) CHARACTER SET utf8 COLLATE utf8_general_ci DEFAULT NULL COMMENT '项目名称',
  `pc_id` varchar(50) CHARACTER SET utf8 COLLATE utf8_general_ci DEFAULT NULL COMMENT '批次号(id)',
  `dh` varchar(50) CHARACTER SET utf8 COLLATE utf8_general_ci DEFAULT NULL COMMENT '档号',
  `jh` varchar(50) CHARACTER SET utf8 COLLATE utf8_general_ci DEFAULT NULL COMMENT '件号',
  `ksys` varchar(50) CHARACTER SET utf8 COLLATE utf8_general_ci DEFAULT NULL COMMENT '开始页数',
  `zzys` varchar(50) CHARACTER SET utf8 COLLATE utf8_general_ci DEFAULT NULL COMMENT '终止页数',
  `ym` int DEFAULT NULL COMMENT '页码',
  `ys` varchar(50) CHARACTER SET utf8 COLLATE utf8_general_ci DEFAULT NULL COMMENT '页数',
  `sfsy` varchar(1) CHARACTER SET utf8 COLLATE utf8_general_ci DEFAULT NULL COMMENT '是否首页',
  `remark` text CHARACTER SET utf8 COLLATE utf8_general_ci COMMENT '备注',
  `xgyj` text CHARACTER SET utf8 COLLATE utf8_general_ci COMMENT '修改意见',
  `tpdz` varchar(255) CHARACTER SET utf8 COLLATE utf8_general_ci DEFAULT NULL COMMENT '图片地址',
  `tpmc` varchar(255) CHARACTER SET utf8 COLLATE utf8_general_ci DEFAULT NULL COMMENT '图片名称',
  `zrz` varchar(200) CHARACTER SET utf8 COLLATE utf8_general_ci DEFAULT NULL COMMENT '责任者',
  `xcsj` varchar(255) CHARACTER SET utf8 COLLATE utf8_general_ci DEFAULT NULL COMMENT '形成时间',
  `mgsj` varchar(255) CHARACTER SET utf8 COLLATE utf8_general_ci DEFAULT NULL COMMENT '民国纪年(民国时间)',
  `gjc` varchar(255) CHARACTER SET utf8 COLLATE utf8_general_ci DEFAULT NULL COMMENT '关键词',
  `fz` varchar(255) CHARACTER SET utf8 COLLATE utf8_general_ci DEFAULT NULL COMMENT '附注',
  `fjtm` varchar(255) CHARACTER SET utf8 COLLATE utf8_general_ci DEFAULT NULL COMMENT '附件题名',
  `flh` varchar(255) CHARACTER SET utf8 COLLATE utf8_general_ci DEFAULT NULL COMMENT '分类号',
  `yz` varchar(255) CHARACTER SET utf8 COLLATE utf8_general_ci DEFAULT NULL COMMENT '语种',
  `ztxt` text CHARACTER SET utf8 COLLATE utf8_general_ci COMMENT '载体形态',
  `zqbs` text CHARACTER SET utf8 COLLATE utf8_general_ci COMMENT '政权标识',
  `jdch` text CHARACTER SET utf8 COLLATE utf8_general_ci COMMENT '鉴定词汇',
  `kzbs` varchar(50) CHARACTER SET utf8 COLLATE utf8_general_ci NOT NULL COMMENT '控制标识',
  `mj` varchar(50) CHARACTER SET utf8 COLLATE utf8_general_ci DEFAULT NULL COMMENT '密级',
  `xgyjzl` text CHARACTER SET utf8 COLLATE utf8_general_ci COMMENT '修改意见',
  `dalx_id` varchar(50) CHARACTER SET utf8 COLLATE utf8_general_ci DEFAULT NULL COMMENT '档案类型id',
  `create_by` varchar(50) CHARACTER SET utf8 COLLATE utf8_general_ci DEFAULT NULL COMMENT '创建人',
  `create_time` datetime DEFAULT NULL COMMENT '创建时间',
  `update_by` varchar(50) CHARACTER SET utf8 COLLATE utf8_general_ci DEFAULT NULL COMMENT '修改人',
  `update_time` datetime DEFAULT NULL COMMENT '修改时间',
  PRIMARY KEY (`id`) USING BTREE
) ENGINE=InnoDB DEFAULT CHARSET=utf8mb3 COMMENT='抽检表';
/*!40101 SET character_set_client = @saved_cs_client */;

--
-- Dumping data for table `t_choujian`
--

LOCK TABLES `t_choujian` WRITE;
/*!40000 ALTER TABLE `t_choujian` DISABLE KEYS */;
/*!40000 ALTER TABLE `t_choujian` ENABLE KEYS */;
UNLOCK TABLES;

--
-- Table structure for table `t_choujian_task`
--

DROP TABLE IF EXISTS `t_choujian_task`;
/*!40101 SET @saved_cs_client     = @@character_set_client */;
/*!50503 SET character_set_client = utf8mb4 */;
CREATE TABLE `t_choujian_task` (
  `id` varchar(50) CHARACTER SET utf8 COLLATE utf8_general_ci NOT NULL COMMENT '主键',
  `pc_id` varchar(50) CHARACTER SET utf8 COLLATE utf8_general_ci DEFAULT NULL COMMENT '批次编号(批次id)',
  `aj_id` varchar(50) CHARACTER SET utf8 COLLATE utf8_general_ci DEFAULT NULL COMMENT '案卷id',
  `bh` varchar(100) CHARACTER SET utf8 COLLATE utf8_general_ci DEFAULT NULL COMMENT '编号',
  `cjr_nx` varchar(50) CHARACTER SET utf8 COLLATE utf8_general_ci DEFAULT NULL COMMENT '抽检人',
  `claim_time` datetime DEFAULT NULL COMMENT '领取任务时间',
  `finish_time` datetime DEFAULT NULL COMMENT '完成任务时间',
  `task_flag` varchar(1) CHARACTER SET utf8 COLLATE utf8_general_ci DEFAULT NULL COMMENT '状态(0:未完成;  1:已完成)',
  PRIMARY KEY (`id`) USING BTREE
) ENGINE=InnoDB DEFAULT CHARSET=utf8mb3 COMMENT='抽检任务生成表';
/*!40101 SET character_set_client = @saved_cs_client */;

--
-- Dumping data for table `t_choujian_task`
--

LOCK TABLES `t_choujian_task` WRITE;
/*!40000 ALTER TABLE `t_choujian_task` DISABLE KEYS */;
INSERT INTO `t_choujian_task` VALUES ('04c7a9400b36482cb5a032e4ebc9cc18','1dcb7b70cf8e477d9c45261415063e0f','0f5d2d4f9e854141a9b493c34964de33','B-2666666999999','超级管理员','2023-05-25 11:17:17','2023-05-26 16:07:25','1'),('21edce64c9254dbfaa2f64ecdb5320f2','f00956bfe541485d9f817917e0f39a14','e5f217ac1d8043d6af0dafd13a0482e0','百里守约1234567890020','若依','2023-04-11 15:41:24','2023-05-26 15:13:30','0'),('2c6728e295154200a1d6240dfb9777f2','9dc2acbfcbf64cb588b4d7f1c90847bd','0aac84562a73406bb126a8233b151d0f','3399-A-ERI-001','超级管理员','2023-05-25 13:46:08','2023-05-26 16:07:30','1'),('4163708a9014401e87054e99fe3ce205','618d6f18830e4dbcb8d0143b177b9028','2ad8ef353b5f450aae1c1e77f1141f99','2332-A-MS-005','若依','2023-04-11 12:18:22','2023-05-26 15:22:53','0'),('6974d658b4ec46eb8f7d75a474209fdc','f00956bfe541485d9f817917e0f39a14','7d08c10ab69a4a7ba7ffabbe546fb320','百里玄策1234567890016','若依','2023-04-11 14:38:53','2023-05-26 15:13:30','0'),('bcb8cdb4141440c9ae74ce60bba19312','9dc2acbfcbf64cb588b4d7f1c90847bd','70da93c3fd6747478e4820efc12d8fa5','6969-S-IM-001','超级管理员','2023-05-25 11:23:26','2023-05-26 16:07:30','1'),('f0fb1df405154770b8282ee26fcce111','618d6f18830e4dbcb8d0143b177b9028','358b396ebbc140179308e8126bc7084c','2332-A-MS-002','若依','2023-04-11 12:18:22','2023-05-26 15:22:53','0'),('f48ee0a027754ba8956b53017fe92ea1','9dc2acbfcbf64cb588b4d7f1c90847bd','8692f9c80e684003a7cf3b01c5af5b85','3399-A-ERI-003','超级管理员','2023-05-25 11:21:40','2023-05-26 16:07:30','1');
/*!40000 ALTER TABLE `t_choujian_task` ENABLE KEYS */;
UNLOCK TABLES;

--
-- Table structure for table `t_dalxgl`
--

DROP TABLE IF EXISTS `t_dalxgl`;
/*!40101 SET @saved_cs_client     = @@character_set_client */;
/*!50503 SET character_set_client = utf8mb4 */;
CREATE TABLE `t_dalxgl` (
  `id` varchar(50) CHARACTER SET utf8 COLLATE utf8_general_ci NOT NULL COMMENT '主键',
  `dabh` varchar(200) CHARACTER SET utf8 COLLATE utf8_general_ci DEFAULT NULL COMMENT '档案编号',
  `damc` varchar(200) CHARACTER SET utf8 COLLATE utf8_general_ci DEFAULT NULL COMMENT '档案名称',
  `dams` varchar(500) CHARACTER SET utf8 COLLATE utf8_general_ci DEFAULT NULL COMMENT '档案描述',
  `create_by` varchar(50) CHARACTER SET utf8 COLLATE utf8_general_ci DEFAULT NULL COMMENT '创建人',
  `create_time` datetime DEFAULT NULL COMMENT '创建时间',
  `update_by` varchar(50) CHARACTER SET utf8 COLLATE utf8_general_ci DEFAULT NULL COMMENT '修改人',
  `update_time` datetime DEFAULT NULL COMMENT '修改时间',
  `remark` varchar(500) CHARACTER SET utf8 COLLATE utf8_general_ci DEFAULT NULL COMMENT '备注',
  PRIMARY KEY (`id`) USING BTREE
) ENGINE=InnoDB DEFAULT CHARSET=utf8mb3 COMMENT='档案类型表';
/*!40101 SET character_set_client = @saved_cs_client */;

--
-- Dumping data for table `t_dalxgl`
--

LOCK TABLES `t_dalxgl` WRITE;
/*!40000 ALTER TABLE `t_dalxgl` DISABLE KEYS */;
INSERT INTO `t_dalxgl` VALUES ('132b14e6ce98499c85901bf5b7eaf431','1','文书档案','文书档案是机关、团体、企事业单位在行政管理事务活动中产生的，由通用文书转化而来的那一部分档案的称谓','管理员','2023-01-05 14:21:37','管理员','2023-02-14 16:58:05',NULL),('132b14e6ce98499c85901bf5b7eaf432','2','人事档案','人事档案记录个人的经历、政治面貌、品德作风等个人情况的资料','管理员','2023-01-05 14:22:37','管理员','2023-02-25 13:10:08',NULL);
/*!40000 ALTER TABLE `t_dalxgl` ENABLE KEYS */;
UNLOCK TABLES;

--
-- Table structure for table `t_grgzltj`
--

DROP TABLE IF EXISTS `t_grgzltj`;
/*!40101 SET @saved_cs_client     = @@character_set_client */;
/*!50503 SET character_set_client = utf8mb4 */;
CREATE TABLE `t_grgzltj` (
  `id` varchar(50) CHARACTER SET utf8mb4 COLLATE utf8mb4_0900_ai_ci NOT NULL COMMENT '主键',
  `pc_id` varchar(50) CHARACTER SET utf8mb4 COLLATE utf8mb4_0900_ai_ci DEFAULT NULL COMMENT '批次号(id)',
  `aj_id` varchar(50) DEFAULT NULL COMMENT '案卷id',
  `state` varchar(50) CHARACTER SET utf8mb4 COLLATE utf8mb4_0900_ai_ci DEFAULT NULL COMMENT '提交状态 (通过/返工)',
  `yhxm` varchar(100) CHARACTER SET utf8mb4 COLLATE utf8mb4_0900_ai_ci DEFAULT NULL COMMENT '用户姓名',
  `jggx` varchar(50) CHARACTER SET utf8mb4 COLLATE utf8mb4_0900_ai_ci DEFAULT NULL COMMENT '加工工序',
  `bh` varchar(100) CHARACTER SET utf8mb4 COLLATE utf8mb4_0900_ai_ci DEFAULT NULL COMMENT '编号',
  `jian_shu` int DEFAULT NULL COMMENT '件数',
  `ys` int DEFAULT NULL COMMENT '页数',
  `claim_time` datetime DEFAULT NULL COMMENT '领取时间',
  `finish_time` datetime DEFAULT NULL COMMENT '完成时间',
  `xgyj` text COMMENT '修改意见(返工原因)',
  PRIMARY KEY (`id`) USING BTREE
) ENGINE=InnoDB DEFAULT CHARSET=utf8mb4 COLLATE=utf8mb4_0900_ai_ci COMMENT='个人工作量统计表';
/*!40101 SET character_set_client = @saved_cs_client */;

--
-- Dumping data for table `t_grgzltj`
--

LOCK TABLES `t_grgzltj` WRITE;
/*!40000 ALTER TABLE `t_grgzltj` DISABLE KEYS */;
INSERT INTO `t_grgzltj` VALUES ('001ed433ab074f748e0b86a3488abee6','430f9c58423e4bdf8770a4e7985d0f4d','eb21e745714f4468bd9f184fce2390f3','通过','超级管理员','3','2',2,2,'2023-05-15 17:17:31','2023-05-15 17:18:30',NULL),('01cfab92208840ae986b7ae60342cf01','20d5eedecea44c99b5f52d3435b95769','2ad8ef353b5f450aae1c1e77f1141f99','返工','超级管理员','3','2332-S-IU-001',3,5,'2023-05-13 12:06:27','2023-05-15 12:26:54','aaaaa'),('132e59f797514f249e845c25d51cd761','db5259c424624ec4b114753535c1b87c','358b396ebbc140179308e8126bc7084c','通过','超级管理员','4','0089-A-2000-001',3,7,'2023-05-18 14:58:14','2023-05-18 15:09:12',NULL),('1b89a3bc1da042a48fb13460dc882768','2216b1735a7a4f6bb8601bdb160674bd','665b759a7dd748b7a06bbe284feb581d','通过','超级管理员','2','bjq1-0001-0001',7,61,'2023-05-18 14:55:02','2023-05-18 14:59:24',NULL),('222dc8add03a42dfb38a85ac52eb36c4','430f9c58423e4bdf8770a4e7985d0f4d','eb21e745714f4468bd9f184fce2390f3','通过','超级管理员','2','2',2,2,'2023-05-15 17:16:21','2023-05-15 17:16:33',NULL),('26b574fbf8074cfb991c21311c452074','11273238a95c4b06b0ffac2c3a333309','21042a9733f14141941c9219d8826979','通过','超级管理员','2','tjq1-0001-001',6,25,'2023-05-18 16:52:29','2023-05-18 16:54:03',NULL),('2af9e993fe2442628acddba93f9f3094','9dc2acbfcbf64cb588b4d7f1c90847bd','d2d1650713e74705a786926d3ff2b4cd','通过','超级管理员','2','6969-S-IM-002',1,1,'2023-05-24 18:20:03','2023-05-24 18:23:35',NULL),('2c49238ca6dd459b8cd37ae981464db6','20d5eedecea44c99b5f52d3435b95769','2ad8ef353b5f450aae1c1e77f1141f99','通过','超级管理员','3','2332-S-IU-001',3,5,'2023-05-15 12:30:17','2023-05-15 16:50:37',NULL),('2d7eaa8f918f46c687ccc9648168f1c0','20d5eedecea44c99b5f52d3435b95769','de2b70a106194a5dad28f0467a8b05c5','通过','超级管理员','4','2332-S-IU-003',0,0,'2023-05-16 14:36:02','2023-05-16 16:32:12',NULL),('2df1e9b343bf47098ea970c413e4131d','20d5eedecea44c99b5f52d3435b95769','79191b7fb4e64c3d90515b723ec02bf3','通过','超级管理员','4','2332-S-IU-002',2,4,'2023-05-16 16:55:40','2023-05-16 16:55:49',NULL),('2f3c65bbd0c14cd09f98b82e63ff792b','20d5eedecea44c99b5f52d3435b95769','79191b7fb4e64c3d90515b723ec02bf3','返工','超级管理员','3','2332-S-IU-002',2,4,'2023-05-13 11:43:55','2023-05-15 10:53:09','水水水水水'),('3397b79d22674afa8e2dfe4005b8e4bd','20d5eedecea44c99b5f52d3435b95769','79191b7fb4e64c3d90515b723ec02bf3','通过','超级管理员','4','2332-S-IU-002',2,4,'2023-05-16 16:21:59','2023-05-16 16:33:52',NULL),('35aabd86290e42ecb6b28003a634299a','20d5eedecea44c99b5f52d3435b95769','2ad8ef353b5f450aae1c1e77f1141f99','返工','超级管理员','4','2332-S-IU-001',3,5,'2023-05-15 17:08:09','2023-05-15 18:12:57','sawsdsas'),('35e3b5d62360469e920e6cef9f62b364','20d5eedecea44c99b5f52d3435b95769','2ad8ef353b5f450aae1c1e77f1141f99','通过','超级管理员','4','2332-S-IU-001',3,5,'2023-05-16 14:20:28','2023-05-16 14:26:39',NULL),('3644735212fa4f0cbb8a8711ed301fb2','0d7898d9e96348b58f1363c1e1a408ba','4390136f85394ed289182639db33460b','通过','超级管理员','5','zbq2-0001-002',2,6,'2023-05-23 16:14:30','2023-05-23 16:16:17',NULL),('371590ea73384b2c95a0c659844690a9','20d5eedecea44c99b5f52d3435b95769','f39db1fa389d44c19cf4fa5d66565b99','通过','超级管理员','3','2332-S-IU-004',2,5,'2023-05-18 15:30:13','2023-05-18 15:30:35',NULL),('37202da6b21f4cdfbc5582d5212e0e11','2216b1735a7a4f6bb8601bdb160674bd','665b759a7dd748b7a06bbe284feb581d','通过','超级管理员','6','bjq1-0001-0001',7,61,'2023-05-18 15:04:26','2023-05-18 15:04:57',NULL),('391e076c6abf4f24bb0d781d96e9363a','0d7898d9e96348b58f1363c1e1a408ba','4390136f85394ed289182639db33460b','通过','超级管理员','4','zbq2-0001-002',2,4,'2023-05-18 15:46:31','2023-05-18 16:58:40',NULL),('394a910e8e7a4b8193eed0a08724def6','20d5eedecea44c99b5f52d3435b95769','2ad8ef353b5f450aae1c1e77f1141f99','通过','超级管理员','5','2332-S-IU-001',3,5,'2023-05-16 14:26:51','2023-05-16 15:06:29',NULL),('39db47ec803d43dd9632efad4b4f8e97','20d5eedecea44c99b5f52d3435b95769','2ad8ef353b5f450aae1c1e77f1141f99','通过','超级管理员','6','2332-S-IU-001',3,5,'2023-05-16 17:13:28','2023-05-17 15:56:41',NULL),('3dd7f85577944112b6d65d81c931528e','1dcb7b70cf8e477d9c45261415063e0f','0f5d2d4f9e854141a9b493c34964de33','通过','超级管理员','2','B-2666666999999',2,5,'2023-05-24 18:06:56','2023-05-24 18:10:44',NULL),('439f003b2a944d0580710f7e92341503','9dc2acbfcbf64cb588b4d7f1c90847bd','e1b8fd4bd99a41b39107bddf5623c497','通过','超级管理员','2','3399-A-ERI-002',1,1,'2023-05-24 18:20:43','2023-05-24 18:23:50',NULL),('4a5e755ca8e0467c981abc57ecfbbd3e','20d5eedecea44c99b5f52d3435b95769','de2b70a106194a5dad28f0467a8b05c5','通过','超级管理员','4','2332-S-IU-003',2,5,'2023-05-18 16:37:05','2023-05-18 16:37:24',NULL),('4db8223711eb4a509a4014b658350515','20d5eedecea44c99b5f52d3435b95769','79191b7fb4e64c3d90515b723ec02bf3','通过','超级管理员','7','2332-S-IU-002',2,4,'2023-05-22 11:48:37','2023-05-22 11:54:00',NULL),('4ecb586a45c541809bb38c3f125ad680','1dcb7b70cf8e477d9c45261415063e0f','cb62fc8d07414a8f9516c481a3b1b819','通过','超级管理员','2','A-1666666999999',3,3,'2023-05-24 18:06:47','2023-05-24 18:07:49',NULL),('4f971648f74a44099e2ef0bfdf0097af','11273238a95c4b06b0ffac2c3a333309','21042a9733f14141941c9219d8826979','通过','超级管理员','2','tjq1-0001-001',6,25,'2023-05-18 16:52:29','2023-05-18 16:54:39',NULL),('523c72d6c53d42358d34b1aef6be3f60','20d5eedecea44c99b5f52d3435b95769','79191b7fb4e64c3d90515b723ec02bf3','通过','超级管理员','4','2332-S-IU-002',2,4,'2023-05-15 17:08:09','2023-05-16 14:36:24',NULL),('531ddbc27f4a4961a6b0993645572cca','20d5eedecea44c99b5f52d3435b95769','79191b7fb4e64c3d90515b723ec02bf3','通过','超级管理员','3','2332-S-IU-002',2,4,'2023-05-15 12:30:17','2023-05-15 16:50:34',NULL),('54da9f94cdd140c59192ca3f49555a88','0d7898d9e96348b58f1363c1e1a408ba','785da271a4824f90b8f7052707000307','返工','超级管理员','8','zbq1-0001-001',2,4,'2023-05-23 14:41:58','2023-05-23 15:30:21','trytryrtytr'),('5c5e1e8730224320a973523da658cb0e','20d5eedecea44c99b5f52d3435b95769','f39db1fa389d44c19cf4fa5d66565b99','通过','超级管理员','2','2332-S-IU-004',2,5,'2023-05-18 15:29:51','2023-05-18 15:30:04',NULL),('5d4e0a8d49d94ca397ded4d475ca4d2f','20d5eedecea44c99b5f52d3435b95769','2ad8ef353b5f450aae1c1e77f1141f99','返工','超级管理员','5','2332-S-IU-001',3,5,'2023-05-16 11:48:42','2023-05-16 14:20:07','是真实的朝鲜'),('5ded8f41c140471cbc0cbc63cfc9182c','0d7898d9e96348b58f1363c1e1a408ba','4390136f85394ed289182639db33460b','返工','超级管理员','5','zbq2-0001-002',2,4,'2023-05-18 16:59:20','2023-05-19 11:58:13','踩踩踩'),('5e29353e12b047ecafb3ddc35ea34c03','1dcb7b70cf8e477d9c45261415063e0f','cb62fc8d07414a8f9516c481a3b1b819','通过','超级管理员','2','A-1666666999999',3,3,'2023-05-24 18:10:12','2023-05-24 18:10:40',NULL),('60bac89deec74f478aabf59215a8af26','0d7898d9e96348b58f1363c1e1a408ba','785da271a4824f90b8f7052707000307','通过','超级管理员','4','zbq1-0001-001',2,4,'2023-05-18 15:35:44','2023-05-18 15:44:17',NULL),('61b8a54e2aa34c8389e86603d6febb5a','20d5eedecea44c99b5f52d3435b95769','79191b7fb4e64c3d90515b723ec02bf3','通过','超级管理员','5','2332-S-IU-002',2,4,'2023-05-16 16:56:17','2023-05-16 16:56:30',NULL),('67ea5f6199744a86827a207bb666b2ff','11273238a95c4b06b0ffac2c3a333309','21042a9733f14141941c9219d8826979','返工','超级管理员','4','tjq1-0001-001',6,25,'2023-05-18 16:56:44','2023-05-26 16:44:40','谁谁谁'),('692e268b56264300a30859b1970f06b9','9dc2acbfcbf64cb588b4d7f1c90847bd','0438b070b57445caa0e29c257d6849b0','通过','超级管理员','2','6969-S-IM-006',1,1,'2023-05-24 18:19:05','2023-05-24 18:23:15',NULL),('6d29f1157b234e1bbf75749230a9e8b6','20d5eedecea44c99b5f52d3435b95769','2ad8ef353b5f450aae1c1e77f1141f99','通过','超级管理员','3','2332-S-IU-001',3,5,'2023-05-15 18:13:45','2023-05-15 18:13:58',NULL),('6d38f634263c4141b124d56d1239d56f','db5259c424624ec4b114753535c1b87c','b20b3bc09540409eac757f325f8610c6','通过','超级管理员','3','0088-A-2003-001',3,6,'2023-05-22 11:06:09','2023-05-22 14:08:34',NULL),('6d7847f7b6624bb790ca8727f4975a77','20d5eedecea44c99b5f52d3435b95769','de2b70a106194a5dad28f0467a8b05c5','通过','超级管理员','3','2332-S-IU-003',0,0,'2023-05-15 16:54:41','2023-05-16 14:35:48',NULL),('6da80d27336c425ebdf2cba441d23444','9dc2acbfcbf64cb588b4d7f1c90847bd','dba2225836754503a34c8c76cbb92e4f','通过','超级管理员','2','3399-A-ERI-004',1,1,'2023-05-24 18:20:27','2023-05-24 18:23:43',NULL),('707db942f6f04dd5812b78ebda43b337','9dc2acbfcbf64cb588b4d7f1c90847bd','0aac84562a73406bb126a8233b151d0f','通过','超级管理员','2','3399-A-ERI-001',3,10,'2023-05-24 18:20:52','2023-05-24 18:23:58',NULL),('70d35633113442648cf000bb2ec33344','430f9c58423e4bdf8770a4e7985d0f4d','dd032ec1716c4277b24ebacf8f64c0be','通过','超级管理员','2','1',2,5,'2023-05-15 17:16:47','2023-05-15 17:17:21',NULL),('7119bcafac674b1ea3fbb874ef6f5cf7','20d5eedecea44c99b5f52d3435b95769','79191b7fb4e64c3d90515b723ec02bf3','通过','超级管理员','2','2332-S-IU-002',2,4,'2023-05-13 11:43:55','2023-05-15 12:21:49',NULL),('724020c53bb743dc94690cafcec5e943','430f9c58423e4bdf8770a4e7985d0f4d','dd032ec1716c4277b24ebacf8f64c0be','通过','超级管理员','3','1',2,5,'2023-05-15 17:17:31','2023-05-15 17:18:33',NULL),('74e86dc441bd437e827dd24d65a3acbd','20d5eedecea44c99b5f52d3435b95769','79191b7fb4e64c3d90515b723ec02bf3','返工','超级管理员','8','2332-S-IU-002',2,4,'2023-05-22 10:43:12','2023-05-22 11:47:29','没有进行目录著录'),('76b2c3fa1e064c41b7a2460d7f2b8992','0d7898d9e96348b58f1363c1e1a408ba','4390136f85394ed289182639db33460b','通过','超级管理员','2','zbq2-0001-002',2,4,'2023-05-18 15:32:21','2023-05-18 15:46:01',NULL),('77ff21a12aeb4e2682a936ee86d82e48','0d7898d9e96348b58f1363c1e1a408ba','4390136f85394ed289182639db33460b','通过','超级管理员','4','zbq2-0001-002',2,6,'2023-05-19 11:58:31','2023-05-23 15:38:38',NULL),('8113d012e4c04879ae64d9aecb609a88','1dcb7b70cf8e477d9c45261415063e0f','5a631bda1ade4a7a9c18fab427108474','通过','超级管理员','2','C-2666666999999',1,5,'2023-05-24 18:07:09','2023-05-24 18:10:47',NULL),('841a96458db14dc9bea07fd9a04c652f','9dc2acbfcbf64cb588b4d7f1c90847bd','d2d2b44ba7f847b8bbd96cd239b7e4ec','通过','超级管理员','2','6969-S-IM-003',1,1,'2023-05-24 18:19:32','2023-05-24 18:23:30',NULL),('848c63fb00b8415e861fa425bc36964a','0d7898d9e96348b58f1363c1e1a408ba','4390136f85394ed289182639db33460b','通过','超级管理员','3','zbq2-0001-002',2,4,'2023-05-18 15:46:18','2023-05-18 15:46:24',NULL),('85b01ebcec8442e0aa063202a670fbc7','9dc2acbfcbf64cb588b4d7f1c90847bd','bf331c5777ce4a399be160eadb3b6a11','通过','超级管理员','2','6969-S-IM-005',1,1,'2023-05-24 18:19:20','2023-05-24 18:23:18',NULL),('86131ff24ecf4864b102344c954c5d3e','20d5eedecea44c99b5f52d3435b95769','2ad8ef353b5f450aae1c1e77f1141f99','返工','超级管理员','4','2332-S-IU-001',3,5,'2023-05-15 18:14:13','2023-05-16 10:26:50','三生石'),('864bd03c33f24a47ba71869f6872b533','0d7898d9e96348b58f1363c1e1a408ba','4390136f85394ed289182639db33460b','通过','超级管理员','6','zbq2-0001-002',2,6,'2023-05-23 15:42:21','2023-05-23 15:43:32',NULL),('8a82da5c939e4274a3b724ac6ef88658','430f9c58423e4bdf8770a4e7985d0f4d','eb21e745714f4468bd9f184fce2390f3','通过','超级管理员','2','2',2,2,'2023-05-15 17:16:21','2023-05-15 17:17:18',NULL),('8a872c43d41440999bc2309140cb2936','0d7898d9e96348b58f1363c1e1a408ba','785da271a4824f90b8f7052707000307','通过','超级管理员','6','zbq1-0001-001',2,4,'2023-05-23 14:28:02','2023-05-23 14:28:48',NULL),('8bd5ab4f8f814566a05ec3b889028228','20d5eedecea44c99b5f52d3435b95769','de2b70a106194a5dad28f0467a8b05c5','通过','超级管理员','3','2332-S-IU-003',2,5,'2023-05-18 16:36:30','2023-05-18 16:36:54',NULL),('8dc03186558f434e8d20d6aafdf5e173','20d5eedecea44c99b5f52d3435b95769','79191b7fb4e64c3d90515b723ec02bf3','通过','超级管理员','7','2332-S-IU-002',2,4,'2023-05-22 10:18:25','2023-05-22 10:18:34',NULL),('92cdc3c212e249839a0e47234f272b4f','20d5eedecea44c99b5f52d3435b95769','79191b7fb4e64c3d90515b723ec02bf3','通过','超级管理员','8','2332-S-IU-002',2,4,'2023-05-22 10:32:00','2023-05-22 10:42:32',NULL),('92cee1e0cfd144d6ac013d948799a38f','0d7898d9e96348b58f1363c1e1a408ba','785da271a4824f90b8f7052707000307','通过','超级管理员','5','zbq1-0001-001',2,4,'2023-05-18 15:44:26','2023-05-23 14:27:37',NULL),('96d9c321a7274763b7c2f3cdefabf5f2','0d7898d9e96348b58f1363c1e1a408ba','4390136f85394ed289182639db33460b','通过','超级管理员','6','zbq2-0001-002',2,6,'2023-05-23 16:16:39','2023-05-23 16:16:45',NULL),('96e9e624b3c7428699c35cb96434aa83','0d7898d9e96348b58f1363c1e1a408ba','785da271a4824f90b8f7052707000307','通过','超级管理员','7','zbq1-0001-001',2,4,'2023-05-23 14:29:05','2023-05-23 14:41:38',NULL),('98adf90aea814e68a06a7d3b7f52e5a9','20d5eedecea44c99b5f52d3435b95769','de2b70a106194a5dad28f0467a8b05c5','通过','超级管理员','2','2332-S-IU-003',2,5,'2023-05-18 16:24:25','2023-05-18 16:36:20',NULL),('9c212b3414c54a31b6c86cb853bbf19a','db5259c424624ec4b114753535c1b87c','358b396ebbc140179308e8126bc7084c','返工','超级管理员','3','0089-A-2000-001',0,0,'2023-05-18 14:45:54','2023-05-18 14:56:58','没有分件'),('a1130459b02c4be08ee3b8e06bb66839','0d7898d9e96348b58f1363c1e1a408ba','785da271a4824f90b8f7052707000307','通过','超级管理员','2','zbq1-0001-001',2,4,'2023-05-18 15:26:51','2023-05-18 15:33:25',NULL),('a373833f0d664ae78111768c2d379a6f','20d5eedecea44c99b5f52d3435b95769','79191b7fb4e64c3d90515b723ec02bf3','返工','超级管理员','5','2332-S-IU-002',2,4,'2023-05-16 14:36:33','2023-05-16 16:21:12','图像处理的不符合要求'),('a5a4d31d0387452195cd4139706eb668','0d7898d9e96348b58f1363c1e1a408ba','4390136f85394ed289182639db33460b','通过','超级管理员','4','zbq2-0001-002',2,6,'2023-05-23 16:11:49','2023-05-23 16:14:16',NULL),('a5f92b7fdee04b37a30c8da74c0b0bd3','20d5eedecea44c99b5f52d3435b95769','79191b7fb4e64c3d90515b723ec02bf3','通过','超级管理员','6','2332-S-IU-002',2,4,'2023-05-17 15:56:14','2023-05-18 16:38:19',NULL),('abf699af260048abb85a7c779e4cde7d','11273238a95c4b06b0ffac2c3a333309','21042a9733f14141941c9219d8826979','通过','超级管理员','3','tjq1-0001-001',6,25,'2023-05-18 16:55:11','2023-05-18 16:56:24',NULL),('b2cd5b22708041a29e799a1a79a0f08d','2216b1735a7a4f6bb8601bdb160674bd','665b759a7dd748b7a06bbe284feb581d','通过','超级管理员','5','bjq1-0001-0001',7,61,'2023-05-18 15:04:05','2023-05-18 15:04:20',NULL),('b3a0bd59cdc94f23a9602d6e70d313b2','db5259c424624ec4b114753535c1b87c','1546918187304ad59fcba994b420b667','通过','超级管理员','2','0088-A-2003-002',0,0,'2023-05-15 14:30:50','2023-05-15 14:31:41',NULL),('b530ff1a47ff4bb6acc46229c50110c9','20d5eedecea44c99b5f52d3435b95769','f39db1fa389d44c19cf4fa5d66565b99','返工','超级管理员','3','2332-S-IU-004',0,0,'2023-05-18 15:29:02','2023-05-18 15:29:16','烦烦烦'),('b572c1e9bd9a408bb0976e73915294ae','db5259c424624ec4b114753535c1b87c','358b396ebbc140179308e8126bc7084c','返工','超级管理员','3','0089-A-2000-001',0,0,'2023-05-18 14:32:35','2023-05-18 14:44:44','myfj'),('b82d1db5c5ef415ea3237550aa675ffa','0d7898d9e96348b58f1363c1e1a408ba','4390136f85394ed289182639db33460b','通过','超级管理员','5','zbq2-0001-002',2,6,'2023-05-23 15:39:23','2023-05-23 15:42:08',NULL),('b9499f922eda4d91950ca63d2d3a35d3','2216b1735a7a4f6bb8601bdb160674bd','665b759a7dd748b7a06bbe284feb581d','通过','超级管理员','3','bjq1-0001-0001',7,61,'2023-05-18 15:01:18','2023-05-18 15:03:41',NULL),('bb18a3632db44c58823a38521667cb93','20d5eedecea44c99b5f52d3435b95769','2ad8ef353b5f450aae1c1e77f1141f99','通过','超级管理员','4','2332-S-IU-001',3,5,'2023-05-16 11:43:58','2023-05-16 11:44:08',NULL),('bc0ffa807f6f412499b51e9d7b1777c3','2216b1735a7a4f6bb8601bdb160674bd','665b759a7dd748b7a06bbe284feb581d','通过','超级管理员','4','bjq1-0001-0001',7,61,'2023-05-18 15:03:46','2023-05-18 15:03:58',NULL),('bc8569eee9f7414abefb8321adee152a','0d7898d9e96348b58f1363c1e1a408ba','4390136f85394ed289182639db33460b','通过','超级管理员','7','zbq2-0001-002',2,6,'2023-05-23 15:43:59','2023-05-23 15:48:03',NULL),('c02f0d32a7474d05819053c0c537975b','20d5eedecea44c99b5f52d3435b95769','79191b7fb4e64c3d90515b723ec02bf3','返工','超级管理员','3','2332-S-IU-002',2,4,'2023-05-15 12:22:11','2023-05-15 12:27:02','aaaaaaaa'),('c3d0ddfb9337438db70f106a164c341c','0d7898d9e96348b58f1363c1e1a408ba','4390136f85394ed289182639db33460b','返工','超级管理员','8','zbq2-0001-002',2,6,'2023-05-23 15:48:15','2023-05-23 16:11:35','23432'),('c568ce3960c542bca77a9c031cc63e56','9dc2acbfcbf64cb588b4d7f1c90847bd','3a9855cab89f437d8dc5fefe6bed43a4','通过','超级管理员','2','6969-S-IM-004',1,1,'2023-05-24 18:19:27','2023-05-24 18:23:26',NULL),('c8d4cc2e93f549598b960b2c707e2000','20d5eedecea44c99b5f52d3435b95769','cb2ffb8001d34828a14a8f5edda72324','返工','超级管理员','7','2332-S-IU-005',0,0,'2023-05-13 11:43:55','2023-05-17 17:56:11','图像质检不符合要求'),('cc0c1ff9c10c4e188839e6419c94529c','0d7898d9e96348b58f1363c1e1a408ba','785da271a4824f90b8f7052707000307','返工','超级管理员','4','zbq1-0001-001',2,4,'2023-05-23 16:17:17','2023-05-23 16:17:29','ss'),('cef90aa01a76422a9097ad6ea7a0bfc5','20d5eedecea44c99b5f52d3435b95769','cb2ffb8001d34828a14a8f5edda72324','通过','超级管理员','7','2332-S-IU-005',0,0,'2023-05-17 17:58:01','2023-05-17 17:58:08',NULL),('d16f864897674434a2bc1ab12858db5c','0d7898d9e96348b58f1363c1e1a408ba','785da271a4824f90b8f7052707000307','通过','超级管理员','3','zbq1-0001-001',2,4,'2023-05-18 15:34:34','2023-05-18 15:35:36',NULL),('d2da8ce200d04ee1a007e7a9c3643c2e','430f9c58423e4bdf8770a4e7985d0f4d','dd032ec1716c4277b24ebacf8f64c0be','通过','超级管理员','2','1',2,5,'2023-05-15 17:16:47','2023-05-15 17:16:56',NULL),('d5cfe75ea0694cb299a8d524e2c76f82','20d5eedecea44c99b5f52d3435b95769','2ad8ef353b5f450aae1c1e77f1141f99','通过','超级管理员','2','2332-S-IU-001',3,5,'2023-05-13 12:06:27','2023-05-15 12:29:48',NULL),('de87c2e49d1f4a15952bc34f9b52cc75','db5259c424624ec4b114753535c1b87c','358b396ebbc140179308e8126bc7084c','通过','超级管理员','2','0089-A-2000-001',3,10,'2023-05-18 14:45:16','2023-05-18 14:45:35',NULL),('e2211e04e65c4a998852a5ca3802fc4c','9dc2acbfcbf64cb588b4d7f1c90847bd','8692f9c80e684003a7cf3b01c5af5b85','通过','超级管理员','2','3399-A-ERI-003',1,1,'2023-05-24 18:20:36','2023-05-24 18:23:53',NULL),('e2a17ec45c6746a09b0e2077d7976fbd','db5259c424624ec4b114753535c1b87c','358b396ebbc140179308e8126bc7084c','通过','超级管理员','2','0089-A-2000-001',0,0,NULL,'2023-05-15 13:56:51',NULL),('e4ab297d14b545ee82133abd54446f3f','0d7898d9e96348b58f1363c1e1a408ba','785da271a4824f90b8f7052707000307','通过','超级管理员','2','zbq1-0001-001',2,4,'2023-05-18 15:26:51','2023-05-18 15:27:11',NULL),('e984dab3d857401c87bd88b9169d7021','11273238a95c4b06b0ffac2c3a333309','1df963525881409aae9e8f8c7d6794ea','通过','超级管理员','3','tjq2-0001-001',5,23,'2023-05-23 15:25:26','2023-05-23 15:29:37',NULL),('eaa8199dcb7940ddbaddd8711c3108b4','20d5eedecea44c99b5f52d3435b95769','79191b7fb4e64c3d90515b723ec02bf3','通过','超级管理员','2','2332-S-IU-002',2,4,'2023-05-15 12:22:11','2023-05-15 12:29:44',NULL),('f19bc7b530de417cac67ad89cde34d8c','20d5eedecea44c99b5f52d3435b95769','de2b70a106194a5dad28f0467a8b05c5','返工','超级管理员','7','2332-S-IU-003',0,0,'2023-05-18 16:21:36','2023-05-18 16:22:30','分件错误'),('f2029e8c42814e31be326ac0b115b915','db5259c424624ec4b114753535c1b87c','358b396ebbc140179308e8126bc7084c','通过','超级管理员','3','0089-A-2000-001',3,5,'2023-05-18 14:57:52','2023-05-18 14:58:04',NULL),('f54d45628aba4af8819d6d387122bb49','db5259c424624ec4b114753535c1b87c','358b396ebbc140179308e8126bc7084c','通过','超级管理员','2','0089-A-2000-001',3,5,'2023-05-18 14:57:29','2023-05-18 14:57:42',NULL),('f657576f325f4e389a1aa23683b3f0fb','20d5eedecea44c99b5f52d3435b95769','2ad8ef353b5f450aae1c1e77f1141f99','通过','超级管理员','3','2332-S-IU-001',3,5,'2023-05-16 10:27:28','2023-05-16 10:33:56',NULL),('f8b3c41b2e0a43aeb999a982ad1135c9','11273238a95c4b06b0ffac2c3a333309','1df963525881409aae9e8f8c7d6794ea','通过','超级管理员','2','tjq2-0001-001',5,23,'2023-05-23 15:23:17','2023-05-23 15:24:53',NULL),('f94d9921cb2446a3986be3d03475472b','20d5eedecea44c99b5f52d3435b95769','2ad8ef353b5f450aae1c1e77f1141f99','通过','超级管理员','1','2332-S-IU-001',3,5,'2023-05-13 12:06:27','2023-05-15 12:28:12',NULL),('f978076fde6f456eb4c732c4e726ed89','20d5eedecea44c99b5f52d3435b95769','2ad8ef353b5f450aae1c1e77f1141f99','通过','超级管理员','6','2332-S-IU-001',3,5,'2023-05-16 16:51:57','2023-05-16 16:54:24',NULL),('fb1a62422258490c9aae8c98d03bc9ab','9dc2acbfcbf64cb588b4d7f1c90847bd','70da93c3fd6747478e4820efc12d8fa5','通过','超级管理员','2','6969-S-IM-001',3,10,'2023-05-24 18:20:10','2023-05-24 18:23:33',NULL),('fd3d4635a1204b7cb59706e856e751be','20d5eedecea44c99b5f52d3435b95769','de2b70a106194a5dad28f0467a8b05c5','通过','超级管理员','4','2332-S-IU-003',0,0,'2023-05-16 16:35:02','2023-05-16 16:37:02',NULL),('fe576f8963ad4ce4bbc902d03848b03a','1dcb7b70cf8e477d9c45261415063e0f','e21039bc1ec84cfe85b13e9edf046198','通过','超级管理员','2','D-4666666999999',5,5,'2023-05-24 18:07:19','2023-05-24 18:11:22',NULL),('ffd318b32ca14b109a4e4234f4998a13','db5259c424624ec4b114753535c1b87c','b20b3bc09540409eac757f325f8610c6','通过','超级管理员','2','0088-A-2003-001',3,6,'2023-05-15 14:33:03','2023-05-18 14:32:11',NULL);
/*!40000 ALTER TABLE `t_grgzltj` ENABLE KEYS */;
UNLOCK TABLES;

--
-- Table structure for table `t_gxhjgl`
--

DROP TABLE IF EXISTS `t_gxhjgl`;
/*!40101 SET @saved_cs_client     = @@character_set_client */;
/*!50503 SET character_set_client = utf8mb4 */;
CREATE TABLE `t_gxhjgl` (
  `id` varchar(50) CHARACTER SET utf8 COLLATE utf8_general_ci NOT NULL COMMENT '主键',
  `gxmc` varchar(50) CHARACTER SET utf8 COLLATE utf8_general_ci DEFAULT NULL COMMENT '工序名称',
  `gxxh` int DEFAULT NULL COMMENT '工序序号',
  `gxms` varchar(200) CHARACTER SET utf8 COLLATE utf8_general_ci DEFAULT NULL COMMENT '工序描述',
  `create_by` varchar(50) CHARACTER SET utf8 COLLATE utf8_general_ci DEFAULT NULL COMMENT '创建人',
  `create_time` datetime DEFAULT NULL COMMENT '创建时间',
  `update_by` varchar(50) CHARACTER SET utf8 COLLATE utf8_general_ci DEFAULT NULL COMMENT '修改人',
  `update_time` datetime DEFAULT NULL COMMENT '修改时间',
  `state` varchar(1) CHARACTER SET utf8 COLLATE utf8_general_ci DEFAULT NULL COMMENT '状态 ( 0:启用  1:停用)',
  PRIMARY KEY (`id`) USING BTREE
) ENGINE=InnoDB DEFAULT CHARSET=utf8mb3 COMMENT='工序环节表';
/*!40101 SET character_set_client = @saved_cs_client */;

--
-- Dumping data for table `t_gxhjgl`
--

LOCK TABLES `t_gxhjgl` WRITE;
/*!40000 ALTER TABLE `t_gxhjgl` DISABLE KEYS */;
INSERT INTO `t_gxhjgl` VALUES ('132b14e6ce98499c85901bf5b7eaf410','分件',2,'给卷信息分件','管理员','2023-01-02 14:21:37','超级管理员','2023-04-19 10:07:29',NULL),('232b14e6ce98499c85901bf5b7eaf410','添加任务',1,'用来添加任务','管理员','2023-01-02 14:21:37','超级管理员','2023-04-19 10:07:24',NULL),('332b14e6ce98499c85901bf5b7eaf410','图像扫描',3,'把图像扫描成电子文件','管理员','2023-01-02 14:21:37','超级管理员','2023-04-19 10:07:33',NULL),('432b14e6ce98499c85901bf5b7eaf410','图像处理',4,'对扫描完成的图像,进行处理!','管理员','2023-01-02 14:21:37','超级管理员','2023-04-19 10:07:37',NULL),('532b14e6ce98499c85901bf5b7eaf410','图像质检',5,'对图像处理完成的图像,进行质检!','管理员','2023-01-02 14:21:37','超级管理员','2023-04-19 10:18:51',NULL),('632b14e6ce98499c85901bf5b7eaf410','图像质检处理',6,'对图像处理完成的数据','管理员','2023-01-02 14:21:37','超级管理员','2023-04-19 10:07:52',NULL),('732b14e6ce98499c85901bf5b7eaf410','目录著录',7,'给当前案卷进行详细信息的著录','管理员','2023-01-02 14:21:37','超级管理员','2023-04-19 10:19:19',NULL),('832b14e6ce98499c85901bf5b7eaf410','数据质检',8,'对处理好的数据进行质检,查看是否完成,内容是否符合要求!','管理员','2023-01-02 14:21:37','超级管理员','2023-04-19 10:09:08',NULL);
/*!40000 ALTER TABLE `t_gxhjgl` ENABLE KEYS */;
UNLOCK TABLES;

--
-- Table structure for table `t_jianji`
--

DROP TABLE IF EXISTS `t_jianji`;
/*!40101 SET @saved_cs_client     = @@character_set_client */;
/*!50503 SET character_set_client = utf8mb4 */;
CREATE TABLE `t_jianji` (
  `id` varchar(50) NOT NULL COMMENT '主键',
  `aj_id` varchar(50) DEFAULT NULL COMMENT '案卷表(id)',
  `jh` varchar(50) DEFAULT NULL COMMENT '件号',
  `ksys` int DEFAULT NULL COMMENT '开始页数',
  `zzys` int DEFAULT NULL COMMENT '终止页数',
  `ym` int DEFAULT NULL COMMENT '页码',
  `ys` int DEFAULT NULL COMMENT '页数',
  `sfsy` char(1) DEFAULT NULL COMMENT '是否首页',
  `tpdz` varchar(255) DEFAULT NULL COMMENT '图片地址',
  `xgyj` varchar(255) DEFAULT NULL COMMENT '修改意见',
  `create_by` varchar(50) DEFAULT NULL COMMENT '创建人',
  `create_time` datetime DEFAULT NULL COMMENT '创建时间',
  `update_by` varchar(50) DEFAULT NULL COMMENT '修改人',
  `update_time` datetime DEFAULT NULL COMMENT '修改时间',
  `bh` varchar(200) CHARACTER SET utf8mb4 COLLATE utf8mb4_0900_ai_ci DEFAULT NULL COMMENT '编号',
  `field1` varchar(255) DEFAULT NULL,
  `field2` varchar(255) DEFAULT NULL,
  `field3` varchar(255) DEFAULT NULL,
  `field4` varchar(255) DEFAULT NULL,
  `field5` varchar(255) DEFAULT NULL,
  `field6` varchar(255) DEFAULT NULL,
  `field7` varchar(255) DEFAULT NULL,
  `field8` varchar(255) DEFAULT NULL,
  `field9` varchar(255) DEFAULT NULL,
  `field10` varchar(255) DEFAULT NULL,
  `field11` varchar(255) DEFAULT NULL,
  `field12` varchar(255) DEFAULT NULL,
  `field13` varchar(255) DEFAULT NULL,
  `field14` varchar(255) DEFAULT NULL,
  `field15` varchar(255) DEFAULT NULL,
  `field16` varchar(255) DEFAULT NULL,
  `field17` varchar(255) DEFAULT NULL,
  `field18` varchar(255) DEFAULT NULL,
  `field19` varchar(255) DEFAULT NULL,
  `field20` varchar(255) DEFAULT NULL,
  `field21` varchar(255) DEFAULT NULL,
  `field22` varchar(255) DEFAULT NULL,
  `field23` varchar(255) DEFAULT NULL,
  `field24` varchar(255) DEFAULT NULL,
  `field25` varchar(255) DEFAULT NULL,
  `field26` varchar(255) DEFAULT NULL,
  `field27` varchar(255) DEFAULT NULL,
  `field28` varchar(255) DEFAULT NULL,
  `field29` varchar(255) DEFAULT NULL,
  `field30` varchar(255) DEFAULT NULL,
  `time1` datetime DEFAULT NULL,
  `time2` datetime DEFAULT NULL,
  `time3` datetime DEFAULT NULL,
  `time4` datetime DEFAULT NULL,
  `time5` datetime DEFAULT NULL,
  `int_1` int DEFAULT NULL,
  `int_2` int DEFAULT NULL,
  `int_3` int DEFAULT NULL,
  `int_4` int DEFAULT NULL,
  `int_5` int DEFAULT NULL,
  PRIMARY KEY (`id`)
) ENGINE=InnoDB DEFAULT CHARSET=utf8mb4 COLLATE=utf8mb4_0900_ai_ci COMMENT='档案_件级表';
/*!40101 SET character_set_client = @saved_cs_client */;

--
-- Dumping data for table `t_jianji`
--

LOCK TABLES `t_jianji` WRITE;
/*!40000 ALTER TABLE `t_jianji` DISABLE KEYS */;
INSERT INTO `t_jianji` VALUES ('0048d7b507ea475cbf857ec791c494fb','0a3080324d63419497fe0f2b8446c6f9','001',NULL,NULL,3,NULL,'否',NULL,NULL,'超级管理员','2023-05-10 18:22:55',NULL,NULL,'9886-A-MAU-002-001',NULL,NULL,NULL,NULL,NULL,NULL,NULL,NULL,NULL,NULL,NULL,NULL,NULL,NULL,NULL,NULL,NULL,NULL,NULL,NULL,NULL,NULL,NULL,NULL,NULL,NULL,NULL,NULL,NULL,NULL,NULL,NULL,NULL,NULL,NULL,NULL,NULL,NULL,NULL,NULL),('0071a53449f4432b8276e739ad9bcfb2','4390136f85394ed289182639db33460b','002',NULL,NULL,4,NULL,'否','D:\\myprojects-szhjgxt\\image\\rmcVt4M218.jpg',NULL,'超级管理员','2023-05-18 15:45:55',NULL,NULL,'zbq2-0001-002-002',NULL,NULL,NULL,NULL,NULL,NULL,NULL,NULL,NULL,NULL,NULL,NULL,NULL,NULL,NULL,NULL,NULL,NULL,NULL,NULL,NULL,NULL,NULL,NULL,NULL,NULL,NULL,NULL,NULL,NULL,NULL,NULL,NULL,NULL,NULL,NULL,NULL,NULL,NULL,NULL),('009781ca8cdc451d8549dcf2a444c2ec','21042a9733f14141941c9219d8826979','002',NULL,NULL,8,NULL,'否',NULL,NULL,'超级管理员','2023-05-18 16:52:31',NULL,NULL,'tjq1-0001-001-002',NULL,NULL,NULL,NULL,NULL,NULL,NULL,NULL,NULL,NULL,NULL,NULL,NULL,NULL,NULL,NULL,NULL,NULL,NULL,NULL,NULL,NULL,NULL,NULL,NULL,NULL,NULL,NULL,NULL,NULL,NULL,NULL,NULL,NULL,NULL,NULL,NULL,NULL,NULL,NULL),('020a4eb1e25d4c128dd7e31b2d54475e','665b759a7dd748b7a06bbe284feb581d','004',NULL,NULL,39,NULL,'否',NULL,NULL,'超级管理员','2023-05-18 14:58:38',NULL,NULL,'bjq1-0001-0001-004',NULL,NULL,NULL,NULL,NULL,NULL,NULL,NULL,NULL,NULL,NULL,NULL,NULL,NULL,NULL,NULL,NULL,NULL,NULL,NULL,NULL,NULL,NULL,NULL,NULL,NULL,NULL,NULL,NULL,NULL,NULL,NULL,NULL,NULL,NULL,NULL,NULL,NULL,NULL,NULL),('0248015d9ee1491a946446e4f0f94bb7','358b396ebbc140179308e8126bc7084c','001',NULL,NULL,2,NULL,'否',NULL,NULL,'超级管理员','2023-05-18 14:57:32',NULL,NULL,'0089-A-2000-001-001',NULL,NULL,NULL,NULL,NULL,NULL,NULL,NULL,NULL,NULL,NULL,NULL,NULL,NULL,NULL,NULL,NULL,NULL,NULL,NULL,NULL,NULL,NULL,NULL,NULL,NULL,NULL,NULL,NULL,NULL,NULL,NULL,NULL,NULL,NULL,NULL,NULL,NULL,NULL,NULL),('027e2369c4834eaa8f3d555c8a4c0cc5','60af28c31d8e4b3484aba484a60c251c','003',11,15,11,5,'是',NULL,NULL,'超级管理员','2023-05-18 14:20:44',NULL,NULL,'ddd1-003',NULL,NULL,NULL,NULL,NULL,NULL,NULL,NULL,NULL,NULL,NULL,NULL,NULL,NULL,NULL,NULL,NULL,NULL,NULL,NULL,NULL,NULL,NULL,NULL,NULL,NULL,NULL,NULL,NULL,NULL,NULL,NULL,NULL,NULL,NULL,NULL,NULL,NULL,NULL,NULL),('03092ffa1d8f4206a92d2709c829f4ba','21042a9733f14141941c9219d8826979','005',NULL,NULL,20,NULL,'否',NULL,NULL,'超级管理员','2023-05-18 16:52:53',NULL,NULL,'tjq1-0001-001-005',NULL,NULL,NULL,NULL,NULL,NULL,NULL,NULL,NULL,NULL,NULL,NULL,NULL,NULL,NULL,NULL,NULL,NULL,NULL,NULL,NULL,NULL,NULL,NULL,NULL,NULL,NULL,NULL,NULL,NULL,NULL,NULL,NULL,NULL,NULL,NULL,NULL,NULL,NULL,NULL),('0427f2d629914734a139c968e0313f34','b20b3bc09540409eac757f325f8610c6','002',3,4,3,2,'是',NULL,NULL,'超级管理员','2023-05-15 15:34:46',NULL,NULL,'0088-A-2003-001-002',NULL,NULL,NULL,NULL,NULL,NULL,NULL,NULL,NULL,NULL,NULL,NULL,NULL,NULL,NULL,NULL,NULL,NULL,NULL,NULL,NULL,NULL,NULL,NULL,NULL,NULL,NULL,NULL,NULL,NULL,NULL,NULL,NULL,NULL,NULL,NULL,NULL,NULL,NULL,NULL),('06372a6a4744499eb944c3cf7d54bd02','5e4ab1b52da64f44a841504c2a081e87','003',10,10,10,1,'是',NULL,NULL,'超级管理员','2023-05-23 14:08:30',NULL,NULL,'zbq3-0001-003-003',NULL,NULL,NULL,NULL,NULL,NULL,NULL,NULL,NULL,NULL,NULL,NULL,NULL,NULL,NULL,NULL,NULL,NULL,NULL,NULL,NULL,NULL,NULL,NULL,NULL,NULL,NULL,NULL,NULL,NULL,NULL,NULL,NULL,NULL,NULL,NULL,NULL,NULL,NULL,NULL),('078a9cccc03a42b2bbefdb83ea5e8d87','60af28c31d8e4b3484aba484a60c251c','001',NULL,NULL,2,NULL,'否',NULL,NULL,'超级管理员','2023-05-18 14:20:40',NULL,NULL,'ddd1-001',NULL,NULL,NULL,NULL,NULL,NULL,NULL,NULL,NULL,NULL,NULL,NULL,NULL,NULL,NULL,NULL,NULL,NULL,NULL,NULL,NULL,NULL,NULL,NULL,NULL,NULL,NULL,NULL,NULL,NULL,NULL,NULL,NULL,NULL,NULL,NULL,NULL,NULL,NULL,NULL),('09167cf91d7b46c287b05c038a264c6b','0a3080324d63419497fe0f2b8446c6f9','003',NULL,NULL,9,NULL,'否',NULL,NULL,'超级管理员','2023-05-10 18:23:01',NULL,NULL,'9886-A-MAU-002-003',NULL,NULL,NULL,NULL,NULL,NULL,NULL,NULL,NULL,NULL,NULL,NULL,NULL,NULL,NULL,NULL,NULL,NULL,NULL,NULL,NULL,NULL,NULL,NULL,NULL,NULL,NULL,NULL,NULL,NULL,NULL,NULL,NULL,NULL,NULL,NULL,NULL,NULL,NULL,NULL),('0a9f084f6f614c4b96b54e10605cf5ba','60af28c31d8e4b3484aba484a60c251c','001',NULL,NULL,3,NULL,'否',NULL,NULL,'超级管理员','2023-05-18 14:20:40',NULL,NULL,'ddd1-001',NULL,NULL,NULL,NULL,NULL,NULL,NULL,NULL,NULL,NULL,NULL,NULL,NULL,NULL,NULL,NULL,NULL,NULL,NULL,NULL,NULL,NULL,NULL,NULL,NULL,NULL,NULL,NULL,NULL,NULL,NULL,NULL,NULL,NULL,NULL,NULL,NULL,NULL,NULL,NULL),('0ad6c83491b94479a9b0a8ffdaefc1a4','665b759a7dd748b7a06bbe284feb581d','005',41,50,41,10,'是',NULL,NULL,'超级管理员','2023-05-18 14:58:43',NULL,NULL,'bjq1-0001-0001-005',NULL,NULL,NULL,NULL,NULL,NULL,NULL,NULL,NULL,NULL,NULL,NULL,NULL,NULL,NULL,NULL,NULL,NULL,NULL,NULL,NULL,NULL,NULL,NULL,NULL,NULL,NULL,NULL,NULL,NULL,NULL,NULL,NULL,NULL,NULL,NULL,NULL,NULL,NULL,NULL),('0c73d90ce23e4334be2ad878cf8a494a','1df963525881409aae9e8f8c7d6794ea','005',NULL,NULL,22,NULL,'否',NULL,NULL,'超级管理员','2023-05-23 15:23:06',NULL,NULL,'tjq2-0001-001-005',NULL,NULL,NULL,NULL,NULL,NULL,NULL,NULL,NULL,NULL,NULL,NULL,NULL,NULL,NULL,NULL,NULL,NULL,NULL,NULL,NULL,NULL,NULL,NULL,NULL,NULL,NULL,NULL,NULL,NULL,NULL,NULL,NULL,NULL,NULL,NULL,NULL,NULL,NULL,NULL),('102254d5c0b44f8c8eaaffd5bf73d50b','3b793883e6904d359246ece14c0f3681','004',NULL,NULL,7,NULL,'否',NULL,NULL,'超级管理员','2023-05-12 11:40:54',NULL,NULL,'扁鹊-10101010101-004',NULL,NULL,NULL,NULL,NULL,NULL,NULL,NULL,NULL,NULL,NULL,NULL,NULL,NULL,NULL,NULL,NULL,NULL,NULL,NULL,NULL,NULL,NULL,NULL,NULL,NULL,NULL,NULL,NULL,NULL,NULL,NULL,NULL,NULL,NULL,NULL,NULL,NULL,NULL,NULL),('1246fecefe414718950e30629344b929','5e4ab1b52da64f44a841504c2a081e87','001',NULL,NULL,2,NULL,'否',NULL,NULL,'超级管理员','2023-05-19 12:02:42',NULL,NULL,'zbq3-0001-003-001',NULL,NULL,NULL,NULL,NULL,NULL,NULL,NULL,NULL,NULL,NULL,NULL,NULL,NULL,NULL,NULL,NULL,NULL,NULL,NULL,NULL,NULL,NULL,NULL,NULL,NULL,NULL,NULL,NULL,NULL,NULL,NULL,NULL,NULL,NULL,NULL,NULL,NULL,NULL,NULL),('1261117306a64e919c82f8377cf5f768','60af28c31d8e4b3484aba484a60c251c','002',NULL,NULL,10,NULL,'否',NULL,NULL,'超级管理员','2023-05-18 14:20:43',NULL,NULL,'ddd1-002',NULL,NULL,NULL,NULL,NULL,NULL,NULL,NULL,NULL,NULL,NULL,NULL,NULL,NULL,NULL,NULL,NULL,NULL,NULL,NULL,NULL,NULL,NULL,NULL,NULL,NULL,NULL,NULL,NULL,NULL,NULL,NULL,NULL,NULL,NULL,NULL,NULL,NULL,NULL,NULL),('12d565c00f8741fc88531d8b231a697f','e21039bc1ec84cfe85b13e9edf046198','004',4,4,4,1,'是',NULL,NULL,'超级管理员','2023-05-24 18:07:27',NULL,NULL,'D-4666666999999-004',NULL,NULL,NULL,NULL,NULL,NULL,NULL,NULL,NULL,NULL,NULL,NULL,NULL,NULL,NULL,NULL,NULL,NULL,NULL,NULL,NULL,NULL,NULL,NULL,NULL,NULL,NULL,NULL,NULL,NULL,NULL,NULL,NULL,NULL,NULL,NULL,NULL,NULL,NULL,NULL),('14f1b4e16d8f43d88ac594b9c9ae656f','de2b70a106194a5dad28f0467a8b05c5','002',NULL,NULL,4,NULL,'否',NULL,NULL,'超级管理员','2023-05-18 16:24:33',NULL,NULL,'2332-S-IU-003-002',NULL,NULL,NULL,NULL,NULL,NULL,NULL,NULL,NULL,NULL,NULL,NULL,NULL,NULL,NULL,NULL,NULL,NULL,NULL,NULL,NULL,NULL,NULL,NULL,NULL,NULL,NULL,NULL,NULL,NULL,NULL,NULL,NULL,NULL,NULL,NULL,NULL,NULL,NULL,NULL),('15d0504a35264304848e21cb49e5f459','1df963525881409aae9e8f8c7d6794ea','001',1,3,1,3,'是',NULL,NULL,'超级管理员','2023-05-23 15:21:16',NULL,NULL,'tjq2-0001-001-001',NULL,NULL,NULL,NULL,NULL,NULL,NULL,NULL,NULL,NULL,NULL,NULL,NULL,NULL,NULL,NULL,NULL,NULL,NULL,NULL,NULL,NULL,NULL,NULL,NULL,NULL,NULL,NULL,NULL,NULL,NULL,NULL,NULL,NULL,NULL,NULL,NULL,NULL,NULL,NULL),('16ffe88bc94a42ec896952e0935af4ca','21042a9733f14141941c9219d8826979','003',NULL,NULL,13,NULL,'否',NULL,NULL,'超级管理员','2023-05-18 16:52:35',NULL,NULL,'tjq1-0001-001-003',NULL,NULL,NULL,NULL,NULL,NULL,NULL,NULL,NULL,NULL,NULL,NULL,NULL,NULL,NULL,NULL,NULL,NULL,NULL,NULL,NULL,NULL,NULL,NULL,NULL,NULL,NULL,NULL,NULL,NULL,NULL,NULL,NULL,NULL,NULL,NULL,NULL,NULL,NULL,NULL),('171eb45e3ab34092a776452f9dd2247c','cb62fc8d07414a8f9516c481a3b1b819','001',1,1,1,1,'是',NULL,NULL,'超级管理员','2023-05-24 18:06:50',NULL,NULL,'A-1666666999999-001',NULL,NULL,NULL,NULL,NULL,NULL,NULL,NULL,NULL,NULL,NULL,NULL,NULL,NULL,NULL,NULL,NULL,NULL,NULL,NULL,NULL,NULL,NULL,NULL,NULL,NULL,NULL,NULL,NULL,NULL,NULL,NULL,NULL,NULL,NULL,NULL,NULL,NULL,NULL,NULL),('17ecc38c20c34eb3a5c7c46351f9b31e','70da93c3fd6747478e4820efc12d8fa5','002',NULL,NULL,4,NULL,'否',NULL,NULL,'超级管理员','2023-05-24 18:20:18',NULL,NULL,'6969-S-IM-001-002',NULL,NULL,NULL,NULL,NULL,NULL,NULL,NULL,NULL,NULL,NULL,NULL,NULL,NULL,NULL,NULL,NULL,NULL,NULL,NULL,NULL,NULL,NULL,NULL,NULL,NULL,NULL,NULL,NULL,NULL,NULL,NULL,NULL,NULL,NULL,NULL,NULL,NULL,NULL,NULL),('18b3b0b23801433790806a63693ee029','21042a9733f14141941c9219d8826979','003',NULL,NULL,14,NULL,'否',NULL,NULL,'超级管理员','2023-05-18 16:52:35',NULL,NULL,'tjq1-0001-001-003',NULL,NULL,NULL,NULL,NULL,NULL,NULL,NULL,NULL,NULL,NULL,NULL,NULL,NULL,NULL,NULL,NULL,NULL,NULL,NULL,NULL,NULL,NULL,NULL,NULL,NULL,NULL,NULL,NULL,NULL,NULL,NULL,NULL,NULL,NULL,NULL,NULL,NULL,NULL,NULL),('18f495ebeade4cc7b434085c6da20e9e','665b759a7dd748b7a06bbe284feb581d','005',NULL,NULL,50,NULL,'否',NULL,NULL,'超级管理员','2023-05-18 14:58:43',NULL,NULL,'bjq1-0001-0001-005',NULL,NULL,NULL,NULL,NULL,NULL,NULL,NULL,NULL,NULL,NULL,NULL,NULL,NULL,NULL,NULL,NULL,NULL,NULL,NULL,NULL,NULL,NULL,NULL,NULL,NULL,NULL,NULL,NULL,NULL,NULL,NULL,NULL,NULL,NULL,NULL,NULL,NULL,NULL,NULL),('19d29fe9feec4ade8c4e399da0c2cbeb','21042a9733f14141941c9219d8826979','001',NULL,NULL,2,NULL,'否',NULL,NULL,'超级管理员','2023-05-18 16:52:15',NULL,NULL,'tjq1-0001-001-001',NULL,NULL,NULL,NULL,NULL,NULL,NULL,NULL,NULL,NULL,NULL,NULL,NULL,NULL,NULL,NULL,NULL,NULL,NULL,NULL,NULL,NULL,NULL,NULL,NULL,NULL,NULL,NULL,NULL,NULL,NULL,NULL,NULL,NULL,NULL,NULL,NULL,NULL,NULL,NULL),('1a5723461e324fbc8fc6813b8b8ce288','3b793883e6904d359246ece14c0f3681','004',NULL,NULL,9,NULL,'否',NULL,NULL,'超级管理员','2023-05-12 11:40:54',NULL,NULL,'扁鹊-10101010101-004',NULL,NULL,NULL,NULL,NULL,NULL,NULL,NULL,NULL,NULL,NULL,NULL,NULL,NULL,NULL,NULL,NULL,NULL,NULL,NULL,NULL,NULL,NULL,NULL,NULL,NULL,NULL,NULL,NULL,NULL,NULL,NULL,NULL,NULL,NULL,NULL,NULL,NULL,NULL,NULL),('1b4334aa79514893b8dd63405e737031','5e4ab1b52da64f44a841504c2a081e87','001',NULL,NULL,5,NULL,'否',NULL,NULL,'超级管理员','2023-05-19 12:02:42',NULL,NULL,'zbq3-0001-003-001',NULL,NULL,NULL,NULL,NULL,NULL,NULL,NULL,NULL,NULL,NULL,NULL,NULL,NULL,NULL,NULL,NULL,NULL,NULL,NULL,NULL,NULL,NULL,NULL,NULL,NULL,NULL,NULL,NULL,NULL,NULL,NULL,NULL,NULL,NULL,NULL,NULL,NULL,NULL,NULL),('1f126b83cb2c4c5db085698ba2e7c64d','0aac84562a73406bb126a8233b151d0f','003',NULL,NULL,9,NULL,'否',NULL,NULL,'超级管理员','2023-05-24 18:21:08',NULL,NULL,'3399-A-ERI-001-003',NULL,NULL,NULL,NULL,NULL,NULL,NULL,NULL,NULL,NULL,NULL,NULL,NULL,NULL,NULL,NULL,NULL,NULL,NULL,NULL,NULL,NULL,NULL,NULL,NULL,NULL,NULL,NULL,NULL,NULL,NULL,NULL,NULL,NULL,NULL,NULL,NULL,NULL,NULL,NULL),('1f623c391e9b428dbbbcf224b83e3e4d','665b759a7dd748b7a06bbe284feb581d','002',NULL,NULL,15,NULL,'否',NULL,NULL,'超级管理员','2023-05-18 14:58:34',NULL,NULL,'bjq1-0001-0001-002',NULL,NULL,NULL,NULL,NULL,NULL,NULL,NULL,NULL,NULL,NULL,NULL,NULL,NULL,NULL,NULL,NULL,NULL,NULL,NULL,NULL,NULL,NULL,NULL,NULL,NULL,NULL,NULL,NULL,NULL,NULL,NULL,NULL,NULL,NULL,NULL,NULL,NULL,NULL,NULL),('2045e2ba78674eea9f88b9d0c3f5f468','665b759a7dd748b7a06bbe284feb581d','001',NULL,NULL,3,NULL,'否',NULL,NULL,'超级管理员','2023-05-18 14:58:33',NULL,NULL,'bjq1-0001-0001-001',NULL,NULL,NULL,NULL,NULL,NULL,NULL,NULL,NULL,NULL,NULL,NULL,NULL,NULL,NULL,NULL,NULL,NULL,NULL,NULL,NULL,NULL,NULL,NULL,NULL,NULL,NULL,NULL,NULL,NULL,NULL,NULL,NULL,NULL,NULL,NULL,NULL,NULL,NULL,NULL),('2257badbce2e4e44b1bf10839432076e','1df963525881409aae9e8f8c7d6794ea','001',NULL,NULL,2,NULL,'否',NULL,NULL,'超级管理员','2023-05-23 15:21:16',NULL,NULL,'tjq2-0001-001-001',NULL,NULL,NULL,NULL,NULL,NULL,NULL,NULL,NULL,NULL,NULL,NULL,NULL,NULL,NULL,NULL,NULL,NULL,NULL,NULL,NULL,NULL,NULL,NULL,NULL,NULL,NULL,NULL,NULL,NULL,NULL,NULL,NULL,NULL,NULL,NULL,NULL,NULL,NULL,NULL),('2285c0e82f31462c9ad3097b270b0e01','21042a9733f14141941c9219d8826979','004',NULL,NULL,18,NULL,'否',NULL,NULL,'超级管理员','2023-05-18 16:52:49',NULL,NULL,'tjq1-0001-001-004',NULL,NULL,NULL,NULL,NULL,NULL,NULL,NULL,NULL,NULL,NULL,NULL,NULL,NULL,NULL,NULL,NULL,NULL,NULL,NULL,NULL,NULL,NULL,NULL,NULL,NULL,NULL,NULL,NULL,NULL,NULL,NULL,NULL,NULL,NULL,NULL,NULL,NULL,NULL,NULL),('23bcd6a7e87041cf81d2787408b5fd01','70da93c3fd6747478e4820efc12d8fa5','003',5,10,5,6,'是',NULL,NULL,'超级管理员','2023-05-24 18:20:23',NULL,NULL,'6969-S-IM-001-003',NULL,NULL,NULL,NULL,NULL,NULL,NULL,NULL,NULL,NULL,NULL,NULL,NULL,NULL,NULL,NULL,NULL,NULL,NULL,NULL,NULL,NULL,NULL,NULL,NULL,NULL,NULL,NULL,NULL,NULL,NULL,NULL,NULL,NULL,NULL,NULL,NULL,NULL,NULL,NULL),('23dc66402b4d4ee8adccbfafebfef146','0aac84562a73406bb126a8233b151d0f','001',1,5,1,5,'是',NULL,NULL,'超级管理员','2023-05-24 18:20:56',NULL,NULL,'3399-A-ERI-001-001',NULL,NULL,NULL,NULL,NULL,NULL,NULL,NULL,NULL,NULL,NULL,NULL,NULL,NULL,NULL,NULL,NULL,NULL,NULL,NULL,NULL,NULL,NULL,NULL,NULL,NULL,NULL,NULL,NULL,NULL,NULL,NULL,NULL,NULL,NULL,NULL,NULL,NULL,NULL,NULL),('24fbac9a19c04f588951e345f32b63e0','665b759a7dd748b7a06bbe284feb581d','007',56,61,56,6,'是',NULL,NULL,'超级管理员','2023-05-18 14:58:56',NULL,NULL,'bjq1-0001-0001-007',NULL,NULL,NULL,NULL,NULL,NULL,NULL,NULL,NULL,NULL,NULL,NULL,NULL,NULL,NULL,NULL,NULL,NULL,NULL,NULL,NULL,NULL,NULL,NULL,NULL,NULL,NULL,NULL,NULL,NULL,NULL,NULL,NULL,NULL,NULL,NULL,NULL,NULL,NULL,NULL),('26b014f9d9dc4ce79e3dbea828d0b940','8692f9c80e684003a7cf3b01c5af5b85','001',1,1,1,1,'是',NULL,NULL,'超级管理员','2023-05-24 18:20:40',NULL,NULL,'3399-A-ERI-003-001',NULL,NULL,NULL,NULL,NULL,NULL,NULL,NULL,NULL,NULL,NULL,NULL,NULL,NULL,NULL,NULL,NULL,NULL,NULL,NULL,NULL,NULL,NULL,NULL,NULL,NULL,NULL,NULL,NULL,NULL,NULL,NULL,NULL,NULL,NULL,NULL,NULL,NULL,NULL,NULL),('2715a679bc3444708a5fa808f52b4b4a','60af28c31d8e4b3484aba484a60c251c','004',NULL,NULL,20,NULL,'否',NULL,NULL,'超级管理员','2023-05-18 14:20:45',NULL,NULL,'ddd1-004',NULL,NULL,NULL,NULL,NULL,NULL,NULL,NULL,NULL,NULL,NULL,NULL,NULL,NULL,NULL,NULL,NULL,NULL,NULL,NULL,NULL,NULL,NULL,NULL,NULL,NULL,NULL,NULL,NULL,NULL,NULL,NULL,NULL,NULL,NULL,NULL,NULL,NULL,NULL,NULL),('27e6fa6a089c47a69f4a79c116ba1ee4','0f5d2d4f9e854141a9b493c34964de33','001',NULL,NULL,2,NULL,'否','D:\\myprojects-szhjgxt\\image\\837-5.jpg',NULL,'超级管理员','2023-05-24 18:07:01',NULL,NULL,'B-2666666999999-001',NULL,NULL,NULL,NULL,NULL,NULL,NULL,NULL,NULL,NULL,NULL,NULL,NULL,NULL,NULL,NULL,NULL,NULL,NULL,NULL,NULL,NULL,NULL,NULL,NULL,NULL,NULL,NULL,NULL,NULL,NULL,NULL,NULL,NULL,NULL,NULL,NULL,NULL,NULL,NULL),('2a3d19f71589443c95dbd36e89dd2f6d','60af28c31d8e4b3484aba484a60c251c','003',NULL,NULL,14,NULL,'否',NULL,NULL,'超级管理员','2023-05-18 14:20:44',NULL,NULL,'ddd1-003',NULL,NULL,NULL,NULL,NULL,NULL,NULL,NULL,NULL,NULL,NULL,NULL,NULL,NULL,NULL,NULL,NULL,NULL,NULL,NULL,NULL,NULL,NULL,NULL,NULL,NULL,NULL,NULL,NULL,NULL,NULL,NULL,NULL,NULL,NULL,NULL,NULL,NULL,NULL,NULL),('2b5e7d0383ca4846b82631f8d2abb4de','21042a9733f14141941c9219d8826979','001',NULL,NULL,4,NULL,'否',NULL,NULL,'超级管理员','2023-05-18 16:52:15',NULL,NULL,'tjq1-0001-001-001',NULL,NULL,NULL,NULL,NULL,NULL,NULL,NULL,NULL,NULL,NULL,NULL,NULL,NULL,NULL,NULL,NULL,NULL,NULL,NULL,NULL,NULL,NULL,NULL,NULL,NULL,NULL,NULL,NULL,NULL,NULL,NULL,NULL,NULL,NULL,NULL,NULL,NULL,NULL,NULL),('2b7d0b8e8d3b453e9a6e4c55df6ea1c7','665b759a7dd748b7a06bbe284feb581d','006',NULL,NULL,52,NULL,'否',NULL,NULL,'超级管理员','2023-05-18 14:58:53',NULL,NULL,'bjq1-0001-0001-006',NULL,NULL,NULL,NULL,NULL,NULL,NULL,NULL,NULL,NULL,NULL,NULL,NULL,NULL,NULL,NULL,NULL,NULL,NULL,NULL,NULL,NULL,NULL,NULL,NULL,NULL,NULL,NULL,NULL,NULL,NULL,NULL,NULL,NULL,NULL,NULL,NULL,NULL,NULL,NULL),('2da5a6dad72e49978cb9a4580c534592','2ad8ef353b5f450aae1c1e77f1141f99','002',2,2,2,1,'是','D:\\myprojects-szhjgxt\\image\\2.jpg',NULL,'超级管理员','2023-05-12 11:40:23',NULL,NULL,'2332-S-IU-001-002',NULL,NULL,NULL,NULL,NULL,NULL,NULL,NULL,NULL,NULL,NULL,NULL,NULL,NULL,NULL,NULL,NULL,NULL,NULL,NULL,NULL,NULL,NULL,NULL,NULL,NULL,NULL,NULL,NULL,NULL,NULL,NULL,NULL,NULL,NULL,NULL,NULL,NULL,NULL,NULL),('2dc00a835fc6493285d34e4a89f33b7f','60af28c31d8e4b3484aba484a60c251c','002',NULL,NULL,7,NULL,'否',NULL,NULL,'超级管理员','2023-05-18 14:20:43',NULL,NULL,'ddd1-002',NULL,NULL,NULL,NULL,NULL,NULL,NULL,NULL,NULL,NULL,NULL,NULL,NULL,NULL,NULL,NULL,NULL,NULL,NULL,NULL,NULL,NULL,NULL,NULL,NULL,NULL,NULL,NULL,NULL,NULL,NULL,NULL,NULL,NULL,NULL,NULL,NULL,NULL,NULL,NULL),('2dd2c5902e8c455481a65877311553e6','665b759a7dd748b7a06bbe284feb581d','003',NULL,NULL,27,NULL,'否',NULL,NULL,'超级管理员','2023-05-18 14:58:37',NULL,NULL,'bjq1-0001-0001-003',NULL,NULL,NULL,NULL,NULL,NULL,NULL,NULL,NULL,NULL,NULL,NULL,NULL,NULL,NULL,NULL,NULL,NULL,NULL,NULL,NULL,NULL,NULL,NULL,NULL,NULL,NULL,NULL,NULL,NULL,NULL,NULL,NULL,NULL,NULL,NULL,NULL,NULL,NULL,NULL),('2dd386f2975a47f7802b112682c890ca','60af28c31d8e4b3484aba484a60c251c','004',16,20,16,5,'是',NULL,NULL,'超级管理员','2023-05-18 14:20:45',NULL,NULL,'ddd1-004',NULL,NULL,NULL,NULL,NULL,NULL,NULL,NULL,NULL,NULL,NULL,NULL,NULL,NULL,NULL,NULL,NULL,NULL,NULL,NULL,NULL,NULL,NULL,NULL,NULL,NULL,NULL,NULL,NULL,NULL,NULL,NULL,NULL,NULL,NULL,NULL,NULL,NULL,NULL,NULL),('2e15be25e07942aa994fcfb45479f0b7','2ad8ef353b5f450aae1c1e77f1141f99','003',NULL,NULL,4,NULL,'否','D:\\myprojects-szhjgxt\\image\\4.jpg',NULL,'超级管理员','2023-05-12 11:40:27',NULL,NULL,'2332-S-IU-001-003',NULL,NULL,NULL,NULL,NULL,NULL,NULL,NULL,NULL,NULL,NULL,NULL,NULL,NULL,NULL,NULL,NULL,NULL,NULL,NULL,NULL,NULL,NULL,NULL,NULL,NULL,NULL,NULL,NULL,NULL,NULL,NULL,NULL,NULL,NULL,NULL,NULL,NULL,NULL,NULL),('2f39d954e85e4bf494a8494e7115d379','1df963525881409aae9e8f8c7d6794ea','004',NULL,NULL,17,NULL,'否',NULL,NULL,'超级管理员','2023-05-23 15:22:51',NULL,NULL,'tjq2-0001-001-004',NULL,NULL,NULL,NULL,NULL,NULL,NULL,NULL,NULL,NULL,NULL,NULL,NULL,NULL,NULL,NULL,NULL,NULL,NULL,NULL,NULL,NULL,NULL,NULL,NULL,NULL,NULL,NULL,NULL,NULL,NULL,NULL,NULL,NULL,NULL,NULL,NULL,NULL,NULL,NULL),('2f6fcf7f24bc47dd94ec3369301b0d64','5e4ab1b52da64f44a841504c2a081e87','002',NULL,NULL,8,NULL,'否',NULL,NULL,'超级管理员','2023-05-19 12:03:19',NULL,NULL,'zbq3-0001-003-002',NULL,NULL,NULL,NULL,NULL,NULL,NULL,NULL,NULL,NULL,NULL,NULL,NULL,NULL,NULL,NULL,NULL,NULL,NULL,NULL,NULL,NULL,NULL,NULL,NULL,NULL,NULL,NULL,NULL,NULL,NULL,NULL,NULL,NULL,NULL,NULL,NULL,NULL,NULL,NULL),('3091985090a249ffbd41a17862b6b0d7','3a9855cab89f437d8dc5fefe6bed43a4','001',1,1,1,1,'是',NULL,NULL,'超级管理员','2023-05-24 18:19:29',NULL,NULL,'6969-S-IM-004-001',NULL,NULL,NULL,NULL,NULL,NULL,NULL,NULL,NULL,NULL,NULL,NULL,NULL,NULL,NULL,NULL,NULL,NULL,NULL,NULL,NULL,NULL,NULL,NULL,NULL,NULL,NULL,NULL,NULL,NULL,NULL,NULL,NULL,NULL,NULL,NULL,NULL,NULL,NULL,NULL),('33f45fb94dd64cb89acbcee704e3ecb2','60af28c31d8e4b3484aba484a60c251c','003',NULL,NULL,13,NULL,'否',NULL,NULL,'超级管理员','2023-05-18 14:20:44',NULL,NULL,'ddd1-003',NULL,NULL,NULL,NULL,NULL,NULL,NULL,NULL,NULL,NULL,NULL,NULL,NULL,NULL,NULL,NULL,NULL,NULL,NULL,NULL,NULL,NULL,NULL,NULL,NULL,NULL,NULL,NULL,NULL,NULL,NULL,NULL,NULL,NULL,NULL,NULL,NULL,NULL,NULL,NULL),('346803f4d069426abeb4dea433b913b6','0aac84562a73406bb126a8233b151d0f','001',NULL,NULL,4,NULL,'否',NULL,NULL,'超级管理员','2023-05-24 18:20:56',NULL,NULL,'3399-A-ERI-001-001',NULL,NULL,NULL,NULL,NULL,NULL,NULL,NULL,NULL,NULL,NULL,NULL,NULL,NULL,NULL,NULL,NULL,NULL,NULL,NULL,NULL,NULL,NULL,NULL,NULL,NULL,NULL,NULL,NULL,NULL,NULL,NULL,NULL,NULL,NULL,NULL,NULL,NULL,NULL,NULL),('34cd3972e758448e909b168a643b8774','0438b070b57445caa0e29c257d6849b0','001',1,1,1,1,'是',NULL,NULL,'超级管理员','2023-05-24 18:19:09',NULL,NULL,'6969-S-IM-006-001',NULL,NULL,NULL,NULL,NULL,NULL,NULL,NULL,NULL,NULL,NULL,NULL,NULL,NULL,NULL,NULL,NULL,NULL,NULL,NULL,NULL,NULL,NULL,NULL,NULL,NULL,NULL,NULL,NULL,NULL,NULL,NULL,NULL,NULL,NULL,NULL,NULL,NULL,NULL,NULL),('34fee8c5e08c42f0ac836cf185614ff2','665b759a7dd748b7a06bbe284feb581d','002',NULL,NULL,13,NULL,'否',NULL,NULL,'超级管理员','2023-05-18 14:58:34',NULL,NULL,'bjq1-0001-0001-002',NULL,NULL,NULL,NULL,NULL,NULL,NULL,NULL,NULL,NULL,NULL,NULL,NULL,NULL,NULL,NULL,NULL,NULL,NULL,NULL,NULL,NULL,NULL,NULL,NULL,NULL,NULL,NULL,NULL,NULL,NULL,NULL,NULL,NULL,NULL,NULL,NULL,NULL,NULL,NULL),('352fd12f10ce4cd1830db47c2049a2e3','665b759a7dd748b7a06bbe284feb581d','004',NULL,NULL,37,NULL,'否',NULL,NULL,'超级管理员','2023-05-18 14:58:38',NULL,NULL,'bjq1-0001-0001-004',NULL,NULL,NULL,NULL,NULL,NULL,NULL,NULL,NULL,NULL,NULL,NULL,NULL,NULL,NULL,NULL,NULL,NULL,NULL,NULL,NULL,NULL,NULL,NULL,NULL,NULL,NULL,NULL,NULL,NULL,NULL,NULL,NULL,NULL,NULL,NULL,NULL,NULL,NULL,NULL),('355b961762ee46aaa6664ffa92876977','a3dd5eae9b76485ca2e5e1b0f06727f6','002',3,4,3,2,'是',NULL,NULL,'超级管理员','2023-05-11 16:17:25',NULL,NULL,'百里守约-127347465833742-002',NULL,NULL,NULL,NULL,NULL,NULL,NULL,NULL,NULL,NULL,NULL,NULL,NULL,NULL,NULL,NULL,NULL,NULL,NULL,NULL,NULL,NULL,NULL,NULL,NULL,NULL,NULL,NULL,NULL,NULL,NULL,NULL,NULL,NULL,NULL,NULL,NULL,NULL,NULL,NULL),('358565cd75574ac68b2a2190dd09a0a5','60af28c31d8e4b3484aba484a60c251c','002',6,10,6,5,'是',NULL,NULL,'超级管理员','2023-05-18 14:20:43',NULL,NULL,'ddd1-002',NULL,NULL,NULL,NULL,NULL,NULL,NULL,NULL,NULL,NULL,NULL,NULL,NULL,NULL,NULL,NULL,NULL,NULL,NULL,NULL,NULL,NULL,NULL,NULL,NULL,NULL,NULL,NULL,NULL,NULL,NULL,NULL,NULL,NULL,NULL,NULL,NULL,NULL,NULL,NULL),('364c1b9bd40242a1ac2a441fbf7ac234','dd032ec1716c4277b24ebacf8f64c0be','002',NULL,NULL,4,NULL,'否',NULL,NULL,'超级管理员','2023-05-15 17:16:52',NULL,NULL,'1-002',NULL,NULL,NULL,NULL,NULL,NULL,NULL,NULL,NULL,NULL,NULL,NULL,NULL,NULL,NULL,NULL,NULL,NULL,NULL,NULL,NULL,NULL,NULL,NULL,NULL,NULL,NULL,NULL,NULL,NULL,NULL,NULL,NULL,NULL,NULL,NULL,NULL,NULL,NULL,NULL),('37a892a03a504266a190caff63754775','dba2225836754503a34c8c76cbb92e4f','001',1,1,1,1,'是',NULL,NULL,'超级管理员','2023-05-24 18:20:30',NULL,NULL,'3399-A-ERI-004-001',NULL,NULL,NULL,NULL,NULL,NULL,NULL,NULL,NULL,NULL,NULL,NULL,NULL,NULL,NULL,NULL,NULL,NULL,NULL,NULL,NULL,NULL,NULL,NULL,NULL,NULL,NULL,NULL,NULL,NULL,NULL,NULL,NULL,NULL,NULL,NULL,NULL,NULL,NULL,NULL),('38b9772d7cd840fca194959854045612','21042a9733f14141941c9219d8826979','003',NULL,NULL,15,NULL,'否',NULL,NULL,'超级管理员','2023-05-18 16:52:35',NULL,NULL,'tjq1-0001-001-003',NULL,NULL,NULL,NULL,NULL,NULL,NULL,NULL,NULL,NULL,NULL,NULL,NULL,NULL,NULL,NULL,NULL,NULL,NULL,NULL,NULL,NULL,NULL,NULL,NULL,NULL,NULL,NULL,NULL,NULL,NULL,NULL,NULL,NULL,NULL,NULL,NULL,NULL,NULL,NULL),('39338cf657a049eeacc8a6bd2e52955d','1df963525881409aae9e8f8c7d6794ea','004',NULL,NULL,15,NULL,'否',NULL,NULL,'超级管理员','2023-05-23 15:22:51',NULL,NULL,'tjq2-0001-001-004',NULL,NULL,NULL,NULL,NULL,NULL,NULL,NULL,NULL,NULL,NULL,NULL,NULL,NULL,NULL,NULL,NULL,NULL,NULL,NULL,NULL,NULL,NULL,NULL,NULL,NULL,NULL,NULL,NULL,NULL,NULL,NULL,NULL,NULL,NULL,NULL,NULL,NULL,NULL,NULL),('3944cdfe3d364eb9b5f13535c72c0d84','0f5d2d4f9e854141a9b493c34964de33','002',3,5,3,3,'是','D:\\myprojects-szhjgxt\\image\\2.jpg',NULL,'超级管理员','2023-05-24 18:07:05',NULL,NULL,'B-2666666999999-002','小雪','男','维吾尔族','2001','其他','123456789','2009','2016',NULL,NULL,NULL,NULL,NULL,NULL,NULL,NULL,NULL,NULL,NULL,NULL,NULL,NULL,NULL,NULL,NULL,NULL,NULL,NULL,NULL,NULL,NULL,NULL,NULL,NULL,NULL,NULL,NULL,NULL,NULL,NULL),('3b3fcf94b6774aa4b600867194dab2f7','665b759a7dd748b7a06bbe284feb581d','007',NULL,NULL,61,NULL,'否',NULL,NULL,'超级管理员','2023-05-18 14:58:56',NULL,NULL,'bjq1-0001-0001-007',NULL,NULL,NULL,NULL,NULL,NULL,NULL,NULL,NULL,NULL,NULL,NULL,NULL,NULL,NULL,NULL,NULL,NULL,NULL,NULL,NULL,NULL,NULL,NULL,NULL,NULL,NULL,NULL,NULL,NULL,NULL,NULL,NULL,NULL,NULL,NULL,NULL,NULL,NULL,NULL),('3bdc3a81b4c6435fbc056bf99a856514','cb62fc8d07414a8f9516c481a3b1b819','002',2,2,2,1,'是',NULL,NULL,'超级管理员','2023-05-24 18:06:51',NULL,NULL,'A-1666666999999-002',NULL,NULL,NULL,NULL,NULL,NULL,NULL,NULL,NULL,NULL,NULL,NULL,NULL,NULL,NULL,NULL,NULL,NULL,NULL,NULL,NULL,NULL,NULL,NULL,NULL,NULL,NULL,NULL,NULL,NULL,NULL,NULL,NULL,NULL,NULL,NULL,NULL,NULL,NULL,NULL),('3dc629d367024d879aacc839cc53251a','70da93c3fd6747478e4820efc12d8fa5','001',NULL,NULL,2,NULL,'否',NULL,NULL,'超级管理员','2023-05-24 18:20:15',NULL,NULL,'6969-S-IM-001-001',NULL,NULL,NULL,NULL,NULL,NULL,NULL,NULL,NULL,NULL,NULL,NULL,NULL,NULL,NULL,NULL,NULL,NULL,NULL,NULL,NULL,NULL,NULL,NULL,NULL,NULL,NULL,NULL,NULL,NULL,NULL,NULL,NULL,NULL,NULL,NULL,NULL,NULL,NULL,NULL),('3ddf099f00cc460c8abe81fb66704e62','5a631bda1ade4a7a9c18fab427108474','001',1,5,1,5,'是',NULL,NULL,'超级管理员','2023-05-24 18:07:16',NULL,NULL,'C-2666666999999-001',NULL,NULL,NULL,NULL,NULL,NULL,NULL,NULL,NULL,NULL,NULL,NULL,NULL,NULL,NULL,NULL,NULL,NULL,NULL,NULL,NULL,NULL,NULL,NULL,NULL,NULL,NULL,NULL,NULL,NULL,NULL,NULL,NULL,NULL,NULL,NULL,NULL,NULL,NULL,NULL),('3de11967b32347caa785cde1849bd915','79191b7fb4e64c3d90515b723ec02bf3','001',1,2,1,2,'是',NULL,NULL,'超级管理员','2023-05-12 11:40:16',NULL,NULL,'2332-S-IU-002-001',NULL,NULL,NULL,NULL,NULL,NULL,NULL,NULL,NULL,NULL,NULL,NULL,NULL,NULL,NULL,NULL,NULL,NULL,NULL,NULL,NULL,NULL,NULL,NULL,NULL,NULL,NULL,NULL,NULL,NULL,NULL,NULL,NULL,NULL,NULL,NULL,NULL,NULL,NULL,NULL),('3fef978e34794257b585ed1704b000d1','1df963525881409aae9e8f8c7d6794ea','005',NULL,NULL,21,NULL,'否',NULL,NULL,'超级管理员','2023-05-23 15:23:06',NULL,NULL,'tjq2-0001-001-005',NULL,NULL,NULL,NULL,NULL,NULL,NULL,NULL,NULL,NULL,NULL,NULL,NULL,NULL,NULL,NULL,NULL,NULL,NULL,NULL,NULL,NULL,NULL,NULL,NULL,NULL,NULL,NULL,NULL,NULL,NULL,NULL,NULL,NULL,NULL,NULL,NULL,NULL,NULL,NULL),('3ff7a81df2a740e1be85686dbc2825ff','665b759a7dd748b7a06bbe284feb581d','005',NULL,NULL,46,NULL,'否',NULL,NULL,'超级管理员','2023-05-18 14:58:43',NULL,NULL,'bjq1-0001-0001-005',NULL,NULL,NULL,NULL,NULL,NULL,NULL,NULL,NULL,NULL,NULL,NULL,NULL,NULL,NULL,NULL,NULL,NULL,NULL,NULL,NULL,NULL,NULL,NULL,NULL,NULL,NULL,NULL,NULL,NULL,NULL,NULL,NULL,NULL,NULL,NULL,NULL,NULL,NULL,NULL),('40c74ac69c8c4bf08d571d7e0d6c755e','0aac84562a73406bb126a8233b151d0f','001',NULL,NULL,2,NULL,'否',NULL,NULL,'超级管理员','2023-05-24 18:20:56',NULL,NULL,'3399-A-ERI-001-001',NULL,NULL,NULL,NULL,NULL,NULL,NULL,NULL,NULL,NULL,NULL,NULL,NULL,NULL,NULL,NULL,NULL,NULL,NULL,NULL,NULL,NULL,NULL,NULL,NULL,NULL,NULL,NULL,NULL,NULL,NULL,NULL,NULL,NULL,NULL,NULL,NULL,NULL,NULL,NULL),('416e1475ec1543568eea283165cb1738','f39db1fa389d44c19cf4fa5d66565b99','001',NULL,NULL,2,NULL,'否',NULL,NULL,'超级管理员','2023-05-18 15:29:56',NULL,NULL,'2332-S-IU-004-001',NULL,NULL,NULL,NULL,NULL,NULL,NULL,NULL,NULL,NULL,NULL,NULL,NULL,NULL,NULL,NULL,NULL,NULL,NULL,NULL,NULL,NULL,NULL,NULL,NULL,NULL,NULL,NULL,NULL,NULL,NULL,NULL,NULL,NULL,NULL,NULL,NULL,NULL,NULL,NULL),('41ab71eac8294816ab60ddd15298738a','1df963525881409aae9e8f8c7d6794ea','003',NULL,NULL,9,NULL,'否',NULL,NULL,'超级管理员','2023-05-23 15:22:00',NULL,NULL,'tjq2-0001-001-003',NULL,NULL,NULL,NULL,NULL,NULL,NULL,NULL,NULL,NULL,NULL,NULL,NULL,NULL,NULL,NULL,NULL,NULL,NULL,NULL,NULL,NULL,NULL,NULL,NULL,NULL,NULL,NULL,NULL,NULL,NULL,NULL,NULL,NULL,NULL,NULL,NULL,NULL,NULL,NULL),('44b88a5e2b704aa781709e3e3ac67dcb','5e4ab1b52da64f44a841504c2a081e87','005',14,15,14,2,'是',NULL,NULL,'超级管理员','2023-05-23 14:19:46',NULL,NULL,'zbq3-0001-003-005',NULL,NULL,NULL,NULL,NULL,NULL,NULL,NULL,NULL,NULL,NULL,NULL,NULL,NULL,NULL,NULL,NULL,NULL,NULL,NULL,NULL,NULL,NULL,NULL,NULL,NULL,NULL,NULL,NULL,NULL,NULL,NULL,NULL,NULL,NULL,NULL,NULL,NULL,NULL,NULL),('45ca9b65ecf2498f8d9426db0beb7fec','358b396ebbc140179308e8126bc7084c','001',NULL,NULL,3,NULL,'否',NULL,NULL,'超级管理员','2023-05-18 14:57:36',NULL,NULL,'0089-A-2000-001-001',NULL,NULL,NULL,NULL,NULL,NULL,NULL,NULL,NULL,NULL,NULL,NULL,NULL,NULL,NULL,NULL,NULL,NULL,NULL,NULL,NULL,NULL,NULL,NULL,NULL,NULL,NULL,NULL,NULL,NULL,NULL,NULL,NULL,NULL,NULL,NULL,NULL,NULL,NULL,NULL),('4617d522fa0144da8c7f421d08c616a8','1df963525881409aae9e8f8c7d6794ea','005',18,23,18,6,'是',NULL,NULL,'超级管理员','2023-05-23 15:23:06',NULL,NULL,'tjq2-0001-001-005',NULL,NULL,NULL,NULL,NULL,NULL,NULL,NULL,NULL,NULL,NULL,NULL,NULL,NULL,NULL,NULL,NULL,NULL,NULL,NULL,NULL,NULL,NULL,NULL,NULL,NULL,NULL,NULL,NULL,NULL,NULL,NULL,NULL,NULL,NULL,NULL,NULL,NULL,NULL,NULL),('473afc2119574e53b2a846269c1ed737','e21039bc1ec84cfe85b13e9edf046198','001',1,1,1,1,'是',NULL,NULL,'超级管理员','2023-05-24 18:07:23',NULL,NULL,'D-4666666999999-001',NULL,NULL,NULL,NULL,NULL,NULL,NULL,NULL,NULL,NULL,NULL,NULL,NULL,NULL,NULL,NULL,NULL,NULL,NULL,NULL,NULL,NULL,NULL,NULL,NULL,NULL,NULL,NULL,NULL,NULL,NULL,NULL,NULL,NULL,NULL,NULL,NULL,NULL,NULL,NULL),('4773239594e344fd9f6e7dc61db3c566','b20b3bc09540409eac757f325f8610c6','003',NULL,NULL,6,NULL,'否','D:\\myprojects-szhjgxt\\image\\3.jpg',NULL,'超级管理员','2023-05-15 15:34:50',NULL,NULL,'0088-A-2003-001-003',NULL,NULL,NULL,NULL,NULL,NULL,NULL,NULL,NULL,NULL,NULL,NULL,NULL,NULL,NULL,NULL,NULL,NULL,NULL,NULL,NULL,NULL,NULL,NULL,NULL,NULL,NULL,NULL,NULL,NULL,NULL,NULL,NULL,NULL,NULL,NULL,NULL,NULL,NULL,NULL),('4792488a104e4acb95569edab01a554a','1df963525881409aae9e8f8c7d6794ea','004',13,17,13,5,'是',NULL,NULL,'超级管理员','2023-05-23 15:22:51',NULL,NULL,'tjq2-0001-001-004',NULL,NULL,NULL,NULL,NULL,NULL,NULL,NULL,NULL,NULL,NULL,NULL,NULL,NULL,NULL,NULL,NULL,NULL,NULL,NULL,NULL,NULL,NULL,NULL,NULL,NULL,NULL,NULL,NULL,NULL,NULL,NULL,NULL,NULL,NULL,NULL,NULL,NULL,NULL,NULL),('47944b4db50e4695be286c71a0f39f2c','1df963525881409aae9e8f8c7d6794ea','005',NULL,NULL,23,NULL,'否',NULL,NULL,'超级管理员','2023-05-23 15:23:06',NULL,NULL,'tjq2-0001-001-005',NULL,NULL,NULL,NULL,NULL,NULL,NULL,NULL,NULL,NULL,NULL,NULL,NULL,NULL,NULL,NULL,NULL,NULL,NULL,NULL,NULL,NULL,NULL,NULL,NULL,NULL,NULL,NULL,NULL,NULL,NULL,NULL,NULL,NULL,NULL,NULL,NULL,NULL,NULL,NULL),('498b25521ec44411b0454b81ef983f99','0a3080324d63419497fe0f2b8446c6f9','003',NULL,NULL,10,NULL,'否',NULL,NULL,'超级管理员','2023-05-10 18:23:01',NULL,NULL,'9886-A-MAU-002-003',NULL,NULL,NULL,NULL,NULL,NULL,NULL,NULL,NULL,NULL,NULL,NULL,NULL,NULL,NULL,NULL,NULL,NULL,NULL,NULL,NULL,NULL,NULL,NULL,NULL,NULL,NULL,NULL,NULL,NULL,NULL,NULL,NULL,NULL,NULL,NULL,NULL,NULL,NULL,NULL),('4b2caa5ed6d242688d7a2951335a64d0','e21039bc1ec84cfe85b13e9edf046198','002',2,2,2,1,'是',NULL,NULL,'超级管理员','2023-05-24 18:07:24',NULL,NULL,'D-4666666999999-002',NULL,NULL,NULL,NULL,NULL,NULL,NULL,NULL,NULL,NULL,NULL,NULL,NULL,NULL,NULL,NULL,NULL,NULL,NULL,NULL,NULL,NULL,NULL,NULL,NULL,NULL,NULL,NULL,NULL,NULL,NULL,NULL,NULL,NULL,NULL,NULL,NULL,NULL,NULL,NULL),('4b6a217cab9c411cab19eeafae55d7ab','665b759a7dd748b7a06bbe284feb581d','006',NULL,NULL,54,NULL,'否',NULL,NULL,'超级管理员','2023-05-18 14:58:53',NULL,NULL,'bjq1-0001-0001-006',NULL,NULL,NULL,NULL,NULL,NULL,NULL,NULL,NULL,NULL,NULL,NULL,NULL,NULL,NULL,NULL,NULL,NULL,NULL,NULL,NULL,NULL,NULL,NULL,NULL,NULL,NULL,NULL,NULL,NULL,NULL,NULL,NULL,NULL,NULL,NULL,NULL,NULL,NULL,NULL),('504d85f8e68a4df4ba07d9822a753e69','60af28c31d8e4b3484aba484a60c251c','001',NULL,NULL,5,NULL,'否',NULL,NULL,'超级管理员','2023-05-18 14:20:40',NULL,NULL,'ddd1-001',NULL,NULL,NULL,NULL,NULL,NULL,NULL,NULL,NULL,NULL,NULL,NULL,NULL,NULL,NULL,NULL,NULL,NULL,NULL,NULL,NULL,NULL,NULL,NULL,NULL,NULL,NULL,NULL,NULL,NULL,NULL,NULL,NULL,NULL,NULL,NULL,NULL,NULL,NULL,NULL),('507a007ed42040618cc94bf34d499461','0aac84562a73406bb126a8233b151d0f','001',NULL,NULL,5,NULL,'否',NULL,NULL,'超级管理员','2023-05-24 18:20:56',NULL,NULL,'3399-A-ERI-001-001',NULL,NULL,NULL,NULL,NULL,NULL,NULL,NULL,NULL,NULL,NULL,NULL,NULL,NULL,NULL,NULL,NULL,NULL,NULL,NULL,NULL,NULL,NULL,NULL,NULL,NULL,NULL,NULL,NULL,NULL,NULL,NULL,NULL,NULL,NULL,NULL,NULL,NULL,NULL,NULL),('50a40758aaf44938a1cf6bc094d1b41d','665b759a7dd748b7a06bbe284feb581d','001',NULL,NULL,2,NULL,'否',NULL,NULL,'超级管理员','2023-05-18 14:58:33',NULL,NULL,'bjq1-0001-0001-001',NULL,NULL,NULL,NULL,NULL,NULL,NULL,NULL,NULL,NULL,NULL,NULL,NULL,NULL,NULL,NULL,NULL,NULL,NULL,NULL,NULL,NULL,NULL,NULL,NULL,NULL,NULL,NULL,NULL,NULL,NULL,NULL,NULL,NULL,NULL,NULL,NULL,NULL,NULL,NULL),('5154a156a38f4e649405106b57303535','70da93c3fd6747478e4820efc12d8fa5','001',1,2,1,2,'是',NULL,NULL,'超级管理员','2023-05-24 18:20:15',NULL,NULL,'6969-S-IM-001-001',NULL,NULL,NULL,NULL,NULL,NULL,NULL,NULL,NULL,NULL,NULL,NULL,NULL,NULL,NULL,NULL,NULL,NULL,NULL,NULL,NULL,NULL,NULL,NULL,NULL,NULL,NULL,NULL,NULL,NULL,NULL,NULL,NULL,NULL,NULL,NULL,NULL,NULL,NULL,NULL),('529c594f7b8a4d2b8ff232d1db0de378','665b759a7dd748b7a06bbe284feb581d','001',NULL,NULL,9,NULL,'否',NULL,NULL,'超级管理员','2023-05-18 14:58:33',NULL,NULL,'bjq1-0001-0001-001',NULL,NULL,NULL,NULL,NULL,NULL,NULL,NULL,NULL,NULL,NULL,NULL,NULL,NULL,NULL,NULL,NULL,NULL,NULL,NULL,NULL,NULL,NULL,NULL,NULL,NULL,NULL,NULL,NULL,NULL,NULL,NULL,NULL,NULL,NULL,NULL,NULL,NULL,NULL,NULL),('53c68fbb587248e89e71455b8e38ceb3','70da93c3fd6747478e4820efc12d8fa5','003',NULL,NULL,8,NULL,'否',NULL,NULL,'超级管理员','2023-05-24 18:20:23',NULL,NULL,'6969-S-IM-001-003',NULL,NULL,NULL,NULL,NULL,NULL,NULL,NULL,NULL,NULL,NULL,NULL,NULL,NULL,NULL,NULL,NULL,NULL,NULL,NULL,NULL,NULL,NULL,NULL,NULL,NULL,NULL,NULL,NULL,NULL,NULL,NULL,NULL,NULL,NULL,NULL,NULL,NULL,NULL,NULL),('548fa4eb6382409eb1d0a6c5ec6f2f2e','5e4ab1b52da64f44a841504c2a081e87','001',NULL,NULL,3,NULL,'否',NULL,NULL,'超级管理员','2023-05-19 12:02:42',NULL,NULL,'zbq3-0001-003-001',NULL,NULL,NULL,NULL,NULL,NULL,NULL,NULL,NULL,NULL,NULL,NULL,NULL,NULL,NULL,NULL,NULL,NULL,NULL,NULL,NULL,NULL,NULL,NULL,NULL,NULL,NULL,NULL,NULL,NULL,NULL,NULL,NULL,NULL,NULL,NULL,NULL,NULL,NULL,NULL),('555208133be043638f010cc93833673b','665b759a7dd748b7a06bbe284feb581d','003',NULL,NULL,25,NULL,'否',NULL,NULL,'超级管理员','2023-05-18 14:58:37',NULL,NULL,'bjq1-0001-0001-003',NULL,NULL,NULL,NULL,NULL,NULL,NULL,NULL,NULL,NULL,NULL,NULL,NULL,NULL,NULL,NULL,NULL,NULL,NULL,NULL,NULL,NULL,NULL,NULL,NULL,NULL,NULL,NULL,NULL,NULL,NULL,NULL,NULL,NULL,NULL,NULL,NULL,NULL,NULL,NULL),('57689b3941e7482c95565e9cd4136839','21042a9733f14141941c9219d8826979','002',6,10,6,5,'是',NULL,NULL,'超级管理员','2023-05-18 16:52:31',NULL,NULL,'tjq1-0001-001-002',NULL,NULL,NULL,NULL,NULL,NULL,NULL,NULL,NULL,NULL,NULL,NULL,NULL,NULL,NULL,NULL,NULL,NULL,NULL,NULL,NULL,NULL,NULL,NULL,NULL,NULL,NULL,NULL,NULL,NULL,NULL,NULL,NULL,NULL,NULL,NULL,NULL,NULL,NULL,NULL),('5c0d3c5aed214a7cb636d02c60d3f7bb','665b759a7dd748b7a06bbe284feb581d','003',NULL,NULL,28,NULL,'否',NULL,NULL,'超级管理员','2023-05-18 14:58:37',NULL,NULL,'bjq1-0001-0001-003',NULL,NULL,NULL,NULL,NULL,NULL,NULL,NULL,NULL,NULL,NULL,NULL,NULL,NULL,NULL,NULL,NULL,NULL,NULL,NULL,NULL,NULL,NULL,NULL,NULL,NULL,NULL,NULL,NULL,NULL,NULL,NULL,NULL,NULL,NULL,NULL,NULL,NULL,NULL,NULL),('5c8ac598d55348099702435b3900051c','1df963525881409aae9e8f8c7d6794ea','003',8,12,8,5,'是',NULL,NULL,'超级管理员','2023-05-23 15:22:00',NULL,NULL,'tjq2-0001-001-003',NULL,NULL,NULL,NULL,NULL,NULL,NULL,NULL,NULL,NULL,NULL,NULL,NULL,NULL,NULL,NULL,NULL,NULL,NULL,NULL,NULL,NULL,NULL,NULL,NULL,NULL,NULL,NULL,NULL,NULL,NULL,NULL,NULL,NULL,NULL,NULL,NULL,NULL,NULL,NULL),('5dda2982b48943d5945619e1720dd05c','5e4ab1b52da64f44a841504c2a081e87','004',NULL,NULL,13,NULL,'否',NULL,NULL,'超级管理员','2023-05-23 14:08:38',NULL,NULL,'zbq3-0001-003-004',NULL,NULL,NULL,NULL,NULL,NULL,NULL,NULL,NULL,NULL,NULL,NULL,NULL,NULL,NULL,NULL,NULL,NULL,NULL,NULL,NULL,NULL,NULL,NULL,NULL,NULL,NULL,NULL,NULL,NULL,NULL,NULL,NULL,NULL,NULL,NULL,NULL,NULL,NULL,NULL),('5fa9e060f3bc479db7ef43389536a91a','21042a9733f14141941c9219d8826979','002',NULL,NULL,9,NULL,'否',NULL,NULL,'超级管理员','2023-05-18 16:52:31',NULL,NULL,'tjq1-0001-001-002',NULL,NULL,NULL,NULL,NULL,NULL,NULL,NULL,NULL,NULL,NULL,NULL,NULL,NULL,NULL,NULL,NULL,NULL,NULL,NULL,NULL,NULL,NULL,NULL,NULL,NULL,NULL,NULL,NULL,NULL,NULL,NULL,NULL,NULL,NULL,NULL,NULL,NULL,NULL,NULL),('630ab6e9bde641bd9c2c9c8ce9140ffe','0a3080324d63419497fe0f2b8446c6f9','002',NULL,NULL,5,NULL,'否',NULL,NULL,'超级管理员','2023-05-10 18:22:58',NULL,NULL,'9886-A-MAU-002-002',NULL,NULL,NULL,NULL,NULL,NULL,NULL,NULL,NULL,NULL,NULL,NULL,NULL,NULL,NULL,NULL,NULL,NULL,NULL,NULL,NULL,NULL,NULL,NULL,NULL,NULL,NULL,NULL,NULL,NULL,NULL,NULL,NULL,NULL,NULL,NULL,NULL,NULL,NULL,NULL),('66c6bb293dd54805989c45f595d28ae7','665b759a7dd748b7a06bbe284feb581d','002',NULL,NULL,18,NULL,'否',NULL,NULL,'超级管理员','2023-05-18 14:58:34',NULL,NULL,'bjq1-0001-0001-002',NULL,NULL,NULL,NULL,NULL,NULL,NULL,NULL,NULL,NULL,NULL,NULL,NULL,NULL,NULL,NULL,NULL,NULL,NULL,NULL,NULL,NULL,NULL,NULL,NULL,NULL,NULL,NULL,NULL,NULL,NULL,NULL,NULL,NULL,NULL,NULL,NULL,NULL,NULL,NULL),('67b4b13fdaa94901a737042a033164f9','4390136f85394ed289182639db33460b','002',3,6,3,4,'是','D:\\myprojects-szhjgxt\\image\\view111.jpg',NULL,'超级管理员','2023-05-18 15:45:55',NULL,NULL,'zbq2-0001-002-002',NULL,NULL,NULL,NULL,NULL,NULL,NULL,NULL,NULL,NULL,NULL,NULL,NULL,NULL,NULL,NULL,NULL,NULL,NULL,NULL,NULL,NULL,NULL,NULL,NULL,NULL,NULL,NULL,NULL,NULL,NULL,NULL,NULL,NULL,NULL,NULL,NULL,NULL,NULL,NULL),('6811e9c16153467e8315011b40699302','0f5d2d4f9e854141a9b493c34964de33','002',NULL,NULL,5,NULL,'否','D:\\myprojects-szhjgxt\\image\\837-3.jpg',NULL,'超级管理员','2023-05-24 18:07:05',NULL,NULL,'B-2666666999999-002',NULL,NULL,NULL,NULL,NULL,NULL,NULL,NULL,NULL,NULL,NULL,NULL,NULL,NULL,NULL,NULL,NULL,NULL,NULL,NULL,NULL,NULL,NULL,NULL,NULL,NULL,NULL,NULL,NULL,NULL,NULL,NULL,NULL,NULL,NULL,NULL,NULL,NULL,NULL,NULL),('68c87b0d6a784327918ebe8e9f431f71','5e4ab1b52da64f44a841504c2a081e87','004',NULL,NULL,12,NULL,'否',NULL,NULL,'超级管理员','2023-05-23 14:08:38',NULL,NULL,'zbq3-0001-003-004',NULL,NULL,NULL,NULL,NULL,NULL,NULL,NULL,NULL,NULL,NULL,NULL,NULL,NULL,NULL,NULL,NULL,NULL,NULL,NULL,NULL,NULL,NULL,NULL,NULL,NULL,NULL,NULL,NULL,NULL,NULL,NULL,NULL,NULL,NULL,NULL,NULL,NULL,NULL,NULL),('690b108d032346379da28b04d116fb17','3b793883e6904d359246ece14c0f3681','002',2,2,2,1,'是',NULL,NULL,'超级管理员','2023-05-12 11:40:44',NULL,NULL,'扁鹊-10101010101-002',NULL,NULL,NULL,NULL,NULL,NULL,NULL,NULL,NULL,NULL,NULL,NULL,NULL,NULL,NULL,NULL,NULL,NULL,NULL,NULL,NULL,NULL,NULL,NULL,NULL,NULL,NULL,NULL,NULL,NULL,NULL,NULL,NULL,NULL,NULL,NULL,NULL,NULL,NULL,NULL),('6a6c8a89c72f4312b29d099919199688','665b759a7dd748b7a06bbe284feb581d','001',NULL,NULL,5,NULL,'否',NULL,NULL,'超级管理员','2023-05-18 14:58:33',NULL,NULL,'bjq1-0001-0001-001',NULL,NULL,NULL,NULL,NULL,NULL,NULL,NULL,NULL,NULL,NULL,NULL,NULL,NULL,NULL,NULL,NULL,NULL,NULL,NULL,NULL,NULL,NULL,NULL,NULL,NULL,NULL,NULL,NULL,NULL,NULL,NULL,NULL,NULL,NULL,NULL,NULL,NULL,NULL,NULL),('6a8b2588049f43d4811bb645d84896da','358b396ebbc140179308e8126bc7084c','001',NULL,NULL,4,NULL,'否',NULL,NULL,'超级管理员','2023-05-18 14:57:36',NULL,NULL,'0089-A-2000-001-001',NULL,NULL,NULL,NULL,NULL,NULL,NULL,NULL,NULL,NULL,NULL,NULL,NULL,NULL,NULL,NULL,NULL,NULL,NULL,NULL,NULL,NULL,NULL,NULL,NULL,NULL,NULL,NULL,NULL,NULL,NULL,NULL,NULL,NULL,NULL,NULL,NULL,NULL,NULL,NULL),('6bbbf11f24e742acb1cfa4170d79db83','665b759a7dd748b7a06bbe284feb581d','002',NULL,NULL,12,NULL,'否',NULL,NULL,'超级管理员','2023-05-18 14:58:34',NULL,NULL,'bjq1-0001-0001-002',NULL,NULL,NULL,NULL,NULL,NULL,NULL,NULL,NULL,NULL,NULL,NULL,NULL,NULL,NULL,NULL,NULL,NULL,NULL,NULL,NULL,NULL,NULL,NULL,NULL,NULL,NULL,NULL,NULL,NULL,NULL,NULL,NULL,NULL,NULL,NULL,NULL,NULL,NULL,NULL),('6dcbee0c72434ec7aca75bbab6729cde','665b759a7dd748b7a06bbe284feb581d','001',NULL,NULL,8,NULL,'否',NULL,NULL,'超级管理员','2023-05-18 14:58:33',NULL,NULL,'bjq1-0001-0001-001',NULL,NULL,NULL,NULL,NULL,NULL,NULL,NULL,NULL,NULL,NULL,NULL,NULL,NULL,NULL,NULL,NULL,NULL,NULL,NULL,NULL,NULL,NULL,NULL,NULL,NULL,NULL,NULL,NULL,NULL,NULL,NULL,NULL,NULL,NULL,NULL,NULL,NULL,NULL,NULL),('6e7c39763a7d4d05805ba3d44fe5d99d','665b759a7dd748b7a06bbe284feb581d','001',NULL,NULL,10,NULL,'否',NULL,NULL,'超级管理员','2023-05-18 14:58:33',NULL,NULL,'bjq1-0001-0001-001',NULL,NULL,NULL,NULL,NULL,NULL,NULL,NULL,NULL,NULL,NULL,NULL,NULL,NULL,NULL,NULL,NULL,NULL,NULL,NULL,NULL,NULL,NULL,NULL,NULL,NULL,NULL,NULL,NULL,NULL,NULL,NULL,NULL,NULL,NULL,NULL,NULL,NULL,NULL,NULL),('6f8532e01f00409f97deff4424bc7bdb','665b759a7dd748b7a06bbe284feb581d','007',NULL,NULL,59,NULL,'否',NULL,NULL,'超级管理员','2023-05-18 14:58:56',NULL,NULL,'bjq1-0001-0001-007',NULL,NULL,NULL,NULL,NULL,NULL,NULL,NULL,NULL,NULL,NULL,NULL,NULL,NULL,NULL,NULL,NULL,NULL,NULL,NULL,NULL,NULL,NULL,NULL,NULL,NULL,NULL,NULL,NULL,NULL,NULL,NULL,NULL,NULL,NULL,NULL,NULL,NULL,NULL,NULL),('7049d9e51de64138ba462f501ca7265b','d2d1650713e74705a786926d3ff2b4cd','001',1,1,1,1,'是',NULL,NULL,'超级管理员','2023-05-24 18:20:06',NULL,NULL,'6969-S-IM-002-001',NULL,NULL,NULL,NULL,NULL,NULL,NULL,NULL,NULL,NULL,NULL,NULL,NULL,NULL,NULL,NULL,NULL,NULL,NULL,NULL,NULL,NULL,NULL,NULL,NULL,NULL,NULL,NULL,NULL,NULL,NULL,NULL,NULL,NULL,NULL,NULL,NULL,NULL,NULL,NULL),('7123dd316527424aa8d0a3961e73f982','1df963525881409aae9e8f8c7d6794ea','002',NULL,NULL,6,NULL,'否',NULL,NULL,'超级管理员','2023-05-23 15:21:43',NULL,NULL,'tjq2-0001-001-002',NULL,NULL,NULL,NULL,NULL,NULL,NULL,NULL,NULL,NULL,NULL,NULL,NULL,NULL,NULL,NULL,NULL,NULL,NULL,NULL,NULL,NULL,NULL,NULL,NULL,NULL,NULL,NULL,NULL,NULL,NULL,NULL,NULL,NULL,NULL,NULL,NULL,NULL,NULL,NULL),('7137a4bf9664445cba612209db0ff8b9','1df963525881409aae9e8f8c7d6794ea','003',NULL,NULL,10,NULL,'否',NULL,NULL,'超级管理员','2023-05-23 15:22:00',NULL,NULL,'tjq2-0001-001-003',NULL,NULL,NULL,NULL,NULL,NULL,NULL,NULL,NULL,NULL,NULL,NULL,NULL,NULL,NULL,NULL,NULL,NULL,NULL,NULL,NULL,NULL,NULL,NULL,NULL,NULL,NULL,NULL,NULL,NULL,NULL,NULL,NULL,NULL,NULL,NULL,NULL,NULL,NULL,NULL),('716e66c86526447fae1320f2b26e73ed','b20b3bc09540409eac757f325f8610c6','001',NULL,NULL,2,NULL,'否','D:\\myprojects-szhjgxt\\image\\837-5.jpg',NULL,'超级管理员','2023-05-15 15:34:43',NULL,NULL,'0088-A-2003-001-001',NULL,NULL,NULL,NULL,NULL,NULL,NULL,NULL,NULL,NULL,NULL,NULL,NULL,NULL,NULL,NULL,NULL,NULL,NULL,NULL,NULL,NULL,NULL,NULL,NULL,NULL,NULL,NULL,NULL,NULL,NULL,NULL,NULL,NULL,NULL,NULL,NULL,NULL,NULL,NULL),('7260f7925b0941dc88189728f26c3b15','2ad8ef353b5f450aae1c1e77f1141f99','003',NULL,NULL,5,NULL,'否','D:\\myprojects-szhjgxt\\image\\837-2.jpg',NULL,'超级管理员','2023-05-12 11:40:27',NULL,NULL,'2332-S-IU-001-003',NULL,NULL,NULL,NULL,NULL,NULL,NULL,NULL,NULL,NULL,NULL,NULL,NULL,NULL,NULL,NULL,NULL,NULL,NULL,NULL,NULL,NULL,NULL,NULL,NULL,NULL,NULL,NULL,NULL,NULL,NULL,NULL,NULL,NULL,NULL,NULL,NULL,NULL,NULL,NULL),('729b40ac3e994a71a80fbd8fc65cb105','665b759a7dd748b7a06bbe284feb581d','001',NULL,NULL,6,NULL,'否',NULL,NULL,'超级管理员','2023-05-18 14:58:33',NULL,NULL,'bjq1-0001-0001-001',NULL,NULL,NULL,NULL,NULL,NULL,NULL,NULL,NULL,NULL,NULL,NULL,NULL,NULL,NULL,NULL,NULL,NULL,NULL,NULL,NULL,NULL,NULL,NULL,NULL,NULL,NULL,NULL,NULL,NULL,NULL,NULL,NULL,NULL,NULL,NULL,NULL,NULL,NULL,NULL),('7356beeec2b54bbb8df02364a1d8ca70','665b759a7dd748b7a06bbe284feb581d','003',NULL,NULL,30,NULL,'否',NULL,NULL,'超级管理员','2023-05-18 14:58:37',NULL,NULL,'bjq1-0001-0001-003',NULL,NULL,NULL,NULL,NULL,NULL,NULL,NULL,NULL,NULL,NULL,NULL,NULL,NULL,NULL,NULL,NULL,NULL,NULL,NULL,NULL,NULL,NULL,NULL,NULL,NULL,NULL,NULL,NULL,NULL,NULL,NULL,NULL,NULL,NULL,NULL,NULL,NULL,NULL,NULL),('742830d114774ac5b109720bb4dc1411','21042a9733f14141941c9219d8826979','004',16,18,16,3,'是',NULL,NULL,'超级管理员','2023-05-18 16:52:49',NULL,NULL,'tjq1-0001-001-004',NULL,NULL,NULL,NULL,NULL,NULL,NULL,NULL,NULL,NULL,NULL,NULL,NULL,NULL,NULL,NULL,NULL,NULL,NULL,NULL,NULL,NULL,NULL,NULL,NULL,NULL,NULL,NULL,NULL,NULL,NULL,NULL,NULL,NULL,NULL,NULL,NULL,NULL,NULL,NULL),('74dcd301236b4eda83f26c426ec1d5b6','0f5d2d4f9e854141a9b493c34964de33','001',1,2,1,2,'是','D:\\myprojects-szhjgxt\\image\\837-2.jpg',NULL,'超级管理员','2023-05-24 18:07:01',NULL,NULL,'B-2666666999999-001','小炎','女','维吾尔族','2000','其他','987654321','2013','2019',NULL,NULL,NULL,NULL,NULL,NULL,NULL,NULL,NULL,NULL,NULL,NULL,NULL,NULL,NULL,NULL,NULL,NULL,NULL,NULL,NULL,NULL,NULL,NULL,NULL,NULL,NULL,NULL,NULL,NULL,NULL,NULL),('761b0a74a2d94840b223e1376988c45a','b20b3bc09540409eac757f325f8610c6','002',NULL,NULL,4,NULL,'否',NULL,NULL,'超级管理员','2023-05-15 15:34:46',NULL,NULL,'0088-A-2003-001-002',NULL,NULL,NULL,NULL,NULL,NULL,NULL,NULL,NULL,NULL,NULL,NULL,NULL,NULL,NULL,NULL,NULL,NULL,NULL,NULL,NULL,NULL,NULL,NULL,NULL,NULL,NULL,NULL,NULL,NULL,NULL,NULL,NULL,NULL,NULL,NULL,NULL,NULL,NULL,NULL),('7698de86e3e547fd9607eb95ee9bd9f6','21042a9733f14141941c9219d8826979','001',NULL,NULL,3,NULL,'否',NULL,NULL,'超级管理员','2023-05-18 16:52:15',NULL,NULL,'tjq1-0001-001-001',NULL,NULL,NULL,NULL,NULL,NULL,NULL,NULL,NULL,NULL,NULL,NULL,NULL,NULL,NULL,NULL,NULL,NULL,NULL,NULL,NULL,NULL,NULL,NULL,NULL,NULL,NULL,NULL,NULL,NULL,NULL,NULL,NULL,NULL,NULL,NULL,NULL,NULL,NULL,NULL),('774a1f0a11bf41bfae207dabd8fb89a5','60af28c31d8e4b3484aba484a60c251c','003',NULL,NULL,15,NULL,'否',NULL,NULL,'超级管理员','2023-05-18 14:20:44',NULL,NULL,'ddd1-003',NULL,NULL,NULL,NULL,NULL,NULL,NULL,NULL,NULL,NULL,NULL,NULL,NULL,NULL,NULL,NULL,NULL,NULL,NULL,NULL,NULL,NULL,NULL,NULL,NULL,NULL,NULL,NULL,NULL,NULL,NULL,NULL,NULL,NULL,NULL,NULL,NULL,NULL,NULL,NULL),('77f1654387ff43c5af38c36f3f63820c','5e4ab1b52da64f44a841504c2a081e87','002',NULL,NULL,9,NULL,'否',NULL,NULL,'超级管理员','2023-05-19 12:03:19',NULL,NULL,'zbq3-0001-003-002',NULL,NULL,NULL,NULL,NULL,NULL,NULL,NULL,NULL,NULL,NULL,NULL,NULL,NULL,NULL,NULL,NULL,NULL,NULL,NULL,NULL,NULL,NULL,NULL,NULL,NULL,NULL,NULL,NULL,NULL,NULL,NULL,NULL,NULL,NULL,NULL,NULL,NULL,NULL,NULL),('7f13e5dd97b14a37962ed6dce9a3028d','665b759a7dd748b7a06bbe284feb581d','005',NULL,NULL,42,NULL,'否',NULL,NULL,'超级管理员','2023-05-18 14:58:43',NULL,NULL,'bjq1-0001-0001-005',NULL,NULL,NULL,NULL,NULL,NULL,NULL,NULL,NULL,NULL,NULL,NULL,NULL,NULL,NULL,NULL,NULL,NULL,NULL,NULL,NULL,NULL,NULL,NULL,NULL,NULL,NULL,NULL,NULL,NULL,NULL,NULL,NULL,NULL,NULL,NULL,NULL,NULL,NULL,NULL),('7f84de7c647044c9a0c22936628a22f4','665b759a7dd748b7a06bbe284feb581d','001',1,10,1,10,'是',NULL,NULL,'超级管理员','2023-05-18 14:58:33',NULL,NULL,'bjq1-0001-0001-001',NULL,NULL,NULL,NULL,NULL,NULL,NULL,NULL,NULL,NULL,NULL,NULL,NULL,NULL,NULL,NULL,NULL,NULL,NULL,NULL,NULL,NULL,NULL,NULL,NULL,NULL,NULL,NULL,NULL,NULL,NULL,NULL,NULL,NULL,NULL,NULL,NULL,NULL,NULL,NULL),('802915a631954720a3b00e83293c334a','a3dd5eae9b76485ca2e5e1b0f06727f6','001',NULL,NULL,2,NULL,'否',NULL,NULL,'超级管理员','2023-05-11 16:17:22',NULL,NULL,'百里守约-127347465833742-001',NULL,NULL,NULL,NULL,NULL,NULL,NULL,NULL,NULL,NULL,NULL,NULL,NULL,NULL,NULL,NULL,NULL,NULL,NULL,NULL,NULL,NULL,NULL,NULL,NULL,NULL,NULL,NULL,NULL,NULL,NULL,NULL,NULL,NULL,NULL,NULL,NULL,NULL,NULL,NULL),('8201fd53e1404c328353978935611c52','70da93c3fd6747478e4820efc12d8fa5','003',NULL,NULL,7,NULL,'否',NULL,NULL,'超级管理员','2023-05-24 18:20:23',NULL,NULL,'6969-S-IM-001-003',NULL,NULL,NULL,NULL,NULL,NULL,NULL,NULL,NULL,NULL,NULL,NULL,NULL,NULL,NULL,NULL,NULL,NULL,NULL,NULL,NULL,NULL,NULL,NULL,NULL,NULL,NULL,NULL,NULL,NULL,NULL,NULL,NULL,NULL,NULL,NULL,NULL,NULL,NULL,NULL),('832d36ccf5e94b8ba490646017c28ea0','5a631bda1ade4a7a9c18fab427108474','001',NULL,NULL,2,NULL,'否',NULL,NULL,'超级管理员','2023-05-24 18:07:16',NULL,NULL,'C-2666666999999-001',NULL,NULL,NULL,NULL,NULL,NULL,NULL,NULL,NULL,NULL,NULL,NULL,NULL,NULL,NULL,NULL,NULL,NULL,NULL,NULL,NULL,NULL,NULL,NULL,NULL,NULL,NULL,NULL,NULL,NULL,NULL,NULL,NULL,NULL,NULL,NULL,NULL,NULL,NULL,NULL),('838701d4ec904187a3b0dc4f36ba312e','785da271a4824f90b8f7052707000307','002',3,4,3,2,'是','D:\\myprojects-szhjgxt\\image\\73ed327.jpg',NULL,'超级管理员','2023-05-18 15:27:06',NULL,NULL,'zbq1-0001-001-002',NULL,NULL,NULL,NULL,NULL,NULL,NULL,NULL,NULL,NULL,NULL,NULL,NULL,NULL,NULL,NULL,NULL,NULL,NULL,NULL,NULL,NULL,NULL,NULL,NULL,NULL,NULL,NULL,NULL,NULL,NULL,NULL,NULL,NULL,NULL,NULL,NULL,NULL,NULL,NULL),('860d4f9a2a3d4a5fb0dfe8dbd2a7f86a','665b759a7dd748b7a06bbe284feb581d','005',NULL,NULL,47,NULL,'否',NULL,NULL,'超级管理员','2023-05-18 14:58:43',NULL,NULL,'bjq1-0001-0001-005',NULL,NULL,NULL,NULL,NULL,NULL,NULL,NULL,NULL,NULL,NULL,NULL,NULL,NULL,NULL,NULL,NULL,NULL,NULL,NULL,NULL,NULL,NULL,NULL,NULL,NULL,NULL,NULL,NULL,NULL,NULL,NULL,NULL,NULL,NULL,NULL,NULL,NULL,NULL,NULL),('86d03234df7942659506dbb756206d61','665b759a7dd748b7a06bbe284feb581d','004',NULL,NULL,35,NULL,'否',NULL,NULL,'超级管理员','2023-05-18 14:58:38',NULL,NULL,'bjq1-0001-0001-004',NULL,NULL,NULL,NULL,NULL,NULL,NULL,NULL,NULL,NULL,NULL,NULL,NULL,NULL,NULL,NULL,NULL,NULL,NULL,NULL,NULL,NULL,NULL,NULL,NULL,NULL,NULL,NULL,NULL,NULL,NULL,NULL,NULL,NULL,NULL,NULL,NULL,NULL,NULL,NULL),('89808186eff647f69cf871e64392c18c','21042a9733f14141941c9219d8826979','005',19,21,19,3,'是',NULL,NULL,'超级管理员','2023-05-18 16:52:53',NULL,NULL,'tjq1-0001-001-005',NULL,NULL,NULL,NULL,NULL,NULL,NULL,NULL,NULL,NULL,NULL,NULL,NULL,NULL,NULL,NULL,NULL,NULL,NULL,NULL,NULL,NULL,NULL,NULL,NULL,NULL,NULL,NULL,NULL,NULL,NULL,NULL,NULL,NULL,NULL,NULL,NULL,NULL,NULL,NULL),('8ad0e6c272184d26b1ac1f30dd5223af','de2b70a106194a5dad28f0467a8b05c5','001',NULL,NULL,2,NULL,'否',NULL,NULL,'超级管理员','2023-05-18 16:24:30',NULL,NULL,'2332-S-IU-003-001',NULL,NULL,NULL,NULL,NULL,NULL,NULL,NULL,NULL,NULL,NULL,NULL,NULL,NULL,NULL,NULL,NULL,NULL,NULL,NULL,NULL,NULL,NULL,NULL,NULL,NULL,NULL,NULL,NULL,NULL,NULL,NULL,NULL,NULL,NULL,NULL,NULL,NULL,NULL,NULL),('8ad970e283a043edaf24a8051e7cdbba','79191b7fb4e64c3d90515b723ec02bf3','002',3,4,3,2,'是',NULL,NULL,'超级管理员','2023-05-12 11:40:16',NULL,NULL,'2332-S-IU-002-002',NULL,NULL,NULL,NULL,NULL,NULL,NULL,NULL,NULL,NULL,NULL,NULL,NULL,NULL,NULL,NULL,NULL,NULL,NULL,NULL,NULL,NULL,NULL,NULL,NULL,NULL,NULL,NULL,NULL,NULL,NULL,NULL,NULL,NULL,NULL,NULL,NULL,NULL,NULL,NULL),('8c33ddc6d32545a1b33bb335dd62aa11','60af28c31d8e4b3484aba484a60c251c','004',NULL,NULL,17,NULL,'否',NULL,NULL,'超级管理员','2023-05-18 14:20:45',NULL,NULL,'ddd1-004',NULL,NULL,NULL,NULL,NULL,NULL,NULL,NULL,NULL,NULL,NULL,NULL,NULL,NULL,NULL,NULL,NULL,NULL,NULL,NULL,NULL,NULL,NULL,NULL,NULL,NULL,NULL,NULL,NULL,NULL,NULL,NULL,NULL,NULL,NULL,NULL,NULL,NULL,NULL,NULL),('8c97ae86924d443c99f8f7f8f5fd88ea','665b759a7dd748b7a06bbe284feb581d','006',51,55,51,5,'是',NULL,NULL,'超级管理员','2023-05-18 14:58:53',NULL,NULL,'bjq1-0001-0001-006',NULL,NULL,NULL,NULL,NULL,NULL,NULL,NULL,NULL,NULL,NULL,NULL,NULL,NULL,NULL,NULL,NULL,NULL,NULL,NULL,NULL,NULL,NULL,NULL,NULL,NULL,NULL,NULL,NULL,NULL,NULL,NULL,NULL,NULL,NULL,NULL,NULL,NULL,NULL,NULL),('8cae01b0fc5e4eb09c2398d6dd38e4ab','5a631bda1ade4a7a9c18fab427108474','001',NULL,NULL,4,NULL,'否',NULL,NULL,'超级管理员','2023-05-24 18:07:16',NULL,NULL,'C-2666666999999-001',NULL,NULL,NULL,NULL,NULL,NULL,NULL,NULL,NULL,NULL,NULL,NULL,NULL,NULL,NULL,NULL,NULL,NULL,NULL,NULL,NULL,NULL,NULL,NULL,NULL,NULL,NULL,NULL,NULL,NULL,NULL,NULL,NULL,NULL,NULL,NULL,NULL,NULL,NULL,NULL),('8f517afed70a45f5905f57bb473bbba8','60af28c31d8e4b3484aba484a60c251c','002',NULL,NULL,8,NULL,'否',NULL,NULL,'超级管理员','2023-05-18 14:20:43',NULL,NULL,'ddd1-002',NULL,NULL,NULL,NULL,NULL,NULL,NULL,NULL,NULL,NULL,NULL,NULL,NULL,NULL,NULL,NULL,NULL,NULL,NULL,NULL,NULL,NULL,NULL,NULL,NULL,NULL,NULL,NULL,NULL,NULL,NULL,NULL,NULL,NULL,NULL,NULL,NULL,NULL,NULL,NULL),('902aa4b8bc8442eab49bd098a71e635a','665b759a7dd748b7a06bbe284feb581d','005',NULL,NULL,48,NULL,'否',NULL,NULL,'超级管理员','2023-05-18 14:58:43',NULL,NULL,'bjq1-0001-0001-005',NULL,NULL,NULL,NULL,NULL,NULL,NULL,NULL,NULL,NULL,NULL,NULL,NULL,NULL,NULL,NULL,NULL,NULL,NULL,NULL,NULL,NULL,NULL,NULL,NULL,NULL,NULL,NULL,NULL,NULL,NULL,NULL,NULL,NULL,NULL,NULL,NULL,NULL,NULL,NULL),('9073ea8390ac483dbacaeae3f93909da','4390136f85394ed289182639db33460b','002',NULL,NULL,5,NULL,'否','D:\\myprojects-szhjgxt\\image\\rmcVt4M218.jpg',NULL,'超级管理员','2023-05-18 15:45:55',NULL,NULL,'zbq2-0001-002-002',NULL,NULL,NULL,NULL,NULL,NULL,NULL,NULL,NULL,NULL,NULL,NULL,NULL,NULL,NULL,NULL,NULL,NULL,NULL,NULL,NULL,NULL,NULL,NULL,NULL,NULL,NULL,NULL,NULL,NULL,NULL,NULL,NULL,NULL,NULL,NULL,NULL,NULL,NULL,NULL),('9175fc8c9b204e5780016907b054c152','5e4ab1b52da64f44a841504c2a081e87','001',1,6,1,6,'是',NULL,NULL,'超级管理员','2023-05-19 12:02:42',NULL,NULL,'zbq3-0001-003-001',NULL,NULL,NULL,NULL,NULL,NULL,NULL,NULL,NULL,NULL,NULL,NULL,NULL,NULL,NULL,NULL,NULL,NULL,NULL,NULL,NULL,NULL,NULL,NULL,NULL,NULL,NULL,NULL,NULL,NULL,NULL,NULL,NULL,NULL,NULL,NULL,NULL,NULL,NULL,NULL),('91f09179e4fd4505b18e446f70b20680','0aac84562a73406bb126a8233b151d0f','002',6,7,6,2,'是',NULL,NULL,'超级管理员','2023-05-24 18:21:04',NULL,NULL,'3399-A-ERI-001-002',NULL,NULL,NULL,NULL,NULL,NULL,NULL,NULL,NULL,NULL,NULL,NULL,NULL,NULL,NULL,NULL,NULL,NULL,NULL,NULL,NULL,NULL,NULL,NULL,NULL,NULL,NULL,NULL,NULL,NULL,NULL,NULL,NULL,NULL,NULL,NULL,NULL,NULL,NULL,NULL),('91f2019c185d4d59a54f72c178cee44e','665b759a7dd748b7a06bbe284feb581d','003',NULL,NULL,29,NULL,'否',NULL,NULL,'超级管理员','2023-05-18 14:58:37',NULL,NULL,'bjq1-0001-0001-003',NULL,NULL,NULL,NULL,NULL,NULL,NULL,NULL,NULL,NULL,NULL,NULL,NULL,NULL,NULL,NULL,NULL,NULL,NULL,NULL,NULL,NULL,NULL,NULL,NULL,NULL,NULL,NULL,NULL,NULL,NULL,NULL,NULL,NULL,NULL,NULL,NULL,NULL,NULL,NULL),('92e6eb21ae5b44a69e59617c7c2b489a','de2b70a106194a5dad28f0467a8b05c5','001',1,2,1,2,'是',NULL,NULL,'超级管理员','2023-05-18 16:24:30',NULL,NULL,'2332-S-IU-003-001',NULL,NULL,NULL,NULL,NULL,NULL,NULL,NULL,NULL,NULL,NULL,NULL,NULL,NULL,NULL,NULL,NULL,NULL,NULL,NULL,NULL,NULL,NULL,NULL,NULL,NULL,NULL,NULL,NULL,NULL,NULL,NULL,NULL,NULL,NULL,NULL,NULL,NULL,NULL,NULL),('944d6853cd5844ff9c29feccb0fb6b64','21042a9733f14141941c9219d8826979','005',NULL,NULL,21,NULL,'否',NULL,NULL,'超级管理员','2023-05-18 16:52:53',NULL,NULL,'tjq1-0001-001-005',NULL,NULL,NULL,NULL,NULL,NULL,NULL,NULL,NULL,NULL,NULL,NULL,NULL,NULL,NULL,NULL,NULL,NULL,NULL,NULL,NULL,NULL,NULL,NULL,NULL,NULL,NULL,NULL,NULL,NULL,NULL,NULL,NULL,NULL,NULL,NULL,NULL,NULL,NULL,NULL),('949491343aed47ba80c66801eb3d01c5','60af28c31d8e4b3484aba484a60c251c','002',NULL,NULL,9,NULL,'否',NULL,NULL,'超级管理员','2023-05-18 14:20:43',NULL,NULL,'ddd1-002',NULL,NULL,NULL,NULL,NULL,NULL,NULL,NULL,NULL,NULL,NULL,NULL,NULL,NULL,NULL,NULL,NULL,NULL,NULL,NULL,NULL,NULL,NULL,NULL,NULL,NULL,NULL,NULL,NULL,NULL,NULL,NULL,NULL,NULL,NULL,NULL,NULL,NULL,NULL,NULL),('95e7534ef44546af817661b21dc13e62','a3dd5eae9b76485ca2e5e1b0f06727f6','001',1,2,1,2,'是',NULL,NULL,'超级管理员','2023-05-11 16:17:22',NULL,NULL,'百里守约-127347465833742-001',NULL,NULL,NULL,NULL,NULL,NULL,NULL,NULL,NULL,NULL,NULL,NULL,NULL,NULL,NULL,NULL,NULL,NULL,NULL,NULL,NULL,NULL,NULL,NULL,NULL,NULL,NULL,NULL,NULL,NULL,NULL,NULL,NULL,NULL,NULL,NULL,NULL,NULL,NULL,NULL),('95f240a113d144fba37f9b08eee218a6','0aac84562a73406bb126a8233b151d0f','002',NULL,NULL,7,NULL,'否',NULL,NULL,'超级管理员','2023-05-24 18:21:04',NULL,NULL,'3399-A-ERI-001-002',NULL,NULL,NULL,NULL,NULL,NULL,NULL,NULL,NULL,NULL,NULL,NULL,NULL,NULL,NULL,NULL,NULL,NULL,NULL,NULL,NULL,NULL,NULL,NULL,NULL,NULL,NULL,NULL,NULL,NULL,NULL,NULL,NULL,NULL,NULL,NULL,NULL,NULL,NULL,NULL),('97654a17e93d482a8e911cba695f50a2','21042a9733f14141941c9219d8826979','006',22,25,22,4,'是',NULL,NULL,'超级管理员','2023-05-18 16:52:59',NULL,NULL,'tjq1-0001-001-006',NULL,NULL,NULL,NULL,NULL,NULL,NULL,NULL,NULL,NULL,NULL,NULL,NULL,NULL,NULL,NULL,NULL,NULL,NULL,NULL,NULL,NULL,NULL,NULL,NULL,NULL,NULL,NULL,NULL,NULL,NULL,NULL,NULL,NULL,NULL,NULL,NULL,NULL,NULL,NULL),('97d1590bf6964a2fa5896442b94ee96f','de2b70a106194a5dad28f0467a8b05c5','002',3,5,3,3,'是',NULL,NULL,'超级管理员','2023-05-18 16:24:33',NULL,NULL,'2332-S-IU-003-002',NULL,NULL,NULL,NULL,NULL,NULL,NULL,NULL,NULL,NULL,NULL,NULL,NULL,NULL,NULL,NULL,NULL,NULL,NULL,NULL,NULL,NULL,NULL,NULL,NULL,NULL,NULL,NULL,NULL,NULL,NULL,NULL,NULL,NULL,NULL,NULL,NULL,NULL,NULL,NULL),('983c1fdb22c34181a8aa915ae8c4f039','1df963525881409aae9e8f8c7d6794ea','002',4,7,4,4,'是',NULL,NULL,'超级管理员','2023-05-23 15:21:43',NULL,NULL,'tjq2-0001-001-002',NULL,NULL,NULL,NULL,NULL,NULL,NULL,NULL,NULL,NULL,NULL,NULL,NULL,NULL,NULL,NULL,NULL,NULL,NULL,NULL,NULL,NULL,NULL,NULL,NULL,NULL,NULL,NULL,NULL,NULL,NULL,NULL,NULL,NULL,NULL,NULL,NULL,NULL,NULL,NULL),('9961dddb25e7465cb36b260d33aa69cf','665b759a7dd748b7a06bbe284feb581d','002',11,20,11,10,'是',NULL,NULL,'超级管理员','2023-05-18 14:58:34',NULL,NULL,'bjq1-0001-0001-002',NULL,NULL,NULL,NULL,NULL,NULL,NULL,NULL,NULL,NULL,NULL,NULL,NULL,NULL,NULL,NULL,NULL,NULL,NULL,NULL,NULL,NULL,NULL,NULL,NULL,NULL,NULL,NULL,NULL,NULL,NULL,NULL,NULL,NULL,NULL,NULL,NULL,NULL,NULL,NULL),('997b21cec6f04fb39487da9f46d879ef','785da271a4824f90b8f7052707000307','001',NULL,NULL,2,NULL,'否','D:\\myprojects-szhjgxt\\image\\75383126.jpg',NULL,'超级管理员','2023-05-18 15:27:04','超级管理员','2023-05-23 14:33:03','zbq1-0001-001-001','20','132','发的德国法国','2023-05-23','2023-05-23',NULL,NULL,NULL,NULL,NULL,NULL,NULL,NULL,NULL,NULL,NULL,NULL,NULL,NULL,NULL,NULL,NULL,NULL,NULL,NULL,NULL,NULL,NULL,NULL,NULL,NULL,NULL,NULL,NULL,NULL,NULL,NULL,NULL,NULL,NULL),('99be7f1d96ee4175827d988201cacf4c','3b793883e6904d359246ece14c0f3681','004',NULL,NULL,6,NULL,'否',NULL,NULL,'超级管理员','2023-05-12 11:40:54',NULL,NULL,'扁鹊-10101010101-004',NULL,NULL,NULL,NULL,NULL,NULL,NULL,NULL,NULL,NULL,NULL,NULL,NULL,NULL,NULL,NULL,NULL,NULL,NULL,NULL,NULL,NULL,NULL,NULL,NULL,NULL,NULL,NULL,NULL,NULL,NULL,NULL,NULL,NULL,NULL,NULL,NULL,NULL,NULL,NULL),('9b410838d1d94fe088d1105901009d00','665b759a7dd748b7a06bbe284feb581d','003',NULL,NULL,24,NULL,'否',NULL,NULL,'超级管理员','2023-05-18 14:58:37',NULL,NULL,'bjq1-0001-0001-003',NULL,NULL,NULL,NULL,NULL,NULL,NULL,NULL,NULL,NULL,NULL,NULL,NULL,NULL,NULL,NULL,NULL,NULL,NULL,NULL,NULL,NULL,NULL,NULL,NULL,NULL,NULL,NULL,NULL,NULL,NULL,NULL,NULL,NULL,NULL,NULL,NULL,NULL,NULL,NULL),('9b4489469a964ac595dcbbfcb43b1ded','665b759a7dd748b7a06bbe284feb581d','004',NULL,NULL,33,NULL,'否',NULL,NULL,'超级管理员','2023-05-18 14:58:38',NULL,NULL,'bjq1-0001-0001-004',NULL,NULL,NULL,NULL,NULL,NULL,NULL,NULL,NULL,NULL,NULL,NULL,NULL,NULL,NULL,NULL,NULL,NULL,NULL,NULL,NULL,NULL,NULL,NULL,NULL,NULL,NULL,NULL,NULL,NULL,NULL,NULL,NULL,NULL,NULL,NULL,NULL,NULL,NULL,NULL),('9c18fcf34ef8467886a491d3e02c5b6d','f39db1fa389d44c19cf4fa5d66565b99','002',NULL,NULL,5,NULL,'否',NULL,NULL,'超级管理员','2023-05-18 15:29:59',NULL,NULL,'2332-S-IU-004-002',NULL,NULL,NULL,NULL,NULL,NULL,NULL,NULL,NULL,NULL,NULL,NULL,NULL,NULL,NULL,NULL,NULL,NULL,NULL,NULL,NULL,NULL,NULL,NULL,NULL,NULL,NULL,NULL,NULL,NULL,NULL,NULL,NULL,NULL,NULL,NULL,NULL,NULL,NULL,NULL),('9f3f7d9356a341faabf8d1a74d3a3798','5e4ab1b52da64f44a841504c2a081e87','001',NULL,NULL,6,NULL,'否',NULL,NULL,'超级管理员','2023-05-19 12:02:42',NULL,NULL,'zbq3-0001-003-001',NULL,NULL,NULL,NULL,NULL,NULL,NULL,NULL,NULL,NULL,NULL,NULL,NULL,NULL,NULL,NULL,NULL,NULL,NULL,NULL,NULL,NULL,NULL,NULL,NULL,NULL,NULL,NULL,NULL,NULL,NULL,NULL,NULL,NULL,NULL,NULL,NULL,NULL,NULL,NULL),('9fa2f08a933a46a3959611566817dbff','3b793883e6904d359246ece14c0f3681','003',NULL,NULL,4,NULL,'否',NULL,NULL,'超级管理员','2023-05-12 11:40:47',NULL,NULL,'扁鹊-10101010101-003',NULL,NULL,NULL,NULL,NULL,NULL,NULL,NULL,NULL,NULL,NULL,NULL,NULL,NULL,NULL,NULL,NULL,NULL,NULL,NULL,NULL,NULL,NULL,NULL,NULL,NULL,NULL,NULL,NULL,NULL,NULL,NULL,NULL,NULL,NULL,NULL,NULL,NULL,NULL,NULL),('9fd7d80ab0a9407eaaa29f404c4c0b32','665b759a7dd748b7a06bbe284feb581d','004',NULL,NULL,34,NULL,'否',NULL,NULL,'超级管理员','2023-05-18 14:58:38',NULL,NULL,'bjq1-0001-0001-004',NULL,NULL,NULL,NULL,NULL,NULL,NULL,NULL,NULL,NULL,NULL,NULL,NULL,NULL,NULL,NULL,NULL,NULL,NULL,NULL,NULL,NULL,NULL,NULL,NULL,NULL,NULL,NULL,NULL,NULL,NULL,NULL,NULL,NULL,NULL,NULL,NULL,NULL,NULL,NULL),('a037f72be55144b1b625d3bc9faffa45','e21039bc1ec84cfe85b13e9edf046198','003',3,3,3,1,'是',NULL,NULL,'超级管理员','2023-05-24 18:07:26',NULL,NULL,'D-4666666999999-003',NULL,NULL,NULL,NULL,NULL,NULL,NULL,NULL,NULL,NULL,NULL,NULL,NULL,NULL,NULL,NULL,NULL,NULL,NULL,NULL,NULL,NULL,NULL,NULL,NULL,NULL,NULL,NULL,NULL,NULL,NULL,NULL,NULL,NULL,NULL,NULL,NULL,NULL,NULL,NULL),('a21fcd328ffc470fb046a24559ee91e9','60af28c31d8e4b3484aba484a60c251c','004',NULL,NULL,19,NULL,'否',NULL,NULL,'超级管理员','2023-05-18 14:20:45',NULL,NULL,'ddd1-004',NULL,NULL,NULL,NULL,NULL,NULL,NULL,NULL,NULL,NULL,NULL,NULL,NULL,NULL,NULL,NULL,NULL,NULL,NULL,NULL,NULL,NULL,NULL,NULL,NULL,NULL,NULL,NULL,NULL,NULL,NULL,NULL,NULL,NULL,NULL,NULL,NULL,NULL,NULL,NULL),('a237c1294a3b43ed8c0e8f3a67f778bd','e1b8fd4bd99a41b39107bddf5623c497','001',1,1,1,1,'是',NULL,NULL,'超级管理员','2023-05-24 18:20:48',NULL,NULL,'3399-A-ERI-002-001',NULL,NULL,NULL,NULL,NULL,NULL,NULL,NULL,NULL,NULL,NULL,NULL,NULL,NULL,NULL,NULL,NULL,NULL,NULL,NULL,NULL,NULL,NULL,NULL,NULL,NULL,NULL,NULL,NULL,NULL,NULL,NULL,NULL,NULL,NULL,NULL,NULL,NULL,NULL,NULL),('a8a09ea1ec2d441695b91db5db4ab92c','21042a9733f14141941c9219d8826979','006',NULL,NULL,25,NULL,'否',NULL,NULL,'超级管理员','2023-05-18 16:52:59',NULL,NULL,'tjq1-0001-001-006',NULL,NULL,NULL,NULL,NULL,NULL,NULL,NULL,NULL,NULL,NULL,NULL,NULL,NULL,NULL,NULL,NULL,NULL,NULL,NULL,NULL,NULL,NULL,NULL,NULL,NULL,NULL,NULL,NULL,NULL,NULL,NULL,NULL,NULL,NULL,NULL,NULL,NULL,NULL,NULL),('a9510bcd116a460c8a5eedc69abc6171','358b396ebbc140179308e8126bc7084c','001',1,4,1,4,'是',NULL,NULL,'超级管理员','2023-05-18 14:57:32',NULL,NULL,'0089-A-2000-001-001',NULL,NULL,NULL,NULL,NULL,NULL,NULL,NULL,NULL,NULL,NULL,NULL,NULL,NULL,NULL,NULL,NULL,NULL,NULL,NULL,NULL,NULL,NULL,NULL,NULL,NULL,NULL,NULL,NULL,NULL,NULL,NULL,NULL,NULL,NULL,NULL,NULL,NULL,NULL,NULL),('ab613d2ccdcb432fb32c682045c9f263','60af28c31d8e4b3484aba484a60c251c','004',NULL,NULL,18,NULL,'否',NULL,NULL,'超级管理员','2023-05-18 14:20:45',NULL,NULL,'ddd1-004',NULL,NULL,NULL,NULL,NULL,NULL,NULL,NULL,NULL,NULL,NULL,NULL,NULL,NULL,NULL,NULL,NULL,NULL,NULL,NULL,NULL,NULL,NULL,NULL,NULL,NULL,NULL,NULL,NULL,NULL,NULL,NULL,NULL,NULL,NULL,NULL,NULL,NULL,NULL,NULL),('ac23632284414d0e86f33afc87c4e349','665b759a7dd748b7a06bbe284feb581d','006',NULL,NULL,55,NULL,'否',NULL,NULL,'超级管理员','2023-05-18 14:58:53',NULL,NULL,'bjq1-0001-0001-006',NULL,NULL,NULL,NULL,NULL,NULL,NULL,NULL,NULL,NULL,NULL,NULL,NULL,NULL,NULL,NULL,NULL,NULL,NULL,NULL,NULL,NULL,NULL,NULL,NULL,NULL,NULL,NULL,NULL,NULL,NULL,NULL,NULL,NULL,NULL,NULL,NULL,NULL,NULL,NULL),('acb20bf741dc4e0b9782ef3e43e3f15d','1df963525881409aae9e8f8c7d6794ea','005',NULL,NULL,20,NULL,'否',NULL,NULL,'超级管理员','2023-05-23 15:23:06',NULL,NULL,'tjq2-0001-001-005',NULL,NULL,NULL,NULL,NULL,NULL,NULL,NULL,NULL,NULL,NULL,NULL,NULL,NULL,NULL,NULL,NULL,NULL,NULL,NULL,NULL,NULL,NULL,NULL,NULL,NULL,NULL,NULL,NULL,NULL,NULL,NULL,NULL,NULL,NULL,NULL,NULL,NULL,NULL,NULL),('acd312de25dd4940aad7a673a511e002','0a3080324d63419497fe0f2b8446c6f9','002',4,5,4,2,'是',NULL,NULL,'超级管理员','2023-05-10 18:22:58',NULL,NULL,'9886-A-MAU-002-002',NULL,NULL,NULL,NULL,NULL,NULL,NULL,NULL,NULL,NULL,NULL,NULL,NULL,NULL,NULL,NULL,NULL,NULL,NULL,NULL,NULL,NULL,NULL,NULL,NULL,NULL,NULL,NULL,NULL,NULL,NULL,NULL,NULL,NULL,NULL,NULL,NULL,NULL,NULL,NULL),('af1f1dfea1134ada91dc3af7077b801c','665b759a7dd748b7a06bbe284feb581d','005',NULL,NULL,49,NULL,'否',NULL,NULL,'超级管理员','2023-05-18 14:58:43',NULL,NULL,'bjq1-0001-0001-005',NULL,NULL,NULL,NULL,NULL,NULL,NULL,NULL,NULL,NULL,NULL,NULL,NULL,NULL,NULL,NULL,NULL,NULL,NULL,NULL,NULL,NULL,NULL,NULL,NULL,NULL,NULL,NULL,NULL,NULL,NULL,NULL,NULL,NULL,NULL,NULL,NULL,NULL,NULL,NULL),('afde74c8f2cc48f8b1dd9e9948897491','665b759a7dd748b7a06bbe284feb581d','002',NULL,NULL,17,NULL,'否',NULL,NULL,'超级管理员','2023-05-18 14:58:34',NULL,NULL,'bjq1-0001-0001-002',NULL,NULL,NULL,NULL,NULL,NULL,NULL,NULL,NULL,NULL,NULL,NULL,NULL,NULL,NULL,NULL,NULL,NULL,NULL,NULL,NULL,NULL,NULL,NULL,NULL,NULL,NULL,NULL,NULL,NULL,NULL,NULL,NULL,NULL,NULL,NULL,NULL,NULL,NULL,NULL),('b073ccd9f0754f1faffd66b3471486ce','b20b3bc09540409eac757f325f8610c6','003',5,6,5,2,'是','D:\\myprojects-szhjgxt\\image\\2.jpg',NULL,'超级管理员','2023-05-15 15:34:50',NULL,NULL,'0088-A-2003-001-003',NULL,NULL,NULL,NULL,NULL,NULL,NULL,NULL,NULL,NULL,NULL,NULL,NULL,NULL,NULL,NULL,NULL,NULL,NULL,NULL,NULL,NULL,NULL,NULL,NULL,NULL,NULL,NULL,NULL,NULL,NULL,NULL,NULL,NULL,NULL,NULL,NULL,NULL,NULL,NULL),('b0758a83165c418c9cbf3f3e13923aa6','665b759a7dd748b7a06bbe284feb581d','005',NULL,NULL,45,NULL,'否',NULL,NULL,'超级管理员','2023-05-18 14:58:43',NULL,NULL,'bjq1-0001-0001-005',NULL,NULL,NULL,NULL,NULL,NULL,NULL,NULL,NULL,NULL,NULL,NULL,NULL,NULL,NULL,NULL,NULL,NULL,NULL,NULL,NULL,NULL,NULL,NULL,NULL,NULL,NULL,NULL,NULL,NULL,NULL,NULL,NULL,NULL,NULL,NULL,NULL,NULL,NULL,NULL),('b0c19a57d4b448e78f705a87ecf8e522','0a3080324d63419497fe0f2b8446c6f9','001',1,3,1,3,'是',NULL,NULL,'超级管理员','2023-05-10 18:22:55',NULL,NULL,'9886-A-MAU-002-001',NULL,NULL,NULL,NULL,NULL,NULL,NULL,NULL,NULL,NULL,NULL,NULL,NULL,NULL,NULL,NULL,NULL,NULL,NULL,NULL,NULL,NULL,NULL,NULL,NULL,NULL,NULL,NULL,NULL,NULL,NULL,NULL,NULL,NULL,NULL,NULL,NULL,NULL,NULL,NULL),('b1ad31d888ec485b8ae4ee5fe35e5567','665b759a7dd748b7a06bbe284feb581d','006',NULL,NULL,53,NULL,'否',NULL,NULL,'超级管理员','2023-05-18 14:58:53',NULL,NULL,'bjq1-0001-0001-006',NULL,NULL,NULL,NULL,NULL,NULL,NULL,NULL,NULL,NULL,NULL,NULL,NULL,NULL,NULL,NULL,NULL,NULL,NULL,NULL,NULL,NULL,NULL,NULL,NULL,NULL,NULL,NULL,NULL,NULL,NULL,NULL,NULL,NULL,NULL,NULL,NULL,NULL,NULL,NULL),('b482313cc8b54a9cbe01e66af9ef1c9a','1df963525881409aae9e8f8c7d6794ea','003',NULL,NULL,11,NULL,'否',NULL,NULL,'超级管理员','2023-05-23 15:22:00',NULL,NULL,'tjq2-0001-001-003',NULL,NULL,NULL,NULL,NULL,NULL,NULL,NULL,NULL,NULL,NULL,NULL,NULL,NULL,NULL,NULL,NULL,NULL,NULL,NULL,NULL,NULL,NULL,NULL,NULL,NULL,NULL,NULL,NULL,NULL,NULL,NULL,NULL,NULL,NULL,NULL,NULL,NULL,NULL,NULL),('b53ff09637404c62ba60e33bcb4697bb','21042a9733f14141941c9219d8826979','003',NULL,NULL,12,NULL,'否',NULL,NULL,'超级管理员','2023-05-18 16:52:35',NULL,NULL,'tjq1-0001-001-003',NULL,NULL,NULL,NULL,NULL,NULL,NULL,NULL,NULL,NULL,NULL,NULL,NULL,NULL,NULL,NULL,NULL,NULL,NULL,NULL,NULL,NULL,NULL,NULL,NULL,NULL,NULL,NULL,NULL,NULL,NULL,NULL,NULL,NULL,NULL,NULL,NULL,NULL,NULL,NULL),('b55c01da2aea4b3993af77a59e6e21b2','0f5d2d4f9e854141a9b493c34964de33','002',NULL,NULL,4,NULL,'否','D:\\myprojects-szhjgxt\\image\\3.jpg',NULL,'超级管理员','2023-05-24 18:07:05',NULL,NULL,'B-2666666999999-002',NULL,NULL,NULL,NULL,NULL,NULL,NULL,NULL,NULL,NULL,NULL,NULL,NULL,NULL,NULL,NULL,NULL,NULL,NULL,NULL,NULL,NULL,NULL,NULL,NULL,NULL,NULL,NULL,NULL,NULL,NULL,NULL,NULL,NULL,NULL,NULL,NULL,NULL,NULL,NULL),('b5c1c5af200c42b49eadde63cd390c5a','dd032ec1716c4277b24ebacf8f64c0be','001',NULL,NULL,2,NULL,'否',NULL,NULL,'超级管理员','2023-05-15 17:16:50',NULL,NULL,'1-001',NULL,NULL,NULL,NULL,NULL,NULL,NULL,NULL,NULL,NULL,NULL,NULL,NULL,NULL,NULL,NULL,NULL,NULL,NULL,NULL,NULL,NULL,NULL,NULL,NULL,NULL,NULL,NULL,NULL,NULL,NULL,NULL,NULL,NULL,NULL,NULL,NULL,NULL,NULL,NULL),('b641b91240354dea8a55e4a72544a666','21042a9733f14141941c9219d8826979','001',NULL,NULL,5,NULL,'否',NULL,NULL,'超级管理员','2023-05-18 16:52:15',NULL,NULL,'tjq1-0001-001-001',NULL,NULL,NULL,NULL,NULL,NULL,NULL,NULL,NULL,NULL,NULL,NULL,NULL,NULL,NULL,NULL,NULL,NULL,NULL,NULL,NULL,NULL,NULL,NULL,NULL,NULL,NULL,NULL,NULL,NULL,NULL,NULL,NULL,NULL,NULL,NULL,NULL,NULL,NULL,NULL),('b681014402d541e7837b1cb31b889abf','60af28c31d8e4b3484aba484a60c251c','001',NULL,NULL,4,NULL,'否',NULL,NULL,'超级管理员','2023-05-18 14:20:40',NULL,NULL,'ddd1-001',NULL,NULL,NULL,NULL,NULL,NULL,NULL,NULL,NULL,NULL,NULL,NULL,NULL,NULL,NULL,NULL,NULL,NULL,NULL,NULL,NULL,NULL,NULL,NULL,NULL,NULL,NULL,NULL,NULL,NULL,NULL,NULL,NULL,NULL,NULL,NULL,NULL,NULL,NULL,NULL),('b68ca1e96f954534bc269a3103b62c3b','4390136f85394ed289182639db33460b','001',NULL,NULL,2,NULL,'否','D:\\myprojects-szhjgxt\\image\\view222.jpg',NULL,'超级管理员','2023-05-18 15:45:54',NULL,NULL,'zbq2-0001-002-001',NULL,NULL,NULL,NULL,NULL,NULL,NULL,NULL,NULL,NULL,NULL,NULL,NULL,NULL,NULL,NULL,NULL,NULL,NULL,NULL,NULL,NULL,NULL,NULL,NULL,NULL,NULL,NULL,NULL,NULL,NULL,NULL,NULL,NULL,NULL,NULL,NULL,NULL,NULL,NULL),('b69b39d24dc04cb6bea257b0cafb877f','3b793883e6904d359246ece14c0f3681','001',1,1,1,1,'是',NULL,NULL,'超级管理员','2023-05-12 11:40:41',NULL,NULL,'扁鹊-10101010101-001',NULL,NULL,NULL,NULL,NULL,NULL,NULL,NULL,NULL,NULL,NULL,NULL,NULL,NULL,NULL,NULL,NULL,NULL,NULL,NULL,NULL,NULL,NULL,NULL,NULL,NULL,NULL,NULL,NULL,NULL,NULL,NULL,NULL,NULL,NULL,NULL,NULL,NULL,NULL,NULL),('b6c31788c0114df784ce027fd743158b','665b759a7dd748b7a06bbe284feb581d','004',31,40,31,10,'是',NULL,NULL,'超级管理员','2023-05-18 14:58:38',NULL,NULL,'bjq1-0001-0001-004',NULL,NULL,NULL,NULL,NULL,NULL,NULL,NULL,NULL,NULL,NULL,NULL,NULL,NULL,NULL,NULL,NULL,NULL,NULL,NULL,NULL,NULL,NULL,NULL,NULL,NULL,NULL,NULL,NULL,NULL,NULL,NULL,NULL,NULL,NULL,NULL,NULL,NULL,NULL,NULL),('b8dd5f2c866445abb4f79251116fc2c6','665b759a7dd748b7a06bbe284feb581d','005',NULL,NULL,44,NULL,'否',NULL,NULL,'超级管理员','2023-05-18 14:58:43',NULL,NULL,'bjq1-0001-0001-005',NULL,NULL,NULL,NULL,NULL,NULL,NULL,NULL,NULL,NULL,NULL,NULL,NULL,NULL,NULL,NULL,NULL,NULL,NULL,NULL,NULL,NULL,NULL,NULL,NULL,NULL,NULL,NULL,NULL,NULL,NULL,NULL,NULL,NULL,NULL,NULL,NULL,NULL,NULL,NULL),('bb3a61d778f04b9fb16b7adc0de45c77','dd032ec1716c4277b24ebacf8f64c0be','002',NULL,NULL,5,NULL,'否',NULL,NULL,'超级管理员','2023-05-15 17:16:52',NULL,NULL,'1-002',NULL,NULL,NULL,NULL,NULL,NULL,NULL,NULL,NULL,NULL,NULL,NULL,NULL,NULL,NULL,NULL,NULL,NULL,NULL,NULL,NULL,NULL,NULL,NULL,NULL,NULL,NULL,NULL,NULL,NULL,NULL,NULL,NULL,NULL,NULL,NULL,NULL,NULL,NULL,NULL),('bb8e021cd1a14d94bb94423c99e77652','665b759a7dd748b7a06bbe284feb581d','003',NULL,NULL,23,NULL,'否',NULL,NULL,'超级管理员','2023-05-18 14:58:37',NULL,NULL,'bjq1-0001-0001-003',NULL,NULL,NULL,NULL,NULL,NULL,NULL,NULL,NULL,NULL,NULL,NULL,NULL,NULL,NULL,NULL,NULL,NULL,NULL,NULL,NULL,NULL,NULL,NULL,NULL,NULL,NULL,NULL,NULL,NULL,NULL,NULL,NULL,NULL,NULL,NULL,NULL,NULL,NULL,NULL),('bc4509a37fbb45a3ad63029133a04e7c','665b759a7dd748b7a06bbe284feb581d','004',NULL,NULL,40,NULL,'否',NULL,NULL,'超级管理员','2023-05-18 14:58:38',NULL,NULL,'bjq1-0001-0001-004',NULL,NULL,NULL,NULL,NULL,NULL,NULL,NULL,NULL,NULL,NULL,NULL,NULL,NULL,NULL,NULL,NULL,NULL,NULL,NULL,NULL,NULL,NULL,NULL,NULL,NULL,NULL,NULL,NULL,NULL,NULL,NULL,NULL,NULL,NULL,NULL,NULL,NULL,NULL,NULL),('bcb93d0ed8bc43fbb6a819f61525fc89','665b759a7dd748b7a06bbe284feb581d','002',NULL,NULL,14,NULL,'否',NULL,NULL,'超级管理员','2023-05-18 14:58:34',NULL,NULL,'bjq1-0001-0001-002',NULL,NULL,NULL,NULL,NULL,NULL,NULL,NULL,NULL,NULL,NULL,NULL,NULL,NULL,NULL,NULL,NULL,NULL,NULL,NULL,NULL,NULL,NULL,NULL,NULL,NULL,NULL,NULL,NULL,NULL,NULL,NULL,NULL,NULL,NULL,NULL,NULL,NULL,NULL,NULL),('bcbf9676073d47848150f44f5e46707b','1df963525881409aae9e8f8c7d6794ea','002',NULL,NULL,7,NULL,'否',NULL,NULL,'超级管理员','2023-05-23 15:21:43',NULL,NULL,'tjq2-0001-001-002',NULL,NULL,NULL,NULL,NULL,NULL,NULL,NULL,NULL,NULL,NULL,NULL,NULL,NULL,NULL,NULL,NULL,NULL,NULL,NULL,NULL,NULL,NULL,NULL,NULL,NULL,NULL,NULL,NULL,NULL,NULL,NULL,NULL,NULL,NULL,NULL,NULL,NULL,NULL,NULL),('beb83a885c2142a789c1cc8cf0166a98','eb21e745714f4468bd9f184fce2390f3','002',2,2,2,1,'是',NULL,NULL,'超级管理员','2023-05-15 17:16:29',NULL,NULL,'2-002',NULL,NULL,NULL,NULL,NULL,NULL,NULL,NULL,NULL,NULL,NULL,NULL,NULL,NULL,NULL,NULL,NULL,NULL,NULL,NULL,NULL,NULL,NULL,NULL,NULL,NULL,NULL,NULL,NULL,NULL,NULL,NULL,NULL,NULL,NULL,NULL,NULL,NULL,NULL,NULL),('beeb89d7453942e7843dc89667c4592d','665b759a7dd748b7a06bbe284feb581d','003',NULL,NULL,26,NULL,'否',NULL,NULL,'超级管理员','2023-05-18 14:58:37',NULL,NULL,'bjq1-0001-0001-003',NULL,NULL,NULL,NULL,NULL,NULL,NULL,NULL,NULL,NULL,NULL,NULL,NULL,NULL,NULL,NULL,NULL,NULL,NULL,NULL,NULL,NULL,NULL,NULL,NULL,NULL,NULL,NULL,NULL,NULL,NULL,NULL,NULL,NULL,NULL,NULL,NULL,NULL,NULL,NULL),('beff31a4c46a4b0b9af1388bd96835ff','79191b7fb4e64c3d90515b723ec02bf3','002',NULL,NULL,4,NULL,'否',NULL,NULL,'超级管理员','2023-05-12 11:40:16',NULL,NULL,'2332-S-IU-002-002',NULL,NULL,NULL,NULL,NULL,NULL,NULL,NULL,NULL,NULL,NULL,NULL,NULL,NULL,NULL,NULL,NULL,NULL,NULL,NULL,NULL,NULL,NULL,NULL,NULL,NULL,NULL,NULL,NULL,NULL,NULL,NULL,NULL,NULL,NULL,NULL,NULL,NULL,NULL,NULL),('bf274efad1ff4cbf99c33a8ef985a161','665b759a7dd748b7a06bbe284feb581d','005',NULL,NULL,43,NULL,'否',NULL,NULL,'超级管理员','2023-05-18 14:58:43',NULL,NULL,'bjq1-0001-0001-005',NULL,NULL,NULL,NULL,NULL,NULL,NULL,NULL,NULL,NULL,NULL,NULL,NULL,NULL,NULL,NULL,NULL,NULL,NULL,NULL,NULL,NULL,NULL,NULL,NULL,NULL,NULL,NULL,NULL,NULL,NULL,NULL,NULL,NULL,NULL,NULL,NULL,NULL,NULL,NULL),('bf6631399d6e418eb71f394961d98cf0','5e4ab1b52da64f44a841504c2a081e87','002',7,9,7,3,'是',NULL,NULL,'超级管理员','2023-05-19 12:03:19',NULL,NULL,'zbq3-0001-003-002',NULL,NULL,NULL,NULL,NULL,NULL,NULL,NULL,NULL,NULL,NULL,NULL,NULL,NULL,NULL,NULL,NULL,NULL,NULL,NULL,NULL,NULL,NULL,NULL,NULL,NULL,NULL,NULL,NULL,NULL,NULL,NULL,NULL,NULL,NULL,NULL,NULL,NULL,NULL,NULL),('bfebbbc067ba46518ffa4e61ab3bc8da','0a3080324d63419497fe0f2b8446c6f9','003',NULL,NULL,8,NULL,'否',NULL,NULL,'超级管理员','2023-05-10 18:23:01',NULL,NULL,'9886-A-MAU-002-003',NULL,NULL,NULL,NULL,NULL,NULL,NULL,NULL,NULL,NULL,NULL,NULL,NULL,NULL,NULL,NULL,NULL,NULL,NULL,NULL,NULL,NULL,NULL,NULL,NULL,NULL,NULL,NULL,NULL,NULL,NULL,NULL,NULL,NULL,NULL,NULL,NULL,NULL,NULL,NULL),('c070993e07e84671947365caba3089a9','1df963525881409aae9e8f8c7d6794ea','003',NULL,NULL,12,NULL,'否',NULL,NULL,'超级管理员','2023-05-23 15:22:00',NULL,NULL,'tjq2-0001-001-003',NULL,NULL,NULL,NULL,NULL,NULL,NULL,NULL,NULL,NULL,NULL,NULL,NULL,NULL,NULL,NULL,NULL,NULL,NULL,NULL,NULL,NULL,NULL,NULL,NULL,NULL,NULL,NULL,NULL,NULL,NULL,NULL,NULL,NULL,NULL,NULL,NULL,NULL,NULL,NULL),('c215beb9d449418a868a50257f2aa3ff','665b759a7dd748b7a06bbe284feb581d','002',NULL,NULL,16,NULL,'否',NULL,NULL,'超级管理员','2023-05-18 14:58:34',NULL,NULL,'bjq1-0001-0001-002',NULL,NULL,NULL,NULL,NULL,NULL,NULL,NULL,NULL,NULL,NULL,NULL,NULL,NULL,NULL,NULL,NULL,NULL,NULL,NULL,NULL,NULL,NULL,NULL,NULL,NULL,NULL,NULL,NULL,NULL,NULL,NULL,NULL,NULL,NULL,NULL,NULL,NULL,NULL,NULL),('c22ca4ea55874f80aed84f09ca8006ed','a3dd5eae9b76485ca2e5e1b0f06727f6','002',NULL,NULL,4,NULL,'否',NULL,NULL,'超级管理员','2023-05-11 16:17:25',NULL,NULL,'百里守约-127347465833742-002',NULL,NULL,NULL,NULL,NULL,NULL,NULL,NULL,NULL,NULL,NULL,NULL,NULL,NULL,NULL,NULL,NULL,NULL,NULL,NULL,NULL,NULL,NULL,NULL,NULL,NULL,NULL,NULL,NULL,NULL,NULL,NULL,NULL,NULL,NULL,NULL,NULL,NULL,NULL,NULL),('c2d47fe9a9ce456786b6a85353a059e9','1df963525881409aae9e8f8c7d6794ea','005',NULL,NULL,19,NULL,'否',NULL,NULL,'超级管理员','2023-05-23 15:23:06',NULL,NULL,'tjq2-0001-001-005',NULL,NULL,NULL,NULL,NULL,NULL,NULL,NULL,NULL,NULL,NULL,NULL,NULL,NULL,NULL,NULL,NULL,NULL,NULL,NULL,NULL,NULL,NULL,NULL,NULL,NULL,NULL,NULL,NULL,NULL,NULL,NULL,NULL,NULL,NULL,NULL,NULL,NULL,NULL,NULL),('c2f4d4caecae4243a0dc918dea78f62e','1df963525881409aae9e8f8c7d6794ea','004',NULL,NULL,14,NULL,'否',NULL,NULL,'超级管理员','2023-05-23 15:22:51',NULL,NULL,'tjq2-0001-001-004',NULL,NULL,NULL,NULL,NULL,NULL,NULL,NULL,NULL,NULL,NULL,NULL,NULL,NULL,NULL,NULL,NULL,NULL,NULL,NULL,NULL,NULL,NULL,NULL,NULL,NULL,NULL,NULL,NULL,NULL,NULL,NULL,NULL,NULL,NULL,NULL,NULL,NULL,NULL,NULL),('c3f6e7a434cb4d59bcf6ca2302c4e8cf','0aac84562a73406bb126a8233b151d0f','001',NULL,NULL,3,NULL,'否',NULL,NULL,'超级管理员','2023-05-24 18:20:56',NULL,NULL,'3399-A-ERI-001-001',NULL,NULL,NULL,NULL,NULL,NULL,NULL,NULL,NULL,NULL,NULL,NULL,NULL,NULL,NULL,NULL,NULL,NULL,NULL,NULL,NULL,NULL,NULL,NULL,NULL,NULL,NULL,NULL,NULL,NULL,NULL,NULL,NULL,NULL,NULL,NULL,NULL,NULL,NULL,NULL),('c52f4b14647949888d0f5ec8c87c1147','665b759a7dd748b7a06bbe284feb581d','001',NULL,NULL,7,NULL,'否',NULL,NULL,'超级管理员','2023-05-18 14:58:33',NULL,NULL,'bjq1-0001-0001-001',NULL,NULL,NULL,NULL,NULL,NULL,NULL,NULL,NULL,NULL,NULL,NULL,NULL,NULL,NULL,NULL,NULL,NULL,NULL,NULL,NULL,NULL,NULL,NULL,NULL,NULL,NULL,NULL,NULL,NULL,NULL,NULL,NULL,NULL,NULL,NULL,NULL,NULL,NULL,NULL),('c67513bac29d4180a35bd9ed039cf7a6','665b759a7dd748b7a06bbe284feb581d','004',NULL,NULL,38,NULL,'否',NULL,NULL,'超级管理员','2023-05-18 14:58:38',NULL,NULL,'bjq1-0001-0001-004',NULL,NULL,NULL,NULL,NULL,NULL,NULL,NULL,NULL,NULL,NULL,NULL,NULL,NULL,NULL,NULL,NULL,NULL,NULL,NULL,NULL,NULL,NULL,NULL,NULL,NULL,NULL,NULL,NULL,NULL,NULL,NULL,NULL,NULL,NULL,NULL,NULL,NULL,NULL,NULL),('c7aa6fe4f3434556b2fe34809ef14e52','358b396ebbc140179308e8126bc7084c','002',NULL,NULL,6,NULL,'否',NULL,NULL,'超级管理员','2023-05-18 14:57:38',NULL,NULL,'0089-A-2000-001-002',NULL,NULL,NULL,NULL,NULL,NULL,NULL,NULL,NULL,NULL,NULL,NULL,NULL,NULL,NULL,NULL,NULL,NULL,NULL,NULL,NULL,NULL,NULL,NULL,NULL,NULL,NULL,NULL,NULL,NULL,NULL,NULL,NULL,NULL,NULL,NULL,NULL,NULL,NULL,NULL),('c83937eab5ca45f89fed11c4c76a60bf','0aac84562a73406bb126a8233b151d0f','003',8,10,8,3,'是',NULL,NULL,'超级管理员','2023-05-24 18:21:08',NULL,NULL,'3399-A-ERI-001-003',NULL,NULL,NULL,NULL,NULL,NULL,NULL,NULL,NULL,NULL,NULL,NULL,NULL,NULL,NULL,NULL,NULL,NULL,NULL,NULL,NULL,NULL,NULL,NULL,NULL,NULL,NULL,NULL,NULL,NULL,NULL,NULL,NULL,NULL,NULL,NULL,NULL,NULL,NULL,NULL),('c8dcb85d07b74245aa0188878a45a946','70da93c3fd6747478e4820efc12d8fa5','003',NULL,NULL,6,NULL,'否',NULL,NULL,'超级管理员','2023-05-24 18:20:23',NULL,NULL,'6969-S-IM-001-003',NULL,NULL,NULL,NULL,NULL,NULL,NULL,NULL,NULL,NULL,NULL,NULL,NULL,NULL,NULL,NULL,NULL,NULL,NULL,NULL,NULL,NULL,NULL,NULL,NULL,NULL,NULL,NULL,NULL,NULL,NULL,NULL,NULL,NULL,NULL,NULL,NULL,NULL,NULL,NULL),('ca5ec690c6ab46d58a166a9adf3f35e4','5e4ab1b52da64f44a841504c2a081e87','001',NULL,NULL,4,NULL,'否',NULL,NULL,'超级管理员','2023-05-19 12:02:42',NULL,NULL,'zbq3-0001-003-001',NULL,NULL,NULL,NULL,NULL,NULL,NULL,NULL,NULL,NULL,NULL,NULL,NULL,NULL,NULL,NULL,NULL,NULL,NULL,NULL,NULL,NULL,NULL,NULL,NULL,NULL,NULL,NULL,NULL,NULL,NULL,NULL,NULL,NULL,NULL,NULL,NULL,NULL,NULL,NULL),('cb95826f0a43475f9d8ce5fac6e8e39b','3b793883e6904d359246ece14c0f3681','003',3,4,3,2,'是',NULL,NULL,'超级管理员','2023-05-12 11:40:47',NULL,NULL,'扁鹊-10101010101-003',NULL,NULL,NULL,NULL,NULL,NULL,NULL,NULL,NULL,NULL,NULL,NULL,NULL,NULL,NULL,NULL,NULL,NULL,NULL,NULL,NULL,NULL,NULL,NULL,NULL,NULL,NULL,NULL,NULL,NULL,NULL,NULL,NULL,NULL,NULL,NULL,NULL,NULL,NULL,NULL),('ccb6dc87b3a049399f3232f068fce8da','bf331c5777ce4a399be160eadb3b6a11','001',1,1,1,1,'是',NULL,NULL,'超级管理员','2023-05-24 18:19:23',NULL,NULL,'6969-S-IM-005-001',NULL,NULL,NULL,NULL,NULL,NULL,NULL,NULL,NULL,NULL,NULL,NULL,NULL,NULL,NULL,NULL,NULL,NULL,NULL,NULL,NULL,NULL,NULL,NULL,NULL,NULL,NULL,NULL,NULL,NULL,NULL,NULL,NULL,NULL,NULL,NULL,NULL,NULL,NULL,NULL),('cd6d04e160be4c338b9b350692f8ea2d','0aac84562a73406bb126a8233b151d0f','003',NULL,NULL,10,NULL,'否',NULL,NULL,'超级管理员','2023-05-24 18:21:08',NULL,NULL,'3399-A-ERI-001-003',NULL,NULL,NULL,NULL,NULL,NULL,NULL,NULL,NULL,NULL,NULL,NULL,NULL,NULL,NULL,NULL,NULL,NULL,NULL,NULL,NULL,NULL,NULL,NULL,NULL,NULL,NULL,NULL,NULL,NULL,NULL,NULL,NULL,NULL,NULL,NULL,NULL,NULL,NULL,NULL),('ce4ad8a985d04e799b35c2e98676cb2a','21042a9733f14141941c9219d8826979','006',NULL,NULL,24,NULL,'否',NULL,NULL,'超级管理员','2023-05-18 16:52:59',NULL,NULL,'tjq1-0001-001-006',NULL,NULL,NULL,NULL,NULL,NULL,NULL,NULL,NULL,NULL,NULL,NULL,NULL,NULL,NULL,NULL,NULL,NULL,NULL,NULL,NULL,NULL,NULL,NULL,NULL,NULL,NULL,NULL,NULL,NULL,NULL,NULL,NULL,NULL,NULL,NULL,NULL,NULL,NULL,NULL),('ced649dd8bf043109f4abc307f3255c9','79191b7fb4e64c3d90515b723ec02bf3','001',NULL,NULL,2,NULL,'否',NULL,NULL,'超级管理员','2023-05-12 11:40:16',NULL,NULL,'2332-S-IU-002-001',NULL,NULL,NULL,NULL,NULL,NULL,NULL,NULL,NULL,NULL,NULL,NULL,NULL,NULL,NULL,NULL,NULL,NULL,NULL,NULL,NULL,NULL,NULL,NULL,NULL,NULL,NULL,NULL,NULL,NULL,NULL,NULL,NULL,NULL,NULL,NULL,NULL,NULL,NULL,NULL),('cf331f02cff74a12a91ed69942183643','de2b70a106194a5dad28f0467a8b05c5','002',NULL,NULL,5,NULL,'否',NULL,NULL,'超级管理员','2023-05-18 16:24:33',NULL,NULL,'2332-S-IU-003-002',NULL,NULL,NULL,NULL,NULL,NULL,NULL,NULL,NULL,NULL,NULL,NULL,NULL,NULL,NULL,NULL,NULL,NULL,NULL,NULL,NULL,NULL,NULL,NULL,NULL,NULL,NULL,NULL,NULL,NULL,NULL,NULL,NULL,NULL,NULL,NULL,NULL,NULL,NULL,NULL),('d0536dc9ae2d4a1b8c4383b712f35e56','665b759a7dd748b7a06bbe284feb581d','007',NULL,NULL,58,NULL,'否',NULL,NULL,'超级管理员','2023-05-18 14:58:56',NULL,NULL,'bjq1-0001-0001-007',NULL,NULL,NULL,NULL,NULL,NULL,NULL,NULL,NULL,NULL,NULL,NULL,NULL,NULL,NULL,NULL,NULL,NULL,NULL,NULL,NULL,NULL,NULL,NULL,NULL,NULL,NULL,NULL,NULL,NULL,NULL,NULL,NULL,NULL,NULL,NULL,NULL,NULL,NULL,NULL),('d26572d8860a41c5a2874a427bc87dda','21042a9733f14141941c9219d8826979','004',NULL,NULL,17,NULL,'否',NULL,NULL,'超级管理员','2023-05-18 16:52:49',NULL,NULL,'tjq1-0001-001-004',NULL,NULL,NULL,NULL,NULL,NULL,NULL,NULL,NULL,NULL,NULL,NULL,NULL,NULL,NULL,NULL,NULL,NULL,NULL,NULL,NULL,NULL,NULL,NULL,NULL,NULL,NULL,NULL,NULL,NULL,NULL,NULL,NULL,NULL,NULL,NULL,NULL,NULL,NULL,NULL),('d493133d369045098a08c013f49a86b8','21042a9733f14141941c9219d8826979','001',1,5,1,5,'是',NULL,NULL,'超级管理员','2023-05-18 16:52:15',NULL,NULL,'tjq1-0001-001-001',NULL,NULL,NULL,NULL,NULL,NULL,NULL,NULL,NULL,NULL,NULL,NULL,NULL,NULL,NULL,NULL,NULL,NULL,NULL,NULL,NULL,NULL,NULL,NULL,NULL,NULL,NULL,NULL,NULL,NULL,NULL,NULL,NULL,NULL,NULL,NULL,NULL,NULL,NULL,NULL),('d56e37a0b63e44898563ab3023661137','dd032ec1716c4277b24ebacf8f64c0be','002',3,5,3,3,'是',NULL,NULL,'超级管理员','2023-05-15 17:16:52',NULL,NULL,'1-002',NULL,NULL,NULL,NULL,NULL,NULL,NULL,NULL,NULL,NULL,NULL,NULL,NULL,NULL,NULL,NULL,NULL,NULL,NULL,NULL,NULL,NULL,NULL,NULL,NULL,NULL,NULL,NULL,NULL,NULL,NULL,NULL,NULL,NULL,NULL,NULL,NULL,NULL,NULL,NULL),('d67806e94d3f4bc1b7c5617960257a77','f39db1fa389d44c19cf4fa5d66565b99','002',3,5,3,3,'是',NULL,NULL,'超级管理员','2023-05-18 15:29:59',NULL,NULL,'2332-S-IU-004-002',NULL,NULL,NULL,NULL,NULL,NULL,NULL,NULL,NULL,NULL,NULL,NULL,NULL,NULL,NULL,NULL,NULL,NULL,NULL,NULL,NULL,NULL,NULL,NULL,NULL,NULL,NULL,NULL,NULL,NULL,NULL,NULL,NULL,NULL,NULL,NULL,NULL,NULL,NULL,NULL),('d7f83115cd4d4f56b2f28504247a15f3','1df963525881409aae9e8f8c7d6794ea','004',NULL,NULL,16,NULL,'否',NULL,NULL,'超级管理员','2023-05-23 15:22:51',NULL,NULL,'tjq2-0001-001-004',NULL,NULL,NULL,NULL,NULL,NULL,NULL,NULL,NULL,NULL,NULL,NULL,NULL,NULL,NULL,NULL,NULL,NULL,NULL,NULL,NULL,NULL,NULL,NULL,NULL,NULL,NULL,NULL,NULL,NULL,NULL,NULL,NULL,NULL,NULL,NULL,NULL,NULL,NULL,NULL),('d827475a8129494fbce0fb43e524c41e','dd032ec1716c4277b24ebacf8f64c0be','001',1,2,1,2,'是',NULL,NULL,'超级管理员','2023-05-15 17:16:50',NULL,NULL,'1-001',NULL,NULL,NULL,NULL,NULL,NULL,NULL,NULL,NULL,NULL,NULL,NULL,NULL,NULL,NULL,NULL,NULL,NULL,NULL,NULL,NULL,NULL,NULL,NULL,NULL,NULL,NULL,NULL,NULL,NULL,NULL,NULL,NULL,NULL,NULL,NULL,NULL,NULL,NULL,NULL),('dab161d249fe4e0ca749c3eef899b2c0','21042a9733f14141941c9219d8826979','003',11,15,11,5,'是',NULL,NULL,'超级管理员','2023-05-18 16:52:35',NULL,NULL,'tjq1-0001-001-003',NULL,NULL,NULL,NULL,NULL,NULL,NULL,NULL,NULL,NULL,NULL,NULL,NULL,NULL,NULL,NULL,NULL,NULL,NULL,NULL,NULL,NULL,NULL,NULL,NULL,NULL,NULL,NULL,NULL,NULL,NULL,NULL,NULL,NULL,NULL,NULL,NULL,NULL,NULL,NULL),('dbe11270618247798018eaccf708fc1f','2ad8ef353b5f450aae1c1e77f1141f99','003',3,5,3,3,'是','D:\\myprojects-szhjgxt\\image\\3.jpg',NULL,'超级管理员','2023-05-12 11:40:27',NULL,NULL,'2332-S-IU-001-003',NULL,NULL,NULL,NULL,NULL,NULL,NULL,NULL,NULL,NULL,NULL,NULL,NULL,NULL,NULL,NULL,NULL,NULL,NULL,NULL,NULL,NULL,NULL,NULL,NULL,NULL,NULL,NULL,NULL,NULL,NULL,NULL,NULL,NULL,NULL,NULL,NULL,NULL,NULL,NULL),('dcb576ee7440493998bbbe90741a6dc8','5a631bda1ade4a7a9c18fab427108474','001',NULL,NULL,5,NULL,'否',NULL,NULL,'超级管理员','2023-05-24 18:07:16',NULL,NULL,'C-2666666999999-001',NULL,NULL,NULL,NULL,NULL,NULL,NULL,NULL,NULL,NULL,NULL,NULL,NULL,NULL,NULL,NULL,NULL,NULL,NULL,NULL,NULL,NULL,NULL,NULL,NULL,NULL,NULL,NULL,NULL,NULL,NULL,NULL,NULL,NULL,NULL,NULL,NULL,NULL,NULL,NULL),('ddb8984d973541d8ad8a925e78a2d8f1','e21039bc1ec84cfe85b13e9edf046198','005',5,5,5,1,'是',NULL,NULL,'超级管理员','2023-05-24 18:07:39',NULL,NULL,'D-4666666999999-005',NULL,NULL,NULL,NULL,NULL,NULL,NULL,NULL,NULL,NULL,NULL,NULL,NULL,NULL,NULL,NULL,NULL,NULL,NULL,NULL,NULL,NULL,NULL,NULL,NULL,NULL,NULL,NULL,NULL,NULL,NULL,NULL,NULL,NULL,NULL,NULL,NULL,NULL,NULL,NULL),('deb5a89c3bcb493dbc9436441c37a19c','21042a9733f14141941c9219d8826979','002',NULL,NULL,7,NULL,'否',NULL,NULL,'超级管理员','2023-05-18 16:52:31',NULL,NULL,'tjq1-0001-001-002',NULL,NULL,NULL,NULL,NULL,NULL,NULL,NULL,NULL,NULL,NULL,NULL,NULL,NULL,NULL,NULL,NULL,NULL,NULL,NULL,NULL,NULL,NULL,NULL,NULL,NULL,NULL,NULL,NULL,NULL,NULL,NULL,NULL,NULL,NULL,NULL,NULL,NULL,NULL,NULL),('e0f0bfcd5b6744928246b893a1d62b7c','21042a9733f14141941c9219d8826979','002',NULL,NULL,10,NULL,'否',NULL,NULL,'超级管理员','2023-05-18 16:52:31',NULL,NULL,'tjq1-0001-001-002',NULL,NULL,NULL,NULL,NULL,NULL,NULL,NULL,NULL,NULL,NULL,NULL,NULL,NULL,NULL,NULL,NULL,NULL,NULL,NULL,NULL,NULL,NULL,NULL,NULL,NULL,NULL,NULL,NULL,NULL,NULL,NULL,NULL,NULL,NULL,NULL,NULL,NULL,NULL,NULL),('e33240eff321409bb7559b9036395964','70da93c3fd6747478e4820efc12d8fa5','003',NULL,NULL,10,NULL,'否',NULL,NULL,'超级管理员','2023-05-24 18:20:23',NULL,NULL,'6969-S-IM-001-003',NULL,NULL,NULL,NULL,NULL,NULL,NULL,NULL,NULL,NULL,NULL,NULL,NULL,NULL,NULL,NULL,NULL,NULL,NULL,NULL,NULL,NULL,NULL,NULL,NULL,NULL,NULL,NULL,NULL,NULL,NULL,NULL,NULL,NULL,NULL,NULL,NULL,NULL,NULL,NULL),('e33bde142b0140aeb759d1cfcbcee176','785da271a4824f90b8f7052707000307','001',1,2,1,2,'是','D:\\myprojects-szhjgxt\\image\\167543933.jpg',NULL,'超级管理员','2023-05-18 15:27:04','超级管理员','2023-05-23 14:41:13','zbq1-0001-001-001','20','吧v发表','韩国v反对','2002','2010',NULL,NULL,NULL,NULL,NULL,NULL,NULL,NULL,NULL,NULL,NULL,NULL,NULL,NULL,NULL,NULL,NULL,NULL,NULL,NULL,NULL,NULL,NULL,NULL,NULL,NULL,NULL,NULL,NULL,NULL,NULL,NULL,NULL,NULL,NULL),('e501890e58d44c9aba8f14de76936461','665b759a7dd748b7a06bbe284feb581d','007',NULL,NULL,57,NULL,'否',NULL,NULL,'超级管理员','2023-05-18 14:58:56',NULL,NULL,'bjq1-0001-0001-007',NULL,NULL,NULL,NULL,NULL,NULL,NULL,NULL,NULL,NULL,NULL,NULL,NULL,NULL,NULL,NULL,NULL,NULL,NULL,NULL,NULL,NULL,NULL,NULL,NULL,NULL,NULL,NULL,NULL,NULL,NULL,NULL,NULL,NULL,NULL,NULL,NULL,NULL,NULL,NULL),('e655cbdb13084f7fb38a5a1985bd5779','665b759a7dd748b7a06bbe284feb581d','004',NULL,NULL,36,NULL,'否',NULL,NULL,'超级管理员','2023-05-18 14:58:38',NULL,NULL,'bjq1-0001-0001-004',NULL,NULL,NULL,NULL,NULL,NULL,NULL,NULL,NULL,NULL,NULL,NULL,NULL,NULL,NULL,NULL,NULL,NULL,NULL,NULL,NULL,NULL,NULL,NULL,NULL,NULL,NULL,NULL,NULL,NULL,NULL,NULL,NULL,NULL,NULL,NULL,NULL,NULL,NULL,NULL),('e6e5c9db540841d7885c735856eb3248','b20b3bc09540409eac757f325f8610c6','001',1,2,1,2,'是','D:\\myprojects-szhjgxt\\image\\837-2.jpg',NULL,'超级管理员','2023-05-15 15:34:43',NULL,NULL,'0088-A-2003-001-001',NULL,NULL,NULL,NULL,NULL,NULL,NULL,NULL,NULL,NULL,NULL,NULL,NULL,NULL,NULL,NULL,NULL,NULL,NULL,NULL,NULL,NULL,NULL,NULL,NULL,NULL,NULL,NULL,NULL,NULL,NULL,NULL,NULL,NULL,NULL,NULL,NULL,NULL,NULL,NULL),('e712afe0d57541e9bdae8eae2b9a1b9f','665b759a7dd748b7a06bbe284feb581d','007',NULL,NULL,60,NULL,'否',NULL,NULL,'超级管理员','2023-05-18 14:58:56',NULL,NULL,'bjq1-0001-0001-007',NULL,NULL,NULL,NULL,NULL,NULL,NULL,NULL,NULL,NULL,NULL,NULL,NULL,NULL,NULL,NULL,NULL,NULL,NULL,NULL,NULL,NULL,NULL,NULL,NULL,NULL,NULL,NULL,NULL,NULL,NULL,NULL,NULL,NULL,NULL,NULL,NULL,NULL,NULL,NULL),('e8280cba2484481092c920865cab07f3','5e4ab1b52da64f44a841504c2a081e87','004',11,13,11,3,'是',NULL,NULL,'超级管理员','2023-05-23 14:08:38',NULL,NULL,'zbq3-0001-003-004',NULL,NULL,NULL,NULL,NULL,NULL,NULL,NULL,NULL,NULL,NULL,NULL,NULL,NULL,NULL,NULL,NULL,NULL,NULL,NULL,NULL,NULL,NULL,NULL,NULL,NULL,NULL,NULL,NULL,NULL,NULL,NULL,NULL,NULL,NULL,NULL,NULL,NULL,NULL,NULL),('e887f2bcfa664e379a31f339bb7e98c0','f39db1fa389d44c19cf4fa5d66565b99','002',NULL,NULL,4,NULL,'否',NULL,NULL,'超级管理员','2023-05-18 15:29:59',NULL,NULL,'2332-S-IU-004-002',NULL,NULL,NULL,NULL,NULL,NULL,NULL,NULL,NULL,NULL,NULL,NULL,NULL,NULL,NULL,NULL,NULL,NULL,NULL,NULL,NULL,NULL,NULL,NULL,NULL,NULL,NULL,NULL,NULL,NULL,NULL,NULL,NULL,NULL,NULL,NULL,NULL,NULL,NULL,NULL),('e9f433449f684ed59ac908974d06dc64','665b759a7dd748b7a06bbe284feb581d','004',NULL,NULL,32,NULL,'否',NULL,NULL,'超级管理员','2023-05-18 14:58:38',NULL,NULL,'bjq1-0001-0001-004',NULL,NULL,NULL,NULL,NULL,NULL,NULL,NULL,NULL,NULL,NULL,NULL,NULL,NULL,NULL,NULL,NULL,NULL,NULL,NULL,NULL,NULL,NULL,NULL,NULL,NULL,NULL,NULL,NULL,NULL,NULL,NULL,NULL,NULL,NULL,NULL,NULL,NULL,NULL,NULL),('ea125b1c626d44e5bcf72aa284272739','0a3080324d63419497fe0f2b8446c6f9','003',6,10,6,5,'是',NULL,NULL,'超级管理员','2023-05-10 18:23:01',NULL,NULL,'9886-A-MAU-002-003',NULL,NULL,NULL,NULL,NULL,NULL,NULL,NULL,NULL,NULL,NULL,NULL,NULL,NULL,NULL,NULL,NULL,NULL,NULL,NULL,NULL,NULL,NULL,NULL,NULL,NULL,NULL,NULL,NULL,NULL,NULL,NULL,NULL,NULL,NULL,NULL,NULL,NULL,NULL,NULL),('ea702794f00e42a08171f8b86043a1b5','5a631bda1ade4a7a9c18fab427108474','001',NULL,NULL,3,NULL,'否',NULL,NULL,'超级管理员','2023-05-24 18:07:16',NULL,NULL,'C-2666666999999-001',NULL,NULL,NULL,NULL,NULL,NULL,NULL,NULL,NULL,NULL,NULL,NULL,NULL,NULL,NULL,NULL,NULL,NULL,NULL,NULL,NULL,NULL,NULL,NULL,NULL,NULL,NULL,NULL,NULL,NULL,NULL,NULL,NULL,NULL,NULL,NULL,NULL,NULL,NULL,NULL),('ea91cc1ab1364673998e3e328229b2ee','665b759a7dd748b7a06bbe284feb581d','002',NULL,NULL,19,NULL,'否',NULL,NULL,'超级管理员','2023-05-18 14:58:34',NULL,NULL,'bjq1-0001-0001-002',NULL,NULL,NULL,NULL,NULL,NULL,NULL,NULL,NULL,NULL,NULL,NULL,NULL,NULL,NULL,NULL,NULL,NULL,NULL,NULL,NULL,NULL,NULL,NULL,NULL,NULL,NULL,NULL,NULL,NULL,NULL,NULL,NULL,NULL,NULL,NULL,NULL,NULL,NULL,NULL),('ed1bab2bc9bc488c91308a5d21724e33','cb62fc8d07414a8f9516c481a3b1b819','003',3,3,3,1,'是',NULL,NULL,'超级管理员','2023-05-24 18:06:52',NULL,NULL,'A-1666666999999-003',NULL,NULL,NULL,NULL,NULL,NULL,NULL,NULL,NULL,NULL,NULL,NULL,NULL,NULL,NULL,NULL,NULL,NULL,NULL,NULL,NULL,NULL,NULL,NULL,NULL,NULL,NULL,NULL,NULL,NULL,NULL,NULL,NULL,NULL,NULL,NULL,NULL,NULL,NULL,NULL),('ee3ef585a8c24f5cb126c4a3bf7f1e89','3b793883e6904d359246ece14c0f3681','004',NULL,NULL,10,NULL,'否',NULL,NULL,'超级管理员','2023-05-12 11:40:54',NULL,NULL,'扁鹊-10101010101-004',NULL,NULL,NULL,NULL,NULL,NULL,NULL,NULL,NULL,NULL,NULL,NULL,NULL,NULL,NULL,NULL,NULL,NULL,NULL,NULL,NULL,NULL,NULL,NULL,NULL,NULL,NULL,NULL,NULL,NULL,NULL,NULL,NULL,NULL,NULL,NULL,NULL,NULL,NULL,NULL),('eea3509742744d038a401b18d45c8c46','21042a9733f14141941c9219d8826979','006',NULL,NULL,23,NULL,'否',NULL,NULL,'超级管理员','2023-05-18 16:52:59',NULL,NULL,'tjq1-0001-001-006',NULL,NULL,NULL,NULL,NULL,NULL,NULL,NULL,NULL,NULL,NULL,NULL,NULL,NULL,NULL,NULL,NULL,NULL,NULL,NULL,NULL,NULL,NULL,NULL,NULL,NULL,NULL,NULL,NULL,NULL,NULL,NULL,NULL,NULL,NULL,NULL,NULL,NULL,NULL,NULL),('f00d2217434c4373bf5b2156144bc559','1df963525881409aae9e8f8c7d6794ea','002',NULL,NULL,5,NULL,'否',NULL,NULL,'超级管理员','2023-05-23 15:21:43',NULL,NULL,'tjq2-0001-001-002',NULL,NULL,NULL,NULL,NULL,NULL,NULL,NULL,NULL,NULL,NULL,NULL,NULL,NULL,NULL,NULL,NULL,NULL,NULL,NULL,NULL,NULL,NULL,NULL,NULL,NULL,NULL,NULL,NULL,NULL,NULL,NULL,NULL,NULL,NULL,NULL,NULL,NULL,NULL,NULL),('f05fd86755284be6a7efa4d8e41b5ea4','665b759a7dd748b7a06bbe284feb581d','002',NULL,NULL,20,NULL,'否',NULL,NULL,'超级管理员','2023-05-18 14:58:34',NULL,NULL,'bjq1-0001-0001-002',NULL,NULL,NULL,NULL,NULL,NULL,NULL,NULL,NULL,NULL,NULL,NULL,NULL,NULL,NULL,NULL,NULL,NULL,NULL,NULL,NULL,NULL,NULL,NULL,NULL,NULL,NULL,NULL,NULL,NULL,NULL,NULL,NULL,NULL,NULL,NULL,NULL,NULL,NULL,NULL),('f0a349e95e594c2f9150c8e9a9f67916','3b793883e6904d359246ece14c0f3681','004',NULL,NULL,8,NULL,'否',NULL,NULL,'超级管理员','2023-05-12 11:40:54',NULL,NULL,'扁鹊-10101010101-004',NULL,NULL,NULL,NULL,NULL,NULL,NULL,NULL,NULL,NULL,NULL,NULL,NULL,NULL,NULL,NULL,NULL,NULL,NULL,NULL,NULL,NULL,NULL,NULL,NULL,NULL,NULL,NULL,NULL,NULL,NULL,NULL,NULL,NULL,NULL,NULL,NULL,NULL,NULL,NULL),('f1ce14199c75458685ad3fe4d2ef49db','665b759a7dd748b7a06bbe284feb581d','003',NULL,NULL,22,NULL,'否',NULL,NULL,'超级管理员','2023-05-18 14:58:37',NULL,NULL,'bjq1-0001-0001-003',NULL,NULL,NULL,NULL,NULL,NULL,NULL,NULL,NULL,NULL,NULL,NULL,NULL,NULL,NULL,NULL,NULL,NULL,NULL,NULL,NULL,NULL,NULL,NULL,NULL,NULL,NULL,NULL,NULL,NULL,NULL,NULL,NULL,NULL,NULL,NULL,NULL,NULL,NULL,NULL),('f36e8ef43fd14dd89f6ea2d06e2f6b7a','5e4ab1b52da64f44a841504c2a081e87','005',NULL,NULL,15,NULL,'否',NULL,NULL,'超级管理员','2023-05-23 14:19:46',NULL,NULL,'zbq3-0001-003-005',NULL,NULL,NULL,NULL,NULL,NULL,NULL,NULL,NULL,NULL,NULL,NULL,NULL,NULL,NULL,NULL,NULL,NULL,NULL,NULL,NULL,NULL,NULL,NULL,NULL,NULL,NULL,NULL,NULL,NULL,NULL,NULL,NULL,NULL,NULL,NULL,NULL,NULL,NULL,NULL),('f389d118ec3e4ba99e9ab6cda798f328','4390136f85394ed289182639db33460b','002',NULL,NULL,6,NULL,'否','D:\\myprojects-szhjgxt\\image\\rmcVt4M218.jpg',NULL,'超级管理员','2023-05-18 15:45:55',NULL,NULL,'zbq2-0001-002-002',NULL,NULL,NULL,NULL,NULL,NULL,NULL,NULL,NULL,NULL,NULL,NULL,NULL,NULL,NULL,NULL,NULL,NULL,NULL,NULL,NULL,NULL,NULL,NULL,NULL,NULL,NULL,NULL,NULL,NULL,NULL,NULL,NULL,NULL,NULL,NULL,NULL,NULL,NULL,NULL),('f40b3ca28ed445caa76d5d4ab52c4f4c','665b759a7dd748b7a06bbe284feb581d','001',NULL,NULL,4,NULL,'否',NULL,NULL,'超级管理员','2023-05-18 14:58:33',NULL,NULL,'bjq1-0001-0001-001',NULL,NULL,NULL,NULL,NULL,NULL,NULL,NULL,NULL,NULL,NULL,NULL,NULL,NULL,NULL,NULL,NULL,NULL,NULL,NULL,NULL,NULL,NULL,NULL,NULL,NULL,NULL,NULL,NULL,NULL,NULL,NULL,NULL,NULL,NULL,NULL,NULL,NULL,NULL,NULL),('f54a0ec9840f486fa210e7422aa7606a','0a3080324d63419497fe0f2b8446c6f9','001',NULL,NULL,2,NULL,'否',NULL,NULL,'超级管理员','2023-05-10 18:22:55',NULL,NULL,'9886-A-MAU-002-001',NULL,NULL,NULL,NULL,NULL,NULL,NULL,NULL,NULL,NULL,NULL,NULL,NULL,NULL,NULL,NULL,NULL,NULL,NULL,NULL,NULL,NULL,NULL,NULL,NULL,NULL,NULL,NULL,NULL,NULL,NULL,NULL,NULL,NULL,NULL,NULL,NULL,NULL,NULL,NULL),('f5fe1473b35d4b0fbda092aad3106e02','785da271a4824f90b8f7052707000307','002',NULL,NULL,4,NULL,'否','D:\\myprojects-szhjgxt\\image\\2574946266.jpg',NULL,'超级管理员','2023-05-18 15:27:06',NULL,NULL,'zbq1-0001-001-002',NULL,NULL,NULL,NULL,NULL,NULL,NULL,NULL,NULL,NULL,NULL,NULL,NULL,NULL,NULL,NULL,NULL,NULL,NULL,NULL,NULL,NULL,NULL,NULL,NULL,NULL,NULL,NULL,NULL,NULL,NULL,NULL,NULL,NULL,NULL,NULL,NULL,NULL,NULL,NULL),('f61470347a934ce68c4b464bb49f293f','70da93c3fd6747478e4820efc12d8fa5','002',3,4,3,2,'是',NULL,NULL,'超级管理员','2023-05-24 18:20:18',NULL,NULL,'6969-S-IM-001-002',NULL,NULL,NULL,NULL,NULL,NULL,NULL,NULL,NULL,NULL,NULL,NULL,NULL,NULL,NULL,NULL,NULL,NULL,NULL,NULL,NULL,NULL,NULL,NULL,NULL,NULL,NULL,NULL,NULL,NULL,NULL,NULL,NULL,NULL,NULL,NULL,NULL,NULL,NULL,NULL),('f739e527e19344e6ad038fece0cb293b','f39db1fa389d44c19cf4fa5d66565b99','001',1,2,1,2,'是','D:\\myprojects-szhjgxt\\image\\4.png',NULL,'超级管理员','2023-05-18 15:29:56',NULL,NULL,'2332-S-IU-004-001',NULL,NULL,NULL,NULL,NULL,NULL,NULL,NULL,NULL,NULL,NULL,NULL,NULL,NULL,NULL,NULL,NULL,NULL,NULL,NULL,NULL,NULL,NULL,NULL,NULL,NULL,NULL,NULL,NULL,NULL,NULL,NULL,NULL,NULL,NULL,NULL,NULL,NULL,NULL,NULL),('f799139755d4462ea9e8623b12b80385','60af28c31d8e4b3484aba484a60c251c','003',NULL,NULL,12,NULL,'否',NULL,NULL,'超级管理员','2023-05-18 14:20:44',NULL,NULL,'ddd1-003',NULL,NULL,NULL,NULL,NULL,NULL,NULL,NULL,NULL,NULL,NULL,NULL,NULL,NULL,NULL,NULL,NULL,NULL,NULL,NULL,NULL,NULL,NULL,NULL,NULL,NULL,NULL,NULL,NULL,NULL,NULL,NULL,NULL,NULL,NULL,NULL,NULL,NULL,NULL,NULL),('f8455a157c9048a39ecacd5d31a0ad52','2ad8ef353b5f450aae1c1e77f1141f99','001',1,1,1,1,'是','D:\\myprojects-szhjgxt\\image\\1.jpg',NULL,'超级管理员','2023-05-12 11:40:23','超级管理员','2023-05-19 17:58:36','2332-S-IU-001-001','10','存放数据档案类型','学生档案','2021','2023',NULL,NULL,NULL,NULL,NULL,NULL,NULL,NULL,NULL,NULL,NULL,NULL,NULL,NULL,NULL,NULL,NULL,NULL,NULL,NULL,NULL,NULL,NULL,NULL,NULL,NULL,NULL,NULL,NULL,NULL,NULL,NULL,NULL,NULL,NULL),('f858423ab48748ba8da826472e67fc6d','4390136f85394ed289182639db33460b','001',1,2,1,2,'是','D:\\myprojects-szhjgxt\\image\\view333.jpg',NULL,'超级管理员','2023-05-18 15:45:54','超级管理员','2023-05-23 15:46:03','zbq2-0001-002-001','20','1221','cdcdx','2002','2010',NULL,NULL,NULL,NULL,NULL,NULL,NULL,NULL,NULL,NULL,NULL,NULL,NULL,NULL,NULL,NULL,NULL,NULL,NULL,NULL,NULL,NULL,NULL,NULL,NULL,NULL,NULL,NULL,NULL,NULL,NULL,NULL,NULL,NULL,NULL),('f90d2ed0591743faa69624c4782a93f3','665b759a7dd748b7a06bbe284feb581d','003',21,30,21,10,'是',NULL,NULL,'超级管理员','2023-05-18 14:58:37',NULL,NULL,'bjq1-0001-0001-003',NULL,NULL,NULL,NULL,NULL,NULL,NULL,NULL,NULL,NULL,NULL,NULL,NULL,NULL,NULL,NULL,NULL,NULL,NULL,NULL,NULL,NULL,NULL,NULL,NULL,NULL,NULL,NULL,NULL,NULL,NULL,NULL,NULL,NULL,NULL,NULL,NULL,NULL,NULL,NULL),('f948ee36dfc249ab8a29b19f1621f998','d2d2b44ba7f847b8bbd96cd239b7e4ec','001',1,1,1,1,'是',NULL,NULL,'超级管理员','2023-05-24 18:19:35',NULL,NULL,'6969-S-IM-003-001',NULL,NULL,NULL,NULL,NULL,NULL,NULL,NULL,NULL,NULL,NULL,NULL,NULL,NULL,NULL,NULL,NULL,NULL,NULL,NULL,NULL,NULL,NULL,NULL,NULL,NULL,NULL,NULL,NULL,NULL,NULL,NULL,NULL,NULL,NULL,NULL,NULL,NULL,NULL,NULL),('fa4fa46abebe4342ba723731e257f4b4','eb21e745714f4468bd9f184fce2390f3','001',1,1,1,1,'是',NULL,NULL,'超级管理员','2023-05-15 17:16:25',NULL,NULL,'2-001',NULL,NULL,NULL,NULL,NULL,NULL,NULL,NULL,NULL,NULL,NULL,NULL,NULL,NULL,NULL,NULL,NULL,NULL,NULL,NULL,NULL,NULL,NULL,NULL,NULL,NULL,NULL,NULL,NULL,NULL,NULL,NULL,NULL,NULL,NULL,NULL,NULL,NULL,NULL,NULL),('fa670833f95146348f182733582f0ee7','1df963525881409aae9e8f8c7d6794ea','001',NULL,NULL,3,NULL,'否',NULL,NULL,'超级管理员','2023-05-23 15:21:16',NULL,NULL,'tjq2-0001-001-001',NULL,NULL,NULL,NULL,NULL,NULL,NULL,NULL,NULL,NULL,NULL,NULL,NULL,NULL,NULL,NULL,NULL,NULL,NULL,NULL,NULL,NULL,NULL,NULL,NULL,NULL,NULL,NULL,NULL,NULL,NULL,NULL,NULL,NULL,NULL,NULL,NULL,NULL,NULL,NULL),('fa81d6e18d2a442298a59dd5f3a64712','70da93c3fd6747478e4820efc12d8fa5','003',NULL,NULL,9,NULL,'否',NULL,NULL,'超级管理员','2023-05-24 18:20:23',NULL,NULL,'6969-S-IM-001-003',NULL,NULL,NULL,NULL,NULL,NULL,NULL,NULL,NULL,NULL,NULL,NULL,NULL,NULL,NULL,NULL,NULL,NULL,NULL,NULL,NULL,NULL,NULL,NULL,NULL,NULL,NULL,NULL,NULL,NULL,NULL,NULL,NULL,NULL,NULL,NULL,NULL,NULL,NULL,NULL),('fae7910bb96f40eda4545d32ce83b915','358b396ebbc140179308e8126bc7084c','002',5,6,5,2,'是',NULL,NULL,'超级管理员','2023-05-18 14:57:38',NULL,NULL,'0089-A-2000-001-002',NULL,NULL,NULL,NULL,NULL,NULL,NULL,NULL,NULL,NULL,NULL,NULL,NULL,NULL,NULL,NULL,NULL,NULL,NULL,NULL,NULL,NULL,NULL,NULL,NULL,NULL,NULL,NULL,NULL,NULL,NULL,NULL,NULL,NULL,NULL,NULL,NULL,NULL,NULL,NULL),('fc1d5da5a7054711bcc366fa79017b4c','60af28c31d8e4b3484aba484a60c251c','001',1,5,1,5,'是',NULL,NULL,'超级管理员','2023-05-18 14:20:40',NULL,NULL,'ddd1-001',NULL,NULL,NULL,NULL,NULL,NULL,NULL,NULL,NULL,NULL,NULL,NULL,NULL,NULL,NULL,NULL,NULL,NULL,NULL,NULL,NULL,NULL,NULL,NULL,NULL,NULL,NULL,NULL,NULL,NULL,NULL,NULL,NULL,NULL,NULL,NULL,NULL,NULL,NULL,NULL),('fd1da73af8ef44ffb618421f719f00c5','3b793883e6904d359246ece14c0f3681','004',5,10,5,6,'是',NULL,NULL,'超级管理员','2023-05-12 11:40:54',NULL,NULL,'扁鹊-10101010101-004',NULL,NULL,NULL,NULL,NULL,NULL,NULL,NULL,NULL,NULL,NULL,NULL,NULL,NULL,NULL,NULL,NULL,NULL,NULL,NULL,NULL,NULL,NULL,NULL,NULL,NULL,NULL,NULL,NULL,NULL,NULL,NULL,NULL,NULL,NULL,NULL,NULL,NULL,NULL,NULL),('fd9fa64907794ce8974b3bc980fab04c','0a3080324d63419497fe0f2b8446c6f9','003',NULL,NULL,7,NULL,'否',NULL,NULL,'超级管理员','2023-05-10 18:23:01',NULL,NULL,'9886-A-MAU-002-003',NULL,NULL,NULL,NULL,NULL,NULL,NULL,NULL,NULL,NULL,NULL,NULL,NULL,NULL,NULL,NULL,NULL,NULL,NULL,NULL,NULL,NULL,NULL,NULL,NULL,NULL,NULL,NULL,NULL,NULL,NULL,NULL,NULL,NULL,NULL,NULL,NULL,NULL,NULL,NULL);
/*!40000 ALTER TABLE `t_jianji` ENABLE KEYS */;
UNLOCK TABLES;

--
-- Table structure for table `t_juanji`
--

DROP TABLE IF EXISTS `t_juanji`;
/*!40101 SET @saved_cs_client     = @@character_set_client */;
/*!50503 SET character_set_client = utf8mb4 */;
CREATE TABLE `t_juanji` (
  `id` varchar(50) NOT NULL COMMENT '主键',
  `pc_id` varchar(50) DEFAULT NULL COMMENT '批次号(id)',
  `dalx` varchar(50) DEFAULT NULL COMMENT '档案类型',
  `rwzt` varchar(50) CHARACTER SET utf8mb4 COLLATE utf8mb4_0900_ai_ci DEFAULT NULL COMMENT '任务状态',
  `dqgx` int DEFAULT NULL COMMENT '当前工序',
  `cataloged` varchar(10) CHARACTER SET utf8mb4 COLLATE utf8mb4_0900_ai_ci DEFAULT NULL COMMENT '是否目录著录',
  `lqr` varchar(50) CHARACTER SET utf8mb4 COLLATE utf8mb4_0900_ai_ci DEFAULT NULL COMMENT '领取人',
  `create_by` varchar(50) DEFAULT NULL COMMENT '创建人',
  `create_time` datetime DEFAULT NULL COMMENT '创建时间',
  `update_by` varchar(50) DEFAULT NULL COMMENT '修改人',
  `update_time` datetime DEFAULT NULL COMMENT '修改时间',
  `claim_time` datetime DEFAULT NULL COMMENT '任务领取时间',
  `finish_time` datetime DEFAULT NULL COMMENT '任务完成时间',
  `xgyj` text CHARACTER SET utf8mb4 COLLATE utf8mb4_0900_ai_ci COMMENT '修改意见',
  `dagdm` varchar(100) DEFAULT NULL COMMENT '档案馆代码',
  `dagmc` varchar(100) DEFAULT NULL COMMENT '档案馆名称',
  `bh` varchar(200) DEFAULT NULL COMMENT '编号',
  `field1` varchar(255) DEFAULT NULL,
  `field2` varchar(255) DEFAULT NULL,
  `field3` varchar(255) DEFAULT NULL,
  `field4` varchar(255) DEFAULT NULL,
  `field5` varchar(255) DEFAULT NULL,
  `field6` varchar(255) DEFAULT NULL,
  `field7` varchar(255) DEFAULT NULL,
  `field8` varchar(255) DEFAULT NULL,
  `field9` varchar(255) DEFAULT NULL,
  `field10` varchar(255) DEFAULT NULL,
  `field11` varchar(255) DEFAULT NULL,
  `field12` varchar(255) DEFAULT NULL,
  `field13` varchar(255) DEFAULT NULL,
  `field14` varchar(255) DEFAULT NULL,
  `field15` varchar(255) DEFAULT NULL,
  `field16` varchar(255) DEFAULT NULL,
  `field17` varchar(255) DEFAULT NULL,
  `field18` varchar(255) DEFAULT NULL,
  `field19` varchar(255) DEFAULT NULL,
  `field20` varchar(255) DEFAULT NULL,
  `time1` datetime DEFAULT NULL,
  `time2` datetime DEFAULT NULL,
  `time3` datetime DEFAULT NULL,
  `time4` datetime DEFAULT NULL,
  `time5` datetime DEFAULT NULL,
  `int_1` int DEFAULT NULL,
  `int_2` int DEFAULT NULL,
  `int_3` int DEFAULT NULL,
  `int_4` int DEFAULT NULL,
  `int_5` int DEFAULT NULL,
  PRIMARY KEY (`id`)
) ENGINE=InnoDB DEFAULT CHARSET=utf8mb4 COLLATE=utf8mb4_0900_ai_ci COMMENT='档案_案卷表';
/*!40101 SET character_set_client = @saved_cs_client */;

--
-- Dumping data for table `t_juanji`
--

LOCK TABLES `t_juanji` WRITE;
/*!40000 ALTER TABLE `t_juanji` DISABLE KEYS */;
INSERT INTO `t_juanji` VALUES ('0438b070b57445caa0e29c257d6849b0','9dc2acbfcbf64cb588b4d7f1c90847bd','132b14e6ce98499c85901bf5b7eaf431','已完成',2,'是','','超级管理员','2023-05-24 18:18:46',NULL,NULL,'2023-05-24 18:19:05','2023-05-24 18:23:15',NULL,NULL,NULL,'6969-S-IM-006','6969','S-IM','006','2012','永久',NULL,NULL,NULL,NULL,NULL,NULL,NULL,NULL,NULL,NULL,NULL,NULL,NULL,NULL,NULL,NULL,NULL,NULL,NULL,NULL,NULL,NULL,NULL,NULL,NULL),('0a3080324d63419497fe0f2b8446c6f9','db5259c424624ec4b114753535c1b87c','132b14e6ce98499c85901bf5b7eaf431','进行中',2,NULL,'超级管理员','超级管理员','2023-05-09 18:19:01','超级管理员','2023-05-09 18:30:59','2023-05-15 15:30:42',NULL,NULL,NULL,NULL,'9886-A-MAU-002','9886','A-MAU','002','2012','定期10年',NULL,NULL,NULL,NULL,NULL,NULL,NULL,NULL,NULL,NULL,NULL,NULL,NULL,NULL,NULL,NULL,NULL,NULL,NULL,NULL,NULL,NULL,NULL,NULL,NULL),('0aac84562a73406bb126a8233b151d0f','9dc2acbfcbf64cb588b4d7f1c90847bd','132b14e6ce98499c85901bf5b7eaf431','已完成',2,'是','','超级管理员','2023-05-24 18:13:56',NULL,NULL,'2023-05-24 18:20:52','2023-05-24 18:23:58',NULL,NULL,NULL,'3399-A-ERI-001','3399','A-ERI','001','2002','定期10年',NULL,NULL,NULL,NULL,NULL,NULL,NULL,NULL,NULL,NULL,NULL,NULL,NULL,NULL,NULL,NULL,NULL,NULL,NULL,NULL,NULL,NULL,NULL,NULL,NULL),('0f5d2d4f9e854141a9b493c34964de33','1dcb7b70cf8e477d9c45261415063e0f','132b14e6ce98499c85901bf5b7eaf432','已完成',2,'是','','超级管理员','2023-05-24 18:05:11',NULL,NULL,'2023-05-24 18:06:56','2023-05-24 18:10:44',NULL,NULL,NULL,'B-2666666999999','B','男','汉族','其他证件','2666666999999','2006',NULL,NULL,NULL,NULL,NULL,NULL,NULL,NULL,NULL,NULL,NULL,NULL,NULL,NULL,'2023-05-09 00:00:00',NULL,'2023-05-08 00:00:00',NULL,NULL,NULL,NULL,NULL,NULL,NULL),('1546918187304ad59fcba994b420b667','db5259c424624ec4b114753535c1b87c','132b14e6ce98499c85901bf5b7eaf431','进行中',3,NULL,'超级管理员','超级管理员','2023-05-11 10:57:17',NULL,NULL,'2023-05-22 11:06:09','2023-05-15 14:31:41',NULL,NULL,NULL,'0088-A-2003-002','0088','A-2003','002','2004','定期10年',NULL,NULL,NULL,NULL,NULL,NULL,NULL,NULL,NULL,NULL,NULL,NULL,NULL,NULL,NULL,NULL,NULL,NULL,NULL,NULL,NULL,NULL,NULL,NULL,NULL),('1df963525881409aae9e8f8c7d6794ea','11273238a95c4b06b0ffac2c3a333309','132b14e6ce98499c85901bf5b7eaf431','未进行',4,NULL,'','超级管理员','2023-05-23 14:31:09',NULL,NULL,'2023-05-23 15:25:26','2023-05-23 15:29:37',NULL,NULL,NULL,'tjq2-0001-001','tjq2','0001','001','2023','定期30年',NULL,NULL,NULL,NULL,NULL,NULL,NULL,NULL,NULL,NULL,NULL,NULL,NULL,NULL,NULL,NULL,NULL,NULL,NULL,NULL,NULL,NULL,NULL,NULL,NULL),('21042a9733f14141941c9219d8826979','11273238a95c4b06b0ffac2c3a333309','132b14e6ce98499c85901bf5b7eaf431','进行中',3,NULL,'超级管理员','超级管理员','2023-05-18 16:50:41',NULL,NULL,'2023-05-26 16:44:48','2023-05-26 16:44:40','谁谁谁',NULL,NULL,'tjq1-0001-001','tjq1','0001','001','2023','定期30年',NULL,NULL,NULL,NULL,NULL,NULL,NULL,NULL,NULL,NULL,NULL,NULL,NULL,NULL,NULL,NULL,NULL,NULL,NULL,NULL,NULL,NULL,NULL,NULL,NULL),('26b7193c2e974ce0858ba4d0cc1cd6c0','20d5eedecea44c99b5f52d3435b95769','132b14e6ce98499c85901bf5b7eaf431','未进行',1,NULL,NULL,'超级管理员','2023-05-23 16:34:48',NULL,NULL,NULL,NULL,NULL,NULL,NULL,'001-Y-897-001','001','Y-897','001','2009','定期10年',NULL,NULL,NULL,NULL,NULL,NULL,NULL,NULL,NULL,NULL,NULL,NULL,NULL,NULL,NULL,NULL,NULL,NULL,NULL,NULL,NULL,NULL,NULL,NULL,NULL),('2ad8ef353b5f450aae1c1e77f1141f99','20d5eedecea44c99b5f52d3435b95769','132b14e6ce98499c85901bf5b7eaf431','进行中',8,'','超级管理员','超级管理员','2023-05-12 10:24:07',NULL,NULL,'2023-05-18 16:38:37','2023-05-17 15:56:41','是真实的朝鲜',NULL,NULL,'2332-S-IU-001','2332','S-IU','001','2019','定期10年',NULL,NULL,NULL,NULL,NULL,NULL,NULL,NULL,NULL,NULL,NULL,NULL,NULL,NULL,NULL,NULL,NULL,NULL,NULL,NULL,NULL,NULL,NULL,NULL,NULL),('358b396ebbc140179308e8126bc7084c','db5259c424624ec4b114753535c1b87c','132b14e6ce98499c85901bf5b7eaf431','进行中',5,NULL,'超级管理员','超级管理员','2023-05-11 10:58:09',NULL,NULL,'2023-05-18 15:09:55','2023-05-18 15:09:12','没有分件',NULL,NULL,'0089-A-2000-001','0089','A-2000','001','2012','定期30年',NULL,NULL,NULL,NULL,NULL,NULL,NULL,NULL,NULL,NULL,NULL,NULL,NULL,NULL,NULL,NULL,NULL,NULL,NULL,NULL,NULL,NULL,NULL,NULL,NULL),('3a9855cab89f437d8dc5fefe6bed43a4','9dc2acbfcbf64cb588b4d7f1c90847bd','132b14e6ce98499c85901bf5b7eaf431','已完成',2,'是','','超级管理员','2023-05-24 18:17:49',NULL,NULL,'2023-05-24 18:19:27','2023-05-24 18:23:26',NULL,NULL,NULL,'6969-S-IM-004','6969','S-IM','004','2012','永久',NULL,NULL,NULL,NULL,NULL,NULL,NULL,NULL,NULL,NULL,NULL,NULL,NULL,NULL,NULL,NULL,NULL,NULL,NULL,NULL,NULL,NULL,NULL,NULL,NULL),('3b793883e6904d359246ece14c0f3681','169c506840d84c29b7e390bc0affde09','132b14e6ce98499c85901bf5b7eaf432','进行中',3,'进行中','超级管理员','超级管理员','2023-05-12 10:26:50','超级管理员','2023-05-23 15:46:00','2023-05-23 15:44:22',NULL,NULL,NULL,NULL,'扁鹊-10101010101','扁鹊','男','汉族','其他证件','10101010101','2014',NULL,NULL,NULL,NULL,NULL,NULL,NULL,NULL,NULL,NULL,NULL,NULL,NULL,NULL,'2023-05-08 00:00:00',NULL,'2022-05-24 00:00:00',NULL,NULL,NULL,NULL,NULL,NULL,NULL),('4390136f85394ed289182639db33460b','0d7898d9e96348b58f1363c1e1a408ba','132b14e6ce98499c85901bf5b7eaf431','未进行',8,'是','','超级管理员','2023-05-18 15:31:31',NULL,NULL,'2023-05-23 16:16:39','2023-05-23 16:16:45','23432',NULL,NULL,'zbq2-0001-002','zbq2','0001','002','2023','定期10年',NULL,NULL,NULL,NULL,NULL,NULL,NULL,NULL,NULL,NULL,NULL,NULL,NULL,NULL,NULL,NULL,NULL,NULL,NULL,NULL,NULL,NULL,NULL,NULL,NULL),('497c96087adc40b6be937fb9a27fcaf2','169c506840d84c29b7e390bc0affde09','132b14e6ce98499c85901bf5b7eaf432','未进行',1,NULL,NULL,'超级管理员','2023-05-09 18:25:53',NULL,NULL,NULL,NULL,NULL,NULL,NULL,'小熊-987654321987654321','小熊','女','壮族','身份证件','987654321987654321','2014',NULL,NULL,NULL,NULL,NULL,NULL,NULL,NULL,NULL,NULL,NULL,NULL,NULL,NULL,'2023-05-01 00:00:00',NULL,'2023-05-07 00:00:00',NULL,NULL,NULL,NULL,NULL,NULL,NULL),('5a631bda1ade4a7a9c18fab427108474','1dcb7b70cf8e477d9c45261415063e0f','132b14e6ce98499c85901bf5b7eaf432','已完成',2,'是','','超级管理员','2023-05-24 18:05:45',NULL,NULL,'2023-05-24 18:07:09','2023-05-24 18:10:47',NULL,NULL,NULL,'C-2666666999999','C','男','汉族','其他证件','3666666999999','2006',NULL,NULL,NULL,NULL,NULL,NULL,NULL,NULL,NULL,NULL,NULL,NULL,NULL,NULL,'2023-05-08 00:00:00',NULL,'2023-05-01 00:00:00',NULL,NULL,NULL,NULL,NULL,NULL,NULL),('5e4ab1b52da64f44a841504c2a081e87','0d7898d9e96348b58f1363c1e1a408ba','132b14e6ce98499c85901bf5b7eaf431','进行中',2,NULL,'超级管理员','超级管理员','2023-05-18 15:54:25',NULL,NULL,'2023-05-19 12:03:10',NULL,NULL,NULL,NULL,'zbq3-0001-003','zbq3','0001','003','2026','永久',NULL,NULL,NULL,NULL,NULL,NULL,NULL,NULL,NULL,NULL,NULL,NULL,NULL,NULL,NULL,NULL,NULL,NULL,NULL,NULL,NULL,NULL,NULL,NULL,NULL),('60af28c31d8e4b3484aba484a60c251c','28477e41ce8940288744297cbd9029ea','132b14e6ce98499c85901bf5b7eaf431','进行中',2,NULL,'超级管理员','超级管理员','2023-05-17 17:12:01','超级管理员','2023-05-17 17:38:49','2023-05-18 14:17:45',NULL,NULL,NULL,NULL,'ddd1','qqq1','mm11','100','2023','定期10年',NULL,NULL,NULL,NULL,NULL,NULL,NULL,NULL,NULL,NULL,NULL,NULL,NULL,NULL,NULL,NULL,NULL,NULL,NULL,NULL,NULL,NULL,NULL,NULL,NULL),('6381ff26c31d40ae9bc09c169b1305d5','169c506840d84c29b7e390bc0affde09','132b14e6ce98499c85901bf5b7eaf432','未进行',2,NULL,NULL,'超级管理员','2023-05-11 11:01:33',NULL,NULL,NULL,NULL,NULL,NULL,NULL,'百里玄策-012345673547','百里玄策','男','汉族','身份证件','012345673547','2014',NULL,NULL,NULL,NULL,NULL,NULL,NULL,NULL,NULL,NULL,NULL,NULL,NULL,NULL,'2023-05-01 00:00:00',NULL,'2023-05-07 00:00:00',NULL,NULL,NULL,NULL,NULL,NULL,NULL),('665b759a7dd748b7a06bbe284feb581d','2216b1735a7a4f6bb8601bdb160674bd','132b14e6ce98499c85901bf5b7eaf431','未进行',8,NULL,'','超级管理员','2023-05-18 14:51:27','超级管理员','2023-05-18 14:53:25','2023-05-18 15:04:26','2023-05-18 15:04:57',NULL,NULL,NULL,'bjq1-0001-0001','bjq1','0001','001','2023','定期10年',NULL,NULL,NULL,NULL,NULL,NULL,NULL,NULL,NULL,NULL,NULL,NULL,NULL,NULL,NULL,NULL,NULL,NULL,NULL,NULL,NULL,NULL,NULL,NULL,NULL),('70da93c3fd6747478e4820efc12d8fa5','9dc2acbfcbf64cb588b4d7f1c90847bd','132b14e6ce98499c85901bf5b7eaf431','已完成',2,'是','','超级管理员','2023-05-24 18:16:23',NULL,NULL,'2023-05-24 18:20:10','2023-05-24 18:23:33',NULL,NULL,NULL,'6969-S-IM-001','6969','S-IM','001','2010','定期30年',NULL,NULL,NULL,NULL,NULL,NULL,NULL,NULL,NULL,NULL,NULL,NULL,NULL,NULL,NULL,NULL,NULL,NULL,NULL,NULL,NULL,NULL,NULL,NULL,NULL),('785da271a4824f90b8f7052707000307','0d7898d9e96348b58f1363c1e1a408ba','132b14e6ce98499c85901bf5b7eaf431','进行中',4,'进行中','超级管理员','超级管理员','2023-05-18 15:24:52','超级管理员','2023-05-23 14:40:42','2023-05-23 16:18:37','2023-05-23 16:17:29','ss',NULL,NULL,'zbq1-0001-001','zbq1','0001','001','2022','定期10年',NULL,NULL,NULL,NULL,NULL,NULL,NULL,NULL,NULL,NULL,NULL,NULL,NULL,NULL,NULL,NULL,NULL,NULL,NULL,NULL,NULL,NULL,NULL,NULL,NULL),('79191b7fb4e64c3d90515b723ec02bf3','20d5eedecea44c99b5f52d3435b95769','132b14e6ce98499c85901bf5b7eaf431','进行中',8,'是','超级管理员','超级管理员','2023-05-12 10:24:44',NULL,NULL,'2023-05-22 12:23:27','2023-05-22 11:54:00','没有进行目录著录',NULL,NULL,'2332-S-IU-002','2332','S-IU','002','2006','定期10年',NULL,NULL,NULL,NULL,NULL,NULL,NULL,NULL,NULL,NULL,NULL,NULL,NULL,NULL,NULL,NULL,NULL,NULL,NULL,NULL,NULL,NULL,NULL,NULL,NULL),('8692f9c80e684003a7cf3b01c5af5b85','9dc2acbfcbf64cb588b4d7f1c90847bd','132b14e6ce98499c85901bf5b7eaf431','已完成',2,'是','','超级管理员','2023-05-24 18:14:48',NULL,NULL,'2023-05-24 18:20:36','2023-05-24 18:23:53',NULL,NULL,NULL,'3399-A-ERI-003','3399','A-ERI','003','2003','定期10年',NULL,NULL,NULL,NULL,NULL,NULL,NULL,NULL,NULL,NULL,NULL,NULL,NULL,NULL,NULL,NULL,NULL,NULL,NULL,NULL,NULL,NULL,NULL,NULL,NULL),('8bd669e7c965439d8b7260854475f246','2216b1735a7a4f6bb8601bdb160674bd','132b14e6ce98499c85901bf5b7eaf431','进行中',2,NULL,'超级管理员','超级管理员','2023-05-18 14:57:16',NULL,NULL,'2023-05-18 17:22:06',NULL,NULL,NULL,NULL,'bjq2-0001-001','bjq2','0001','001','2023','定期30年',NULL,NULL,NULL,NULL,NULL,NULL,NULL,NULL,NULL,NULL,NULL,NULL,NULL,NULL,NULL,NULL,NULL,NULL,NULL,NULL,NULL,NULL,NULL,NULL,NULL),('a3dd5eae9b76485ca2e5e1b0f06727f6','169c506840d84c29b7e390bc0affde09','132b14e6ce98499c85901bf5b7eaf432','进行中',2,NULL,NULL,'超级管理员','2023-05-11 11:02:20','超级管理员','2023-05-17 17:37:19',NULL,NULL,NULL,NULL,NULL,'百里守约-127347465833742','百里守约','男','汉族','其他证件','127347465833742','2010',NULL,NULL,NULL,NULL,NULL,NULL,NULL,NULL,NULL,NULL,NULL,NULL,NULL,NULL,'2023-04-19 00:00:00',NULL,'2023-05-01 00:00:00',NULL,NULL,NULL,NULL,NULL,NULL,NULL),('b20b3bc09540409eac757f325f8610c6','db5259c424624ec4b114753535c1b87c','132b14e6ce98499c85901bf5b7eaf431','进行中',4,'进行中','超级管理员','超级管理员','2023-05-11 10:56:41',NULL,NULL,'2023-05-22 14:08:43','2023-05-22 14:08:34',NULL,NULL,NULL,'0088-A-2003-001','0088','A-2003','001','2004','定期10年',NULL,NULL,NULL,NULL,NULL,NULL,NULL,NULL,NULL,NULL,NULL,NULL,NULL,NULL,NULL,NULL,NULL,NULL,NULL,NULL,NULL,NULL,NULL,NULL,NULL),('bf331c5777ce4a399be160eadb3b6a11','9dc2acbfcbf64cb588b4d7f1c90847bd','132b14e6ce98499c85901bf5b7eaf431','已完成',2,'是','','超级管理员','2023-05-24 18:18:16',NULL,NULL,'2023-05-24 18:19:20','2023-05-24 18:23:18',NULL,NULL,NULL,'6969-S-IM-005','6969','S-IM','005','2012','永久',NULL,NULL,NULL,NULL,NULL,NULL,NULL,NULL,NULL,NULL,NULL,NULL,NULL,NULL,NULL,NULL,NULL,NULL,NULL,NULL,NULL,NULL,NULL,NULL,NULL),('c4c15f8010464912a1f8299043a56fcc','db5259c424624ec4b114753535c1b87c','132b14e6ce98499c85901bf5b7eaf431','进行中',2,'进行中','超级管理员','超级管理员','2023-05-09 18:18:36',NULL,NULL,'2023-05-22 10:56:53',NULL,NULL,NULL,NULL,'9886-A-MAU-001','9886','A-MAU','001','2007','定期10年',NULL,NULL,NULL,NULL,NULL,NULL,NULL,NULL,NULL,NULL,NULL,NULL,NULL,NULL,NULL,NULL,NULL,NULL,NULL,NULL,NULL,NULL,NULL,NULL,NULL),('cb2ffb8001d34828a14a8f5edda72324','20d5eedecea44c99b5f52d3435b95769','132b14e6ce98499c85901bf5b7eaf431','未进行',5,'是','','超级管理员','2023-05-12 15:11:51',NULL,NULL,'2023-05-17 17:58:01','2023-05-17 17:58:08','图像质检不符合要求',NULL,NULL,'2332-S-IU-005','2332','S-IU','005','2006','永久',NULL,NULL,NULL,NULL,NULL,NULL,NULL,NULL,NULL,NULL,NULL,NULL,NULL,NULL,NULL,NULL,NULL,NULL,NULL,NULL,NULL,NULL,NULL,NULL,NULL),('cb62fc8d07414a8f9516c481a3b1b819','1dcb7b70cf8e477d9c45261415063e0f','132b14e6ce98499c85901bf5b7eaf432','已完成',2,'是','','超级管理员','2023-05-24 18:04:22',NULL,NULL,'2023-05-24 18:10:12','2023-05-24 18:10:40',NULL,NULL,NULL,'A-1666666999999','A','男','汉族','其他证件','1666666999999','2015',NULL,NULL,NULL,NULL,NULL,NULL,NULL,NULL,NULL,NULL,NULL,NULL,NULL,NULL,'2023-05-09 00:00:00',NULL,'2023-05-01 00:00:00',NULL,NULL,NULL,NULL,NULL,NULL,NULL),('d2d1650713e74705a786926d3ff2b4cd','9dc2acbfcbf64cb588b4d7f1c90847bd','132b14e6ce98499c85901bf5b7eaf431','已完成',2,'是','','超级管理员','2023-05-24 18:16:47','超级管理员','2023-05-24 18:20:00','2023-05-24 18:20:03','2023-05-24 18:23:35',NULL,NULL,NULL,'6969-S-IM-002','6969','S-IM','002','2010','定期30年',NULL,NULL,NULL,NULL,NULL,NULL,NULL,NULL,NULL,NULL,NULL,NULL,NULL,NULL,NULL,NULL,NULL,NULL,NULL,NULL,NULL,NULL,NULL,NULL,NULL),('d2d2b44ba7f847b8bbd96cd239b7e4ec','9dc2acbfcbf64cb588b4d7f1c90847bd','132b14e6ce98499c85901bf5b7eaf431','已完成',2,'是','','超级管理员','2023-05-24 18:17:07','超级管理员','2023-05-24 18:17:26','2023-05-24 18:19:32','2023-05-24 18:23:30',NULL,NULL,NULL,'6969-S-IM-003','6969','S-IM','003','2010','定期30年',NULL,NULL,NULL,NULL,NULL,NULL,NULL,NULL,NULL,NULL,NULL,NULL,NULL,NULL,NULL,NULL,NULL,NULL,NULL,NULL,NULL,NULL,NULL,NULL,NULL),('dba2225836754503a34c8c76cbb92e4f','9dc2acbfcbf64cb588b4d7f1c90847bd','132b14e6ce98499c85901bf5b7eaf431','已完成',2,'是','','超级管理员','2023-05-24 18:15:25',NULL,NULL,'2023-05-24 18:20:27','2023-05-24 18:23:43',NULL,NULL,NULL,'3399-A-ERI-004','3399','A-ERI','004','2005','定期30年',NULL,NULL,NULL,NULL,NULL,NULL,NULL,NULL,NULL,NULL,NULL,NULL,NULL,NULL,NULL,NULL,NULL,NULL,NULL,NULL,NULL,NULL,NULL,NULL,NULL),('dbd2748a3aa44d258722e6ace1ff33ae','28477e41ce8940288744297cbd9029ea','132b14e6ce98499c85901bf5b7eaf431','未进行',1,NULL,NULL,'超级管理员','2023-05-16 17:26:35',NULL,NULL,NULL,NULL,NULL,NULL,NULL,'dddd','qqqq','mmmm','aaaa','2023','定期30年',NULL,NULL,NULL,NULL,NULL,NULL,NULL,NULL,NULL,NULL,NULL,NULL,NULL,NULL,NULL,NULL,NULL,NULL,NULL,NULL,NULL,NULL,NULL,NULL,NULL),('dd032ec1716c4277b24ebacf8f64c0be','430f9c58423e4bdf8770a4e7985d0f4d','132b14e6ce98499c85901bf5b7eaf432','已完成',3,'是','','超级管理员','2023-05-15 17:11:33',NULL,NULL,'2023-05-15 17:17:31','2023-05-15 17:18:33',NULL,NULL,NULL,'1','ypl','男','汉族','身份证件','123','213',NULL,NULL,NULL,NULL,NULL,NULL,NULL,NULL,NULL,NULL,NULL,NULL,NULL,NULL,'2023-05-01 00:00:00',NULL,'2023-05-02 00:00:00',NULL,NULL,NULL,NULL,NULL,NULL,NULL),('de2b70a106194a5dad28f0467a8b05c5','20d5eedecea44c99b5f52d3435b95769','132b14e6ce98499c85901bf5b7eaf431','进行中',5,'','超级管理员','超级管理员','2023-05-12 15:09:36',NULL,NULL,'2023-05-18 16:37:35','2023-05-18 16:37:24','分件错误',NULL,NULL,'2332-S-IU-003','2332','S-IU','003','2006','定期30年',NULL,NULL,NULL,NULL,NULL,NULL,NULL,NULL,NULL,NULL,NULL,NULL,NULL,NULL,NULL,NULL,NULL,NULL,NULL,NULL,NULL,NULL,NULL,NULL,NULL),('e1b8fd4bd99a41b39107bddf5623c497','9dc2acbfcbf64cb588b4d7f1c90847bd','132b14e6ce98499c85901bf5b7eaf431','已完成',2,'是','','超级管理员','2023-05-24 18:14:19',NULL,NULL,'2023-05-24 18:20:43','2023-05-24 18:23:50',NULL,NULL,NULL,'3399-A-ERI-002','3399','A-ERI','002','2002','定期10年',NULL,NULL,NULL,NULL,NULL,NULL,NULL,NULL,NULL,NULL,NULL,NULL,NULL,NULL,NULL,NULL,NULL,NULL,NULL,NULL,NULL,NULL,NULL,NULL,NULL),('e21039bc1ec84cfe85b13e9edf046198','1dcb7b70cf8e477d9c45261415063e0f','132b14e6ce98499c85901bf5b7eaf432','已完成',2,'是','','超级管理员','2023-05-24 18:06:18',NULL,NULL,'2023-05-24 18:07:19','2023-05-24 18:11:22',NULL,NULL,NULL,'D-4666666999999','D','女','汉族','其他证件','4666666999999','2007',NULL,NULL,NULL,NULL,NULL,NULL,NULL,NULL,NULL,NULL,NULL,NULL,NULL,NULL,'2023-05-09 00:00:00',NULL,'2023-05-02 00:00:00',NULL,NULL,NULL,NULL,NULL,NULL,NULL),('eb21e745714f4468bd9f184fce2390f3','430f9c58423e4bdf8770a4e7985d0f4d','132b14e6ce98499c85901bf5b7eaf432','已完成',3,'是','','超级管理员','2023-05-15 17:11:57','超级管理员','2023-05-15 17:12:05','2023-05-15 17:17:31','2023-05-15 17:18:30',NULL,NULL,NULL,'2','ypl','女','汉族','其他证件','1','1',NULL,NULL,NULL,NULL,NULL,NULL,NULL,NULL,NULL,NULL,NULL,NULL,NULL,NULL,'2023-05-02 00:00:00',NULL,'2022-02-04 00:00:00',NULL,NULL,NULL,NULL,NULL,NULL,NULL),('f39db1fa389d44c19cf4fa5d66565b99','20d5eedecea44c99b5f52d3435b95769','132b14e6ce98499c85901bf5b7eaf431','进行中',4,NULL,'超级管理员','超级管理员','2023-05-12 15:09:57',NULL,NULL,'2023-05-18 15:30:47','2023-05-18 15:30:35','烦烦烦',NULL,NULL,'2332-S-IU-004','2332','S-IU','004','2006','定期30年',NULL,NULL,NULL,NULL,NULL,NULL,NULL,NULL,NULL,NULL,NULL,NULL,NULL,NULL,NULL,NULL,NULL,NULL,NULL,NULL,NULL,NULL,NULL,NULL,NULL),('fd40b4e10a594449a314e9828eac4583','169c506840d84c29b7e390bc0affde09','132b14e6ce98499c85901bf5b7eaf432','未进行',1,NULL,NULL,'超级管理员','2023-05-09 18:25:10',NULL,NULL,NULL,NULL,NULL,NULL,NULL,'小雪-123456789123456789','小雪','男','汉族','身份证件','123456789123456789','2014',NULL,NULL,NULL,NULL,NULL,NULL,NULL,NULL,NULL,NULL,NULL,NULL,NULL,NULL,'2023-05-09 00:00:00',NULL,'2021-10-05 00:00:00',NULL,NULL,NULL,NULL,NULL,NULL,NULL);
/*!40000 ALTER TABLE `t_juanji` ENABLE KEYS */;
UNLOCK TABLES;

--
-- Table structure for table `t_mapper`
--

DROP TABLE IF EXISTS `t_mapper`;
/*!40101 SET @saved_cs_client     = @@character_set_client */;
/*!50503 SET character_set_client = utf8mb4 */;
CREATE TABLE `t_mapper` (
  `id` varchar(50) NOT NULL COMMENT '主键',
  `create_by` varchar(50) DEFAULT NULL COMMENT '创建人',
  `create_time` datetime DEFAULT NULL COMMENT '创建时间',
  `update_by` varchar(50) DEFAULT NULL COMMENT '修改人',
  `update_time` datetime DEFAULT NULL COMMENT '修改时间',
  `da_id` varchar(50) DEFAULT NULL COMMENT '档案类型id',
  `points` varchar(1) CHARACTER SET utf8mb4 COLLATE utf8mb4_0900_ai_ci DEFAULT NULL COMMENT '案卷(0)/文件(1)',
  `source_name` varchar(100) CHARACTER SET utf8mb4 COLLATE utf8mb4_0900_ai_ci DEFAULT NULL COMMENT '字段名称',
  `metadata_id` varchar(50) CHARACTER SET utf8mb4 COLLATE utf8mb4_0900_ai_ci DEFAULT NULL COMMENT '元数据字段id',
  `metadata_name` varchar(100) CHARACTER SET utf8mb4 COLLATE utf8mb4_0900_ai_ci DEFAULT NULL COMMENT '元数据名',
  `metadata_type` varchar(100) CHARACTER SET utf8mb4 COLLATE utf8mb4_0900_ai_ci DEFAULT NULL COMMENT '字段类型',
  `metadata_mode` varchar(100) CHARACTER SET utf8mb4 COLLATE utf8mb4_0900_ai_ci DEFAULT NULL COMMENT '录入方式',
  `metadata_length` varchar(100) CHARACTER SET utf8mb4 COLLATE utf8mb4_0900_ai_ci DEFAULT NULL COMMENT '字段长度',
  `metadata_regular` varchar(200) DEFAULT NULL COMMENT '正则验证',
  `is_not_null` varchar(1) CHARACTER SET utf8mb4 COLLATE utf8mb4_0900_ai_ci DEFAULT NULL COMMENT '是否为空',
  `sort` int DEFAULT NULL COMMENT '排序',
  `display_set` varchar(255) CHARACTER SET utf8mb4 COLLATE utf8mb4_0900_ai_ci DEFAULT NULL COMMENT '展示设置',
  `display_sort` int DEFAULT NULL COMMENT '展示排序',
  `display_width` int DEFAULT NULL COMMENT '页面展示宽度',
  `enter_set` varchar(255) CHARACTER SET utf8mb4 COLLATE utf8mb4_0900_ai_ci DEFAULT NULL COMMENT '录入设置',
  `enter_sort` int DEFAULT NULL COMMENT '录入排序',
  `description_set` varchar(255) DEFAULT NULL COMMENT '著录设置',
  `description_sort` int DEFAULT NULL COMMENT '著录排序',
  `ber_set` varchar(255) CHARACTER SET utf8mb4 COLLATE utf8mb4_0900_ai_ci DEFAULT NULL COMMENT '编号设置(0:默认值 ,1:编号主体 ,2:编号组成 )',
  `ber_sort` int DEFAULT NULL COMMENT '编号排序',
  PRIMARY KEY (`id`)
) ENGINE=InnoDB DEFAULT CHARSET=utf8mb4 COLLATE=utf8mb4_0900_ai_ci COMMENT='档案类型对应元数据字段设置表';
/*!40101 SET character_set_client = @saved_cs_client */;

--
-- Dumping data for table `t_mapper`
--

LOCK TABLES `t_mapper` WRITE;
/*!40000 ALTER TABLE `t_mapper` DISABLE KEYS */;
INSERT INTO `t_mapper` VALUES ('03baa231f3b84736ac916c91846e4706','超级管理员','2023-05-09 18:20:57',NULL,NULL,'132b14e6ce98499c85901bf5b7eaf432','0','field1','1651475493133008898','姓名','varchar','input','5',NULL,'1',2,'1',1,100,'1',1,'1',0,'2',1),('03e06d33cd6645c192e9b8e76a40c5af','超级管理员','2023-05-09 17:46:27',NULL,NULL,'132b14e6ce98499c85901bf5b7eaf431','0','field1','1651473578475175937','全宗号','varchar','input','4',NULL,'1',2,'1',1,80,'1',1,'1',0,'2',1),('0f41f873a5d844d2b379673858528baf','超级管理员','2023-05-18 10:27:18',NULL,NULL,'132b14e6ce98499c85901bf5b7eaf431','1','field3','1651474269524508673','备考表说明','varchar','input',NULL,NULL,'0',3,'0',NULL,NULL,'0',NULL,'1',NULL,'0',NULL),('1c9922a5a34b4c09acf6f5deb41ef7d0','超级管理员','2023-05-26 12:26:50',NULL,NULL,'132b14e6ce98499c85901bf5b7eaf432','1','field2','1651475560212512770','性别','varchar','select',NULL,NULL,'1',2,'0',NULL,NULL,'0',NULL,'1',1,'0',NULL),('1de84d2d8a4d47d4a3e4a91885787bc5','超级管理员','2023-05-26 12:26:50',NULL,NULL,'132b14e6ce98499c85901bf5b7eaf432','1','field8','1651475882737713154','参加工作时间','datetime','date',NULL,NULL,'1',8,'0',NULL,NULL,'0',NULL,'1',7,'0',NULL),('256aaa50e0db4bf98bc6c6f28b28a870','超级管理员','2023-05-09 18:20:57',NULL,NULL,'132b14e6ce98499c85901bf5b7eaf432','0','time3','1651475882737713154','参加工作时间','datetime','date',NULL,NULL,'1',9,'0',NULL,NULL,'1',8,NULL,NULL,'0',NULL),('2ad6e16d76b34b299bae8cfad6376d56','超级管理员','2023-05-26 12:26:50',NULL,NULL,'132b14e6ce98499c85901bf5b7eaf432','1','field6','1651475772494626817','证件号码','varchar','input',NULL,NULL,'1',6,'0',NULL,NULL,'0',NULL,'1',5,'0',NULL),('2b0eaf43f8434560bd8d8dd7f714d6c6','超级管理员','2023-05-26 12:26:50',NULL,NULL,'132b14e6ce98499c85901bf5b7eaf432','1','field3','1651475612976857089','民族','varchar','select',NULL,NULL,'1',3,'0',NULL,NULL,'0',NULL,'1',2,'0',NULL),('3029d37260be4020a0ac4c830c283703','超级管理员','2023-05-09 18:20:57',NULL,NULL,'132b14e6ce98499c85901bf5b7eaf432','0','time1','1651475674125615106','出生日期','datetime','date',NULL,NULL,'1',5,'0',NULL,NULL,'1',4,'1',3,'0',NULL),('33e2ea0782374618bc468a0477bbb23b','超级管理员','2023-05-09 17:46:27',NULL,NULL,'132b14e6ce98499c85901bf5b7eaf431','0','field2','1651473631277268993','目录号','varchar','input','3',NULL,'1',3,'1',2,80,'1',2,'1',1,'2',2),('3647baa886df47b5894076a929376ec5','超级管理员','2023-05-18 10:27:18',NULL,NULL,'132b14e6ce98499c85901bf5b7eaf431','1','field4','1651474332204187649','起始时间','varchar','input',NULL,NULL,'0',4,'1',1,160,'0',NULL,'1',NULL,'0',NULL),('39f58d4d34e9424dac0a98ffd01663ca','超级管理员','2023-05-18 10:27:18',NULL,NULL,'132b14e6ce98499c85901bf5b7eaf431','1','field5','1651474386491064322','终止时间','varchar','input',NULL,NULL,'0',5,'1',2,160,'0',NULL,'1',NULL,'0',NULL),('494ac45ed5b440aeb59ffcf4afcd7d5f','超级管理员','2023-05-26 12:26:50',NULL,NULL,'132b14e6ce98499c85901bf5b7eaf432','1','field1','1651475493133008898','姓名','varchar','input',NULL,NULL,'1',1,'0',NULL,NULL,'0',NULL,'1',0,'0',NULL),('50399ab19983401fb77488bd5dabd20a','超级管理员','2023-05-09 17:46:27',NULL,NULL,'132b14e6ce98499c85901bf5b7eaf431','0','bh','1651473746478022658','档号','varchar','input','10',NULL,'1',1,'1',0,180,'1',0,NULL,NULL,'1',NULL),('688fa2bcac014a6394ecc7fd967681f4','超级管理员','2023-05-09 18:20:57',NULL,NULL,'132b14e6ce98499c85901bf5b7eaf432','0','bh','1655877122733228034','编号','varchar','input','10',NULL,'1',1,'1',0,200,'1',0,NULL,NULL,'1',NULL),('708a8f8547e34f8dacc049deb1328b28','超级管理员','2023-05-26 12:26:50',NULL,NULL,'132b14e6ce98499c85901bf5b7eaf432','1','field5','1651475720963407874','证件类型','varchar','select',NULL,NULL,'1',5,'0',NULL,NULL,'0',NULL,'1',4,'0',NULL),('777551ee658d43969df1aef46183e795','超级管理员','2023-05-09 18:20:57',NULL,NULL,'132b14e6ce98499c85901bf5b7eaf432','0','field6','1651475829268725761','参加组织时间','varchar','input','4','/^(19\\d\\d|20\\d\\d|2100)$/','1',8,'0',NULL,NULL,'1',7,NULL,NULL,'0',NULL),('78457a7582624b72998f6fe795da7e6b','超级管理员','2023-05-18 10:27:18',NULL,NULL,'132b14e6ce98499c85901bf5b7eaf431','1','field2','1651474226709053441','附注','varchar','input',NULL,NULL,'0',2,'0',NULL,NULL,'0',NULL,'1',NULL,'0',NULL),('86180d714846481a809c3e487f829471','超级管理员','2023-05-09 18:20:57',NULL,NULL,'132b14e6ce98499c85901bf5b7eaf432','0','field4','1651475720963407874','证件类型','varchar','select',NULL,NULL,'1',6,'1',5,100,'1',5,'1',4,'0',NULL),('87b0f6f9146b45bc88362db374644dad','超级管理员','2023-05-09 17:46:27',NULL,NULL,'132b14e6ce98499c85901bf5b7eaf431','0','field4','1651473852551970818','年度','varchar','input',NULL,'/^(19\\d\\d|20\\d\\d|2100)$/','1',5,'0',NULL,NULL,'1',4,'1',3,'0',NULL),('966d408d75b84d73ae51b7134ba22965','超级管理员','2023-05-09 18:20:57',NULL,NULL,'132b14e6ce98499c85901bf5b7eaf432','0','field3','1651475612976857089','民族','varchar','select',NULL,NULL,'1',4,'0',NULL,NULL,'1',3,'1',2,'0',NULL),('a2060ce7788345dfa5158ca5fac85f7f','超级管理员','2023-05-09 18:20:57',NULL,NULL,'132b14e6ce98499c85901bf5b7eaf432','0','field2','1651475560212512770','性别','varchar','select',NULL,NULL,'1',3,'1',2,60,'1',2,'1',1,'0',NULL),('a2506192078940908bca8f6b86026e2c','超级管理员','2023-05-09 18:20:57',NULL,NULL,'132b14e6ce98499c85901bf5b7eaf432','0','field5','1651475772494626817','证件号码','varchar','input','18',NULL,'1',7,'1',6,160,'1',6,'1',5,'2',2),('c2907e2cb545461a99cfa0a29974ca3c','超级管理员','2023-05-26 12:26:50',NULL,NULL,'132b14e6ce98499c85901bf5b7eaf432','1','field4','1651475674125615106','出生日期','datetime','input',NULL,NULL,'1',4,'0',NULL,NULL,'0',NULL,'1',3,'0',NULL),('cecb47ccd42a46e4926073f38b88b082','超级管理员','2023-05-18 10:27:18',NULL,NULL,'132b14e6ce98499c85901bf5b7eaf431','1','field1','1651473910148153346','保管期限','varchar','input',NULL,NULL,'1',1,'1',0,100,'0',NULL,'1',NULL,'0',NULL),('cf5db9f892ae4fa294eba08727e6c56d','超级管理员','2023-05-09 17:46:27',NULL,NULL,'132b14e6ce98499c85901bf5b7eaf431','0','field5','1651473910148153346','保管期限','varchar','select',NULL,NULL,'1',6,'1',4,90,'1',5,'1',4,'0',NULL),('d0fc36f27fa143ddbd23d6ff1b85cc68','超级管理员','2023-05-09 17:46:27',NULL,NULL,'132b14e6ce98499c85901bf5b7eaf431','0','field3','1651473685455093761','案卷号','varchar','input',NULL,'/^[\\d]{3}$/','1',4,'1',3,80,'1',3,'1',2,'2',3),('f928e251ca6542b1b9c2f6a87e6b09dc','超级管理员','2023-05-26 12:26:50',NULL,NULL,'132b14e6ce98499c85901bf5b7eaf432','1','field7','1651475829268725761','参加组织时间','varchar','date',NULL,NULL,'1',7,'0',NULL,NULL,'0',NULL,'1',6,'0',NULL);
/*!40000 ALTER TABLE `t_mapper` ENABLE KEYS */;
UNLOCK TABLES;

--
-- Table structure for table `t_mapper_dalx`
--

DROP TABLE IF EXISTS `t_mapper_dalx`;
/*!40101 SET @saved_cs_client     = @@character_set_client */;
/*!50503 SET character_set_client = utf8mb4 */;
CREATE TABLE `t_mapper_dalx` (
  `id` varchar(50) NOT NULL COMMENT '主键',
  `da_id` varchar(50) CHARACTER SET utf8mb4 COLLATE utf8mb4_0900_ai_ci DEFAULT NULL COMMENT '档案类型表id',
  `points` varchar(50) CHARACTER SET utf8mb4 COLLATE utf8mb4_0900_ai_ci DEFAULT NULL COMMENT '案卷(0)/文件(1)',
  `pid` varchar(50) DEFAULT NULL COMMENT '上一级id',
  PRIMARY KEY (`id`)
) ENGINE=InnoDB DEFAULT CHARSET=utf8mb4 COLLATE=utf8mb4_0900_ai_ci COMMENT='存放字段对应档案类型';
/*!40101 SET character_set_client = @saved_cs_client */;

--
-- Dumping data for table `t_mapper_dalx`
--

LOCK TABLES `t_mapper_dalx` WRITE;
/*!40000 ALTER TABLE `t_mapper_dalx` DISABLE KEYS */;
INSERT INTO `t_mapper_dalx` VALUES ('15b28a6705284734aae11ed3bbb5d615','132b14e6ce98499c85901bf5b7eaf432','1',NULL),('651dfecc86ec46349800c052e9112257','132b14e6ce98499c85901bf5b7eaf432','0',NULL),('809d0dd03398413a8c29e9de96d4ed2e','132b14e6ce98499c85901bf5b7eaf431','1',NULL),('d2ed66e120294e6a8f09ecec0fd8571d','132b14e6ce98499c85901bf5b7eaf431','0',NULL);
/*!40000 ALTER TABLE `t_mapper_dalx` ENABLE KEYS */;
UNLOCK TABLES;

--
-- Table structure for table `t_mapper_option`
--

DROP TABLE IF EXISTS `t_mapper_option`;
/*!40101 SET @saved_cs_client     = @@character_set_client */;
/*!50503 SET character_set_client = utf8mb4 */;
CREATE TABLE `t_mapper_option` (
  `id` varchar(50) NOT NULL COMMENT '主键',
  `create_by` varchar(50) CHARACTER SET utf8 COLLATE utf8_general_ci DEFAULT '' COMMENT '创建者',
  `create_time` datetime DEFAULT NULL COMMENT '创建时间',
  `update_by` varchar(50) CHARACTER SET utf8 COLLATE utf8_general_ci DEFAULT '' COMMENT '更新者',
  `update_time` datetime DEFAULT NULL COMMENT '更新时间',
  `metadata_name` varchar(255) DEFAULT NULL COMMENT '元数据名',
  `type` char(1) CHARACTER SET utf8mb4 COLLATE utf8mb4_0900_ai_ci DEFAULT NULL COMMENT '类型（M-父节点，C-子节点）',
  `dict_sort` int DEFAULT NULL COMMENT '排序',
  `dict_label` varchar(255) DEFAULT NULL COMMENT '代码类型',
  `dict_value` varchar(255) DEFAULT NULL COMMENT '代码',
  `remark` varchar(255) CHARACTER SET utf8 COLLATE utf8_general_ci DEFAULT NULL COMMENT '备注',
  PRIMARY KEY (`id`)
) ENGINE=InnoDB DEFAULT CHARSET=utf8mb4 COLLATE=utf8mb4_0900_ai_ci COMMENT='元数据字段存放下拉框表';
/*!40101 SET character_set_client = @saved_cs_client */;

--
-- Dumping data for table `t_mapper_option`
--

LOCK TABLES `t_mapper_option` WRITE;
/*!40000 ALTER TABLE `t_mapper_option` DISABLE KEYS */;
INSERT INTO `t_mapper_option` VALUES ('0a98ed817be4452bb511a377e7aca4fa','超级管理员','2023-05-15 15:26:14','',NULL,'年度','C',2,'2002',NULL,NULL),('0d762e6f5522436abe5a7399f568e7f8','超级管理员','2023-05-24 09:53:13','',NULL,'保管期限','C',2,'永久',NULL,NULL),('0dc35df7a32e4327a45920bcb3353825','超级管理员','2023-05-15 15:26:14','',NULL,'年度','C',0,'2000',NULL,NULL),('141f51055122471bba25043872662336','超级管理员','2023-05-24 09:55:02','',NULL,'全宗号','M',NULL,NULL,NULL,NULL),('1842f2ef469d4d6c85e35de479f52424','超级管理员','2023-05-24 09:53:13','',NULL,'保管期限','C',0,'定期10年',NULL,NULL),('1d0ff32c6a944b4aadeca08de00ec61c','超级管理员','2023-05-15 15:26:14','',NULL,'年度','C',1,'2001',NULL,NULL),('244d03a62aed4f3c936750d10611268b','超级管理员','2023-05-24 09:55:02','',NULL,'全宗号','C',0,'001',NULL,NULL),('3b888dd68b3d4036be28c41d055d9b3b','超级管理员','2023-05-24 09:53:13','',NULL,'保管期限','C',3,'15年',NULL,NULL),('50d78197892e4f59a067e6bcd144a5f7','超级管理员','2023-04-27 14:47:49','',NULL,'证件类型','C',1,'其他证件',NULL,NULL),('6e2cd572559b46bcb45773aac5fcae30','超级管理员','2023-04-27 14:46:58','',NULL,'性别','C',1,'女',NULL,NULL),('7fa79f72ed2243fbb792b01f5633a661','超级管理员','2023-05-24 09:53:51','',NULL,'民族','C',0,'汉族',NULL,NULL),('a2ef640bb2b94867a159ca4852cf5d5e','超级管理员','2023-05-24 09:53:13','',NULL,'保管期限','C',1,'定期30年',NULL,NULL),('a85b4c3b156148799627d8c218e04188','超级管理员','2023-04-27 14:47:49','',NULL,'证件类型','C',0,'身份证件',NULL,NULL),('ae071293c15d400482da426e7e44963f','超级管理员','2023-04-27 14:46:58','',NULL,'性别','C',0,'男',NULL,NULL),('bbd0dfa099514d23851b11ec8c126577','超级管理员','2023-04-27 14:46:58','',NULL,'性别','M',NULL,NULL,NULL,NULL),('bf178969faae450e8d25ef33be212e54','超级管理员','2023-05-15 15:26:14','',NULL,'年度','M',NULL,NULL,NULL,NULL),('c411c86974af4548a7974e5ac391f0c7','超级管理员','2023-05-24 09:53:13','',NULL,'保管期限','C',4,'20年',NULL,NULL),('c51528ce0a064f1db706dde4c6e4f1ee','超级管理员','2023-05-24 09:53:51','',NULL,'民族','C',1,'藏族',NULL,NULL),('c8f57d5b2e0d4c43b6e1b93a742e8aa2','超级管理员','2023-04-27 14:46:58','',NULL,'性别','C',2,'其他',NULL,NULL),('edfcad0452cd4bd8aac9145869ebcce4','超级管理员','2023-05-24 09:53:13','',NULL,'保管期限','M',NULL,NULL,NULL,NULL),('f162bcdf652746968a6b5dfe1a538fe3','超级管理员','2023-05-24 09:55:02','',NULL,'全宗号','C',1,'002',NULL,NULL),('faa274accffb437981ab878d8b4d9a54','超级管理员','2023-04-27 14:47:49','',NULL,'证件类型','M',NULL,NULL,NULL,NULL),('fb44da24b90447a68219152bea32cb26','超级管理员','2023-05-24 09:53:51','',NULL,'民族','M',NULL,NULL,NULL,NULL);
/*!40000 ALTER TABLE `t_mapper_option` ENABLE KEYS */;
UNLOCK TABLES;

--
-- Table structure for table `t_metadata`
--

DROP TABLE IF EXISTS `t_metadata`;
/*!40101 SET @saved_cs_client     = @@character_set_client */;
/*!50503 SET character_set_client = utf8mb4 */;
CREATE TABLE `t_metadata` (
  `id` varchar(50) NOT NULL COMMENT '主键',
  `create_by` varchar(50) DEFAULT NULL COMMENT '创建人',
  `create_time` datetime DEFAULT NULL COMMENT '创建时间',
  `update_by` varchar(50) DEFAULT NULL COMMENT '修改人',
  `update_time` datetime DEFAULT NULL COMMENT '修改时间',
  `metadata_name` varchar(100) CHARACTER SET utf8mb4 COLLATE utf8mb4_0900_ai_ci DEFAULT NULL COMMENT '字段名称(英文)',
  `metadata_chinese` varchar(100) CHARACTER SET utf8mb4 COLLATE utf8mb4_0900_ai_ci DEFAULT NULL COMMENT '字段简称',
  `metadata_type` varchar(100) CHARACTER SET utf8mb4 COLLATE utf8mb4_0900_ai_ci DEFAULT NULL COMMENT '字段类型',
  `default_field` char(1) DEFAULT NULL COMMENT '是否是默认字段 (0是  1否)',
  `is_not_null` char(1) DEFAULT NULL COMMENT '是否可以为空（0是  1否）',
  `is_sys_built` char(1) DEFAULT NULL COMMENT '是否为系统内置（0系统内置无法删除，可继承引用 1用户自己创建可删除，可以、继承引用）',
  `remarks` varchar(255) DEFAULT NULL COMMENT '备注',
  PRIMARY KEY (`id`)
) ENGINE=InnoDB DEFAULT CHARSET=utf8mb4 COLLATE=utf8mb4_0900_ai_ci COMMENT='字段元数据表';
/*!40101 SET character_set_client = @saved_cs_client */;

--
-- Dumping data for table `t_metadata`
--

LOCK TABLES `t_metadata` WRITE;
/*!40000 ALTER TABLE `t_metadata` DISABLE KEYS */;
INSERT INTO `t_metadata` VALUES ('1651473578475175937','超级管理员','2023-04-27 14:29:19',NULL,NULL,'qzh','全宗号','varchar',NULL,'1',NULL,''),('1651473631277268993','超级管理员','2023-04-27 14:29:31',NULL,NULL,'mlh','目录号','varchar',NULL,'1',NULL,''),('1651473685455093761','超级管理员','2023-04-27 14:29:44',NULL,NULL,'ajh','案卷号','varchar',NULL,'1',NULL,''),('1651473746478022658','超级管理员','2023-04-27 14:29:59',NULL,NULL,'dh','档号','varchar',NULL,'1',NULL,''),('1651473793408090113','超级管理员','2023-04-27 14:30:10',NULL,NULL,'dhqj','档号区间','varchar',NULL,'1',NULL,''),('1651473852551970818','超级管理员','2023-04-27 14:30:24',NULL,NULL,'nd','年度','varchar',NULL,'1',NULL,''),('1651473910148153346','超级管理员','2023-04-27 14:30:38',NULL,NULL,'bgqx','保管期限','varchar',NULL,'1',NULL,''),('1651473975046619137','超级管理员','2023-04-27 14:30:53',NULL,NULL,'oajh','原案卷号','varchar',NULL,'1',NULL,''),('1651474106571603970','超级管理员','2023-04-27 14:31:25',NULL,NULL,'qzmc','全宗名称','varchar',NULL,'0',NULL,''),('1651474166923444225','超级管理员','2023-04-27 14:31:39',NULL,NULL,'ajtm','案卷题名','varchar',NULL,'0',NULL,''),('1651474226709053441','超级管理员','2023-04-27 14:31:53',NULL,NULL,'fz','附注','varchar',NULL,'0',NULL,''),('1651474269524508673','超级管理员','2023-04-27 14:32:03',NULL,NULL,'bkbsm','备考表说明','varchar',NULL,'0',NULL,''),('1651474332204187649','超级管理员','2023-04-27 14:32:18',NULL,NULL,'qssj','起始时间','varchar',NULL,'0',NULL,''),('1651474386491064322','超级管理员','2023-04-27 14:32:31',NULL,NULL,'zzsj','终止时间','varchar',NULL,'0',NULL,''),('1651475493133008898','超级管理员','2023-04-27 14:36:55',NULL,NULL,'xm','姓名','varchar',NULL,'1',NULL,''),('1651475560212512770','超级管理员','2023-04-27 14:37:11',NULL,NULL,'xb','性别','varchar',NULL,'1',NULL,''),('1651475612976857089','超级管理员','2023-04-27 14:37:24',NULL,NULL,'mz','民族','varchar',NULL,'1',NULL,''),('1651475674125615106','超级管理员','2023-04-27 14:37:38',NULL,NULL,'csrq','出生日期','datetime',NULL,'1',NULL,''),('1651475720963407874','超级管理员','2023-04-27 14:37:49',NULL,NULL,'zjlx','证件类型','varchar',NULL,'1',NULL,''),('1651475772494626817','超级管理员','2023-04-27 14:38:02',NULL,NULL,'zjhm','证件号码','varchar',NULL,'1',NULL,''),('1651475829268725761','超级管理员','2023-04-27 14:38:15',NULL,NULL,'cjzzsj','参加组织时间','varchar',NULL,'1',NULL,''),('1651475882737713154','超级管理员','2023-04-27 14:38:28',NULL,NULL,'cjgzsj','参加工作时间','datetime',NULL,'1',NULL,''),('1651476006666813442','超级管理员','2023-04-27 14:38:58',NULL,NULL,'xgyj','修改意见','varchar',NULL,'1',NULL,''),('1651476075923161089','超级管理员','2023-04-27 14:39:14',NULL,NULL,'remark','备注','varchar',NULL,'1',NULL,''),('1651476140825821185','超级管理员','2023-04-27 14:39:30','超级管理员','2023-04-27 14:39:51','claimTime','领取时间','datetime',NULL,'0',NULL,''),('1651476199797735425','超级管理员','2023-04-27 14:39:44',NULL,NULL,'finishTime','完成时间','datetime',NULL,'0',NULL,''),('1655877122733228034','超级管理员','2023-05-09 18:07:25',NULL,NULL,'number','编号','varchar',NULL,'1',NULL,'');
/*!40000 ALTER TABLE `t_metadata` ENABLE KEYS */;
UNLOCK TABLES;

--
-- Table structure for table `t_project`
--

DROP TABLE IF EXISTS `t_project`;
/*!40101 SET @saved_cs_client     = @@character_set_client */;
/*!50503 SET character_set_client = utf8mb4 */;
CREATE TABLE `t_project` (
  `id` varchar(50) CHARACTER SET utf8 COLLATE utf8_general_ci NOT NULL COMMENT '主键',
  `project_name` varchar(100) CHARACTER SET utf8 COLLATE utf8_general_ci DEFAULT NULL COMMENT '项目名称',
  `project_xmms` varchar(255) CHARACTER SET utf8 COLLATE utf8_general_ci DEFAULT NULL COMMENT '项目描述',
  `dqgx` varchar(255) CHARACTER SET utf8 COLLATE utf8_general_ci DEFAULT NULL COMMENT '当前工序',
  `dalx` varchar(50) CHARACTER SET utf8 COLLATE utf8_general_ci DEFAULT NULL COMMENT '档案类型',
  `juanshu` varchar(50) CHARACTER SET utf8 COLLATE utf8_general_ci DEFAULT NULL COMMENT '卷数',
  `jianshu` varchar(50) CHARACTER SET utf8 COLLATE utf8_general_ci DEFAULT NULL COMMENT '件数',
  `create_by` varchar(50) CHARACTER SET utf8 COLLATE utf8_general_ci DEFAULT NULL COMMENT '创建人',
  `create_time` datetime DEFAULT NULL COMMENT '创建时间',
  `update_by` varchar(50) CHARACTER SET utf8 COLLATE utf8_general_ci DEFAULT NULL COMMENT '修改人',
  `update_time` datetime DEFAULT NULL COMMENT '修改时间',
  `remark` varchar(255) CHARACTER SET utf8 COLLATE utf8_general_ci DEFAULT NULL COMMENT '备注',
  `begindate` datetime DEFAULT NULL COMMENT '开始时间',
  `enddate` datetime DEFAULT NULL COMMENT '结束时间',
  `isfinished` varchar(1) CHARACTER SET utf8 COLLATE utf8_general_ci DEFAULT NULL COMMENT '是否完成 ( 0:否  ,1:是 )',
  PRIMARY KEY (`id`) USING BTREE
) ENGINE=InnoDB DEFAULT CHARSET=utf8mb3 COMMENT='项目表';
/*!40101 SET character_set_client = @saved_cs_client */;

--
-- Dumping data for table `t_project`
--

LOCK TABLES `t_project` WRITE;
/*!40000 ALTER TABLE `t_project` DISABLE KEYS */;
INSERT INTO `t_project` VALUES ('12095811d96843fbb784c666a6605a63','ypl项目任务管理数据测试','123','添加任务-分件-图像扫描','132b14e6ce98499c85901bf5b7eaf432',NULL,NULL,'超级管理员','2023-05-15 17:10:25','超级管理员','2023-05-15 17:19:38',NULL,'2023-05-15 17:10:25','2023-05-15 17:19:38','1'),('13b9c948b3e84b37b7808b3370cd2344','北京档案馆文书档案加工项目','负责人：夏睿博，项目周期30天，开始时间5.18日，总卷数200卷，总页数20万页，参与人10人，预算30万。','分件-图像扫描-图像处理-图像质检-图像质检处理-目录著录-数据质检','132b14e6ce98499c85901bf5b7eaf431',NULL,NULL,'超级管理员','2023-05-18 14:13:51','超级管理员','2023-05-18 14:56:35',NULL,'2023-05-18 14:13:51',NULL,'0'),('43ff993ef4714629919c5ec28d6956a2','123123','123123','图像扫描','132b14e6ce98499c85901bf5b7eaf431',NULL,NULL,'超级管理员','2023-04-23 14:10:37','超级管理员','2023-04-23 14:10:42',NULL,'2023-04-23 14:10:37','2023-04-23 14:10:42','1'),('4bdb5f238d4745f0b9e4568a475e34ea','淄博档案馆数字化加工项目','负责人：夏睿博，项目周期30天，开始时间5.18日，总卷数200卷，总页数20万页，参与人10人，预算30万。','添加任务-分件-图像扫描-图像处理-图像质检-图像质检处理-目录著录-数据质检','132b14e6ce98499c85901bf5b7eaf431',NULL,NULL,'超级管理员','2023-05-18 15:22:32',NULL,NULL,NULL,'2023-05-18 15:22:32',NULL,'0'),('5dd57e57f41e49f1af8028a0e97ec034','完成测试','测试完成提交','添加任务-分件-图像扫描-图像处理-图像质检-图像质检处理-目录著录-数据质检','132b14e6ce98499c85901bf5b7eaf431',NULL,NULL,'若依','2023-04-06 14:38:26','若依','2023-04-06 14:39:10',NULL,'2023-04-06 14:38:26','2023-04-06 14:39:10','1'),('5f84096315254f9b9e5e007bb90ae1a3','测试夏项目二','测试夏项目二描述','添加任务-分件-图像扫描-图像处理-图像质检-图像质检处理-目录著录-数据质检','132b14e6ce98499c85901bf5b7eaf431',NULL,NULL,'超级管理员','2023-05-15 15:20:23','超级管理员','2023-05-15 16:27:02',NULL,'2023-05-15 15:20:23',NULL,'0'),('6340440fffb6436db2cefb5bdad858f1','ypl测试新增项目','123','添加任务','f13c11558d5a499f9b2a61949cece546',NULL,NULL,'超级管理员','2023-05-15 11:44:44','超级管理员','2023-05-15 11:47:04',NULL,'2023-05-15 11:44:44','2023-05-15 11:47:04','1'),('648232144e184d69bb259531592dde59','浮点科技组工档案数字化','浮点科技组工档案数字化加工，共50万页','添加任务-分件-图像处理-图像质检-图像质检处理-目录著录','f13c11558d5a499f9b2a61949cece546',NULL,NULL,'超级管理员','2023-04-23 13:58:10','超级管理员','2023-05-17 14:39:34',NULL,'2023-04-23 13:58:10',NULL,'0'),('97fa1337a5e448848d165fd799ddfb0d','天津档案馆数字化加工项目','负责人夏睿博，项目周期30天，开始时间5.18号，总卷数200卷，总页数20万页，参与10人，预算30万。','添加任务-分件-图像扫描-图像处理-图像质检-图像质检处理-目录著录-数据质检','132b14e6ce98499c85901bf5b7eaf431',NULL,NULL,'超级管理员','2023-05-18 16:47:16',NULL,NULL,NULL,'2023-05-18 16:47:16',NULL,'0'),('98771bc68da74cc89a86cbafab14ba4d','测试夏项目一','测试夏项目描述一','添加任务-分件-图像扫描-图像处理-图像质检-图像质检处理','132b14e6ce98499c85901bf5b7eaf431',NULL,NULL,'若依','2023-04-10 11:25:54','超级管理员','2023-05-17 12:00:03',NULL,'2023-04-10 11:25:54',NULL,'0'),('a22bb5d32098446e997c160ac608e496','人事档案项目一','人事档案项目描述1','添加任务-分件-图像扫描-目录著录','132b14e6ce98499c85901bf5b7eaf432',NULL,NULL,'若依','2023-04-06 14:37:45','超级管理员','2023-05-22 11:00:27',NULL,'2023-04-06 14:37:45',NULL,'0'),('b5184430bf0343faa3e1f225146e6f82','ypl测试批次项目','123','添加任务-分件','f13c11558d5a499f9b2a61949cece546',NULL,NULL,'超级管理员','2023-05-15 11:47:44','超级管理员','2023-05-15 15:53:17',NULL,'2023-05-15 11:47:44','2023-05-15 15:53:17','1'),('e89f10a81b0f4a2d945152aef808f7df','厨师小时','三生石','添加任务-分件-图像扫描-图像处理-图像质检-图像质检处理-目录著录-数据质检','132b14e6ce98499c85901bf5b7eaf431',NULL,NULL,'超级管理员','2023-05-05 18:12:49','超级管理员','2023-05-26 16:43:30',NULL,'2023-05-05 18:12:49',NULL,'0'),('f50f5c8e9dac42e3a6fc6c5e7f872350','文书档案项目一','文书档案项目描述1','添加任务-分件','132b14e6ce98499c85901bf5b7eaf431',NULL,NULL,'若依','2023-04-06 14:37:16','超级管理员','2023-05-17 11:59:46',NULL,'2023-04-06 14:37:16',NULL,'0'),('f99e5fd7672548eda60557c6a46abecf','额第七位去问问','请问请问去问问','分件-图像扫描-图像处理-图像质检处理','132b14e6ce98499c85901bf5b7eaf431',NULL,NULL,'超级管理员','2023-05-09 14:27:28','超级管理员','2023-05-09 14:28:15',NULL,'2023-05-09 14:27:28','2023-05-09 14:28:15','1');
/*!40000 ALTER TABLE `t_project` ENABLE KEYS */;
UNLOCK TABLES;

--
-- Table structure for table `t_project_gxhj`
--

DROP TABLE IF EXISTS `t_project_gxhj`;
/*!40101 SET @saved_cs_client     = @@character_set_client */;
/*!50503 SET character_set_client = utf8mb4 */;
CREATE TABLE `t_project_gxhj` (
  `id` int NOT NULL AUTO_INCREMENT COMMENT '主键',
  `gx_id` varchar(50) CHARACTER SET utf8mb4 COLLATE utf8mb4_0900_ai_ci DEFAULT NULL COMMENT '工序id',
  `gxmc` varchar(50) CHARACTER SET utf8mb4 COLLATE utf8mb4_0900_ai_ci DEFAULT NULL COMMENT '工序名称',
  `gxxh` int DEFAULT NULL COMMENT '工序编号',
  `project_id` varchar(50) CHARACTER SET utf8mb4 COLLATE utf8mb4_0900_ai_ci DEFAULT NULL COMMENT '项目id',
  PRIMARY KEY (`id`) USING BTREE
) ENGINE=InnoDB AUTO_INCREMENT=890 DEFAULT CHARSET=utf8mb4 COLLATE=utf8mb4_0900_ai_ci COMMENT='项目工序关联表';
/*!40101 SET character_set_client = @saved_cs_client */;

--
-- Dumping data for table `t_project_gxhj`
--

LOCK TABLES `t_project_gxhj` WRITE;
/*!40000 ALTER TABLE `t_project_gxhj` DISABLE KEYS */;
INSERT INTO `t_project_gxhj` VALUES (1,'232b14e6ce98499c85901bf5b7eaf410','添加任务',1,'1bc0391d652645998133a7ffd18fc09d'),(2,'332b14e6ce98499c85901bf5b7eaf410','图像扫描',3,'1bc0391d652645998133a7ffd18fc09d'),(3,'532b14e6ce98499c85901bf5b7eaf410','图像质检',5,'1bc0391d652645998133a7ffd18fc09d'),(4,'732b14e6ce98499c85901bf5b7eaf410','目录著录',7,'1bc0391d652645998133a7ffd18fc09d'),(5,'232b14e6ce98499c85901bf5b7eaf410','添加任务',1,'bb3fbd46c8f94153ab947a01f06c4f02'),(6,'132b14e6ce98499c85901bf5b7eaf410','分件',2,'bb3fbd46c8f94153ab947a01f06c4f02'),(7,'232b14e6ce98499c85901bf5b7eaf410','添加任务',1,'a26bc76cf36a4bca93b516f4225c3ed5'),(8,'132b14e6ce98499c85901bf5b7eaf410','分件',2,'a26bc76cf36a4bca93b516f4225c3ed5'),(9,'232b14e6ce98499c85901bf5b7eaf410','添加任务',1,'10c3c71809b64640a0a348ecb4bc9b56'),(10,'132b14e6ce98499c85901bf5b7eaf410','分件',2,'10c3c71809b64640a0a348ecb4bc9b56'),(11,'232b14e6ce98499c85901bf5b7eaf410','添加任务',1,'6ef5f7260aa6480685154ff56944842a'),(12,'132b14e6ce98499c85901bf5b7eaf410','分件',2,'6ef5f7260aa6480685154ff56944842a'),(13,'232b14e6ce98499c85901bf5b7eaf410','添加任务',1,'55580cfa79a249ab828638be491a2b37'),(14,'132b14e6ce98499c85901bf5b7eaf410','分件',2,'55580cfa79a249ab828638be491a2b37'),(15,'232b14e6ce98499c85901bf5b7eaf410','添加任务',1,'6aaf0d4821de403b867e7aa37b64898d'),(16,'132b14e6ce98499c85901bf5b7eaf410','分件',2,'6aaf0d4821de403b867e7aa37b64898d'),(17,'232b14e6ce98499c85901bf5b7eaf410','添加任务',1,'d2bde096275f40078cbc8157be0b1a4d'),(18,'132b14e6ce98499c85901bf5b7eaf410','分件',2,'d2bde096275f40078cbc8157be0b1a4d'),(22,'232b14e6ce98499c85901bf5b7eaf410','添加任务',1,'75341df1d9664561884be1aee9a37749'),(63,'532b14e6ce98499c85901bf5b7eaf410','图像质检',5,'ceb0df9e83ab4d2a9875f2f09d7d6bba'),(64,'632b14e6ce98499c85901bf5b7eaf410','图像质检处理',6,'ceb0df9e83ab4d2a9875f2f09d7d6bba'),(65,'232b14e6ce98499c85901bf5b7eaf410','添加任务',1,'ceb0df9e83ab4d2a9875f2f09d7d6bba'),(68,'232b14e6ce98499c85901bf5b7eaf410','添加任务',1,'d03e4adf2eaf487c88bbdbb55979b813'),(112,'332b14e6ce98499c85901bf5b7eaf410','图像扫描',3,'63b802410aef47f0b9f6955cfc5bf82b'),(113,'232b14e6ce98499c85901bf5b7eaf410','添加任务',1,'63b802410aef47f0b9f6955cfc5bf82b'),(114,'132b14e6ce98499c85901bf5b7eaf410','分件',2,'63b802410aef47f0b9f6955cfc5bf82b'),(148,'732b14e6ce98499c85901bf5b7eaf410','目录著录',7,'4fb6ce986b2542dbb498b3a992ebeb0d'),(149,'832b14e6ce98499c85901bf5b7eaf410','数据质检',8,'4fb6ce986b2542dbb498b3a992ebeb0d'),(150,'232b14e6ce98499c85901bf5b7eaf410','添加任务',1,'4fb6ce986b2542dbb498b3a992ebeb0d'),(289,'232b14e6ce98499c85901bf5b7eaf410','添加任务',1,'451252fc4fe749c1bdd2c665767b1c7e'),(290,'132b14e6ce98499c85901bf5b7eaf410','分件',2,'451252fc4fe749c1bdd2c665767b1c7e'),(291,'732b14e6ce98499c85901bf5b7eaf410','目录著录',7,'451252fc4fe749c1bdd2c665767b1c7e'),(292,'832b14e6ce98499c85901bf5b7eaf410','数据质检',8,'451252fc4fe749c1bdd2c665767b1c7e'),(297,'132b14e6ce98499c85901bf5b7eaf410','分件',2,'69c4433c149241e2b85cd753dba6e67d'),(298,'232b14e6ce98499c85901bf5b7eaf410','添加任务',1,'69c4433c149241e2b85cd753dba6e67d'),(299,'332b14e6ce98499c85901bf5b7eaf410','图像扫描',3,'69c4433c149241e2b85cd753dba6e67d'),(300,'332b14e6ce98499c85901bf5b7eaf410','图像扫描',3,'a7571167bd69477f96d58ffc84654563'),(301,'132b14e6ce98499c85901bf5b7eaf410','分件',2,'a7571167bd69477f96d58ffc84654563'),(302,'432b14e6ce98499c85901bf5b7eaf410','图像处理',4,'a7571167bd69477f96d58ffc84654563'),(303,'632b14e6ce98499c85901bf5b7eaf410','图像质检处理',6,'a7571167bd69477f96d58ffc84654563'),(304,'332b14e6ce98499c85901bf5b7eaf410','图像扫描',3,'687c8cfddf2947908f34fbf49cccd5a7'),(305,'232b14e6ce98499c85901bf5b7eaf410','添加任务',1,'687c8cfddf2947908f34fbf49cccd5a7'),(306,'132b14e6ce98499c85901bf5b7eaf410','分件',2,'687c8cfddf2947908f34fbf49cccd5a7'),(310,'632b14e6ce98499c85901bf5b7eaf410','图像质检处理',6,'50c813e7064c43bc80545ff01e84ab27'),(311,'732b14e6ce98499c85901bf5b7eaf410','目录著录',7,'50c813e7064c43bc80545ff01e84ab27'),(312,'132b14e6ce98499c85901bf5b7eaf410','分件',2,'50c813e7064c43bc80545ff01e84ab27'),(313,'432b14e6ce98499c85901bf5b7eaf410','图像处理',4,'50c813e7064c43bc80545ff01e84ab27'),(318,'132b14e6ce98499c85901bf5b7eaf410','分件',2,'0cc1127a28c447b8827c21b7c79dd849'),(322,'132b14e6ce98499c85901bf5b7eaf410','分件',2,'3a3d6b92c9a94e38a1ce32290920d380'),(323,'632b14e6ce98499c85901bf5b7eaf410','图像质检处理',6,'3a3d6b92c9a94e38a1ce32290920d380'),(324,'232b14e6ce98499c85901bf5b7eaf410','添加任务',1,'3a3d6b92c9a94e38a1ce32290920d380'),(325,'532b14e6ce98499c85901bf5b7eaf410','图像质检',5,'3a3d6b92c9a94e38a1ce32290920d380'),(326,'432b14e6ce98499c85901bf5b7eaf410','图像处理',4,'3a3d6b92c9a94e38a1ce32290920d380'),(365,'332b14e6ce98499c85901bf5b7eaf410','图像扫描',3,'6512a52a8ddf4987b0b1760f80d8c404'),(366,'532b14e6ce98499c85901bf5b7eaf410','图像质检',5,'6512a52a8ddf4987b0b1760f80d8c404'),(367,'732b14e6ce98499c85901bf5b7eaf410','目录著录',7,'6512a52a8ddf4987b0b1760f80d8c404'),(368,'832b14e6ce98499c85901bf5b7eaf410','数据质检',8,'6512a52a8ddf4987b0b1760f80d8c404'),(369,'232b14e6ce98499c85901bf5b7eaf410','添加任务',1,'4d7b013a04e444d89197af05e2133fae'),(370,'132b14e6ce98499c85901bf5b7eaf410','分件',2,'4d7b013a04e444d89197af05e2133fae'),(371,'732b14e6ce98499c85901bf5b7eaf410','目录著录',7,'4d7b013a04e444d89197af05e2133fae'),(372,'832b14e6ce98499c85901bf5b7eaf410','数据质检',8,'4d7b013a04e444d89197af05e2133fae'),(378,'232b14e6ce98499c85901bf5b7eaf410','添加任务',1,'dccd16e1981b403a9093989a958c0e32'),(379,'132b14e6ce98499c85901bf5b7eaf410','分件',2,'dccd16e1981b403a9093989a958c0e32'),(380,'432b14e6ce98499c85901bf5b7eaf410','图像处理',4,'dccd16e1981b403a9093989a958c0e32'),(381,'532b14e6ce98499c85901bf5b7eaf410','图像质检',5,'dccd16e1981b403a9093989a958c0e32'),(382,'232b14e6ce98499c85901bf5b7eaf410','添加任务',1,'890abfde582e4e66a75be9ffb7f8c0a5'),(383,'232b14e6ce98499c85901bf5b7eaf410','添加任务',1,'2b6b8df164524a99b6fa825ae160dc28'),(384,'132b14e6ce98499c85901bf5b7eaf410','分件',2,'2b6b8df164524a99b6fa825ae160dc28'),(385,'732b14e6ce98499c85901bf5b7eaf410','目录著录',7,'2b6b8df164524a99b6fa825ae160dc28'),(386,'832b14e6ce98499c85901bf5b7eaf410','数据质检',8,'2b6b8df164524a99b6fa825ae160dc28'),(389,'232b14e6ce98499c85901bf5b7eaf410','添加任务',1,'e4c68f869a3a485cb4868fd9ae4feb4e'),(390,'232b14e6ce98499c85901bf5b7eaf410','添加任务',1,'1269dd10f6b44bde965121d81ddd1e65'),(394,'232b14e6ce98499c85901bf5b7eaf410','添加任务',1,'f12111f02a044abdb4c21cdd5a89cf57'),(395,'132b14e6ce98499c85901bf5b7eaf410','分件',2,'f12111f02a044abdb4c21cdd5a89cf57'),(404,'232b14e6ce98499c85901bf5b7eaf410','添加任务',1,'5dd57e57f41e49f1af8028a0e97ec034'),(405,'132b14e6ce98499c85901bf5b7eaf410','分件',2,'5dd57e57f41e49f1af8028a0e97ec034'),(406,'332b14e6ce98499c85901bf5b7eaf410','图像扫描',3,'5dd57e57f41e49f1af8028a0e97ec034'),(407,'432b14e6ce98499c85901bf5b7eaf410','图像处理',4,'5dd57e57f41e49f1af8028a0e97ec034'),(408,'532b14e6ce98499c85901bf5b7eaf410','图像质检',5,'5dd57e57f41e49f1af8028a0e97ec034'),(409,'632b14e6ce98499c85901bf5b7eaf410','图像质检处理',6,'5dd57e57f41e49f1af8028a0e97ec034'),(410,'732b14e6ce98499c85901bf5b7eaf410','目录著录',7,'5dd57e57f41e49f1af8028a0e97ec034'),(411,'832b14e6ce98499c85901bf5b7eaf410','数据质检',8,'5dd57e57f41e49f1af8028a0e97ec034'),(412,'332b14e6ce98499c85901bf5b7eaf410','图像扫描',3,'c3e9d951744c47b485b7835349851ae9'),(413,'732b14e6ce98499c85901bf5b7eaf410','目录著录',7,'c3e9d951744c47b485b7835349851ae9'),(414,'532b14e6ce98499c85901bf5b7eaf410','图像质检',5,'c3e9d951744c47b485b7835349851ae9'),(415,'132b14e6ce98499c85901bf5b7eaf410','分件',2,'c3e9d951744c47b485b7835349851ae9'),(416,'232b14e6ce98499c85901bf5b7eaf410','添加任务',1,'c3e9d951744c47b485b7835349851ae9'),(420,'432b14e6ce98499c85901bf5b7eaf410','图像处理',4,'87760edbf33040b0bdf319562a578cb4'),(444,'432b14e6ce98499c85901bf5b7eaf410','图像处理',4,'4bca786db8cc4e44ae1ab80946481e14'),(445,'332b14e6ce98499c85901bf5b7eaf410','图像扫描',3,'4bca786db8cc4e44ae1ab80946481e14'),(446,'732b14e6ce98499c85901bf5b7eaf410','目录著录',7,'4bca786db8cc4e44ae1ab80946481e14'),(473,'232b14e6ce98499c85901bf5b7eaf410','添加任务',1,'7b3dcc47cc2342d1a37566e05c66a7d5'),(474,'132b14e6ce98499c85901bf5b7eaf410','分件',2,'0963125a45824ff390a82524aaec5217'),(489,'332b14e6ce98499c85901bf5b7eaf410','图像扫描',3,'43ff993ef4714629919c5ec28d6956a2'),(503,'232b14e6ce98499c85901bf5b7eaf410','添加任务',1,'fa0265e1660e49348ae8aeb1eaf88d8a'),(504,'132b14e6ce98499c85901bf5b7eaf410','分件',2,'fa0265e1660e49348ae8aeb1eaf88d8a'),(505,'332b14e6ce98499c85901bf5b7eaf410','图像扫描',3,'fa0265e1660e49348ae8aeb1eaf88d8a'),(506,'432b14e6ce98499c85901bf5b7eaf410','图像处理',4,'fa0265e1660e49348ae8aeb1eaf88d8a'),(507,'532b14e6ce98499c85901bf5b7eaf410','图像质检',5,'fa0265e1660e49348ae8aeb1eaf88d8a'),(508,'632b14e6ce98499c85901bf5b7eaf410','图像质检处理',6,'fa0265e1660e49348ae8aeb1eaf88d8a'),(509,'732b14e6ce98499c85901bf5b7eaf410','目录著录',7,'fa0265e1660e49348ae8aeb1eaf88d8a'),(510,'832b14e6ce98499c85901bf5b7eaf410','数据质检',8,'fa0265e1660e49348ae8aeb1eaf88d8a'),(520,'232b14e6ce98499c85901bf5b7eaf410','添加任务',1,'5abff366dcb4411eba1f3ff0b8e5f9cc'),(525,'232b14e6ce98499c85901bf5b7eaf410','添加任务',1,'edc5a4b1cdb44d40bdc1e43192519be0'),(526,'132b14e6ce98499c85901bf5b7eaf410','分件',2,'edc5a4b1cdb44d40bdc1e43192519be0'),(527,'332b14e6ce98499c85901bf5b7eaf410','图像扫描',3,'edc5a4b1cdb44d40bdc1e43192519be0'),(528,'432b14e6ce98499c85901bf5b7eaf410','图像处理',4,'edc5a4b1cdb44d40bdc1e43192519be0'),(529,'532b14e6ce98499c85901bf5b7eaf410','图像质检',5,'edc5a4b1cdb44d40bdc1e43192519be0'),(530,'632b14e6ce98499c85901bf5b7eaf410','图像质检处理',6,'edc5a4b1cdb44d40bdc1e43192519be0'),(531,'732b14e6ce98499c85901bf5b7eaf410','目录著录',7,'edc5a4b1cdb44d40bdc1e43192519be0'),(532,'832b14e6ce98499c85901bf5b7eaf410','数据质检',8,'edc5a4b1cdb44d40bdc1e43192519be0'),(533,'232b14e6ce98499c85901bf5b7eaf410','添加任务',1,'aa4d9cff6af34861aa8b31b6c0defd68'),(534,'432b14e6ce98499c85901bf5b7eaf410','图像处理',4,'aa4d9cff6af34861aa8b31b6c0defd68'),(535,'732b14e6ce98499c85901bf5b7eaf410','目录著录',7,'aa4d9cff6af34861aa8b31b6c0defd68'),(536,'832b14e6ce98499c85901bf5b7eaf410','数据质检',8,'aa4d9cff6af34861aa8b31b6c0defd68'),(540,'232b14e6ce98499c85901bf5b7eaf410','添加任务',1,'aeadd532ecb44a1fa17059bdba052518'),(541,'132b14e6ce98499c85901bf5b7eaf410','分件',2,'aeadd532ecb44a1fa17059bdba052518'),(542,'332b14e6ce98499c85901bf5b7eaf410','图像扫描',3,'aeadd532ecb44a1fa17059bdba052518'),(573,'232b14e6ce98499c85901bf5b7eaf410','添加任务',1,'d0723162f5ea465b85ec74b11b12fda2'),(574,'132b14e6ce98499c85901bf5b7eaf410','分件',2,'d0723162f5ea465b85ec74b11b12fda2'),(589,'232b14e6ce98499c85901bf5b7eaf410','添加任务',1,'f945ac8ec73d47a88f82046133312ae9'),(590,'132b14e6ce98499c85901bf5b7eaf410','分件',2,'f945ac8ec73d47a88f82046133312ae9'),(607,'232b14e6ce98499c85901bf5b7eaf410','添加任务',1,'aea29591c1204f94bca8a2347f559cc4'),(608,'132b14e6ce98499c85901bf5b7eaf410','分件',2,'aea29591c1204f94bca8a2347f559cc4'),(609,'332b14e6ce98499c85901bf5b7eaf410','图像扫描',3,'aea29591c1204f94bca8a2347f559cc4'),(610,'432b14e6ce98499c85901bf5b7eaf410','图像处理',4,'aea29591c1204f94bca8a2347f559cc4'),(611,'532b14e6ce98499c85901bf5b7eaf410','图像质检',5,'aea29591c1204f94bca8a2347f559cc4'),(612,'632b14e6ce98499c85901bf5b7eaf410','图像质检处理',6,'aea29591c1204f94bca8a2347f559cc4'),(613,'732b14e6ce98499c85901bf5b7eaf410','目录著录',7,'aea29591c1204f94bca8a2347f559cc4'),(614,'832b14e6ce98499c85901bf5b7eaf410','数据质检',8,'aea29591c1204f94bca8a2347f559cc4'),(619,'232b14e6ce98499c85901bf5b7eaf410','添加任务',1,'36f98f53fd7d4995893b6a692148c2a0'),(620,'132b14e6ce98499c85901bf5b7eaf410','分件',2,'36f98f53fd7d4995893b6a692148c2a0'),(621,'332b14e6ce98499c85901bf5b7eaf410','图像扫描',3,'36f98f53fd7d4995893b6a692148c2a0'),(622,'432b14e6ce98499c85901bf5b7eaf410','图像处理',4,'36f98f53fd7d4995893b6a692148c2a0'),(623,'532b14e6ce98499c85901bf5b7eaf410','图像质检',5,'36f98f53fd7d4995893b6a692148c2a0'),(624,'632b14e6ce98499c85901bf5b7eaf410','图像质检处理',6,'36f98f53fd7d4995893b6a692148c2a0'),(625,'732b14e6ce98499c85901bf5b7eaf410','目录著录',7,'36f98f53fd7d4995893b6a692148c2a0'),(626,'832b14e6ce98499c85901bf5b7eaf410','数据质检',8,'36f98f53fd7d4995893b6a692148c2a0'),(627,'132b14e6ce98499c85901bf5b7eaf410','分件',2,'f99e5fd7672548eda60557c6a46abecf'),(628,'332b14e6ce98499c85901bf5b7eaf410','图像扫描',3,'f99e5fd7672548eda60557c6a46abecf'),(629,'432b14e6ce98499c85901bf5b7eaf410','图像处理',4,'f99e5fd7672548eda60557c6a46abecf'),(630,'632b14e6ce98499c85901bf5b7eaf410','图像质检处理',6,'f99e5fd7672548eda60557c6a46abecf'),(691,'232b14e6ce98499c85901bf5b7eaf410','添加任务',1,'09db0557ccf24d40bbc35c5324aa46ba'),(692,'232b14e6ce98499c85901bf5b7eaf410','添加任务',1,'6340440fffb6436db2cefb5bdad858f1'),(693,'232b14e6ce98499c85901bf5b7eaf410','添加任务',1,'b5184430bf0343faa3e1f225146e6f82'),(694,'132b14e6ce98499c85901bf5b7eaf410','分件',2,'b5184430bf0343faa3e1f225146e6f82'),(742,'232b14e6ce98499c85901bf5b7eaf410','添加任务',1,'5f84096315254f9b9e5e007bb90ae1a3'),(743,'132b14e6ce98499c85901bf5b7eaf410','分件',2,'5f84096315254f9b9e5e007bb90ae1a3'),(744,'332b14e6ce98499c85901bf5b7eaf410','图像扫描',3,'5f84096315254f9b9e5e007bb90ae1a3'),(745,'432b14e6ce98499c85901bf5b7eaf410','图像处理',4,'5f84096315254f9b9e5e007bb90ae1a3'),(746,'532b14e6ce98499c85901bf5b7eaf410','图像质检',5,'5f84096315254f9b9e5e007bb90ae1a3'),(747,'632b14e6ce98499c85901bf5b7eaf410','图像质检处理',6,'5f84096315254f9b9e5e007bb90ae1a3'),(748,'732b14e6ce98499c85901bf5b7eaf410','目录著录',7,'5f84096315254f9b9e5e007bb90ae1a3'),(749,'832b14e6ce98499c85901bf5b7eaf410','数据质检',8,'5f84096315254f9b9e5e007bb90ae1a3'),(750,'232b14e6ce98499c85901bf5b7eaf410','添加任务',1,'12095811d96843fbb784c666a6605a63'),(751,'132b14e6ce98499c85901bf5b7eaf410','分件',2,'12095811d96843fbb784c666a6605a63'),(752,'332b14e6ce98499c85901bf5b7eaf410','图像扫描',3,'12095811d96843fbb784c666a6605a63'),(761,'232b14e6ce98499c85901bf5b7eaf410','添加任务',1,'f50f5c8e9dac42e3a6fc6c5e7f872350'),(762,'132b14e6ce98499c85901bf5b7eaf410','分件',2,'f50f5c8e9dac42e3a6fc6c5e7f872350'),(766,'232b14e6ce98499c85901bf5b7eaf410','添加任务',1,'98771bc68da74cc89a86cbafab14ba4d'),(767,'132b14e6ce98499c85901bf5b7eaf410','分件',2,'98771bc68da74cc89a86cbafab14ba4d'),(768,'332b14e6ce98499c85901bf5b7eaf410','图像扫描',3,'98771bc68da74cc89a86cbafab14ba4d'),(769,'432b14e6ce98499c85901bf5b7eaf410','图像处理',4,'98771bc68da74cc89a86cbafab14ba4d'),(770,'532b14e6ce98499c85901bf5b7eaf410','图像质检',5,'98771bc68da74cc89a86cbafab14ba4d'),(771,'632b14e6ce98499c85901bf5b7eaf410','图像质检处理',6,'98771bc68da74cc89a86cbafab14ba4d'),(783,'232b14e6ce98499c85901bf5b7eaf410','添加任务',1,'648232144e184d69bb259531592dde59'),(784,'132b14e6ce98499c85901bf5b7eaf410','分件',2,'648232144e184d69bb259531592dde59'),(785,'432b14e6ce98499c85901bf5b7eaf410','图像处理',4,'648232144e184d69bb259531592dde59'),(786,'532b14e6ce98499c85901bf5b7eaf410','图像质检',5,'648232144e184d69bb259531592dde59'),(787,'632b14e6ce98499c85901bf5b7eaf410','图像质检处理',6,'648232144e184d69bb259531592dde59'),(788,'732b14e6ce98499c85901bf5b7eaf410','目录著录',7,'648232144e184d69bb259531592dde59'),(829,'132b14e6ce98499c85901bf5b7eaf410','分件',2,'13b9c948b3e84b37b7808b3370cd2344'),(830,'332b14e6ce98499c85901bf5b7eaf410','图像扫描',3,'13b9c948b3e84b37b7808b3370cd2344'),(831,'432b14e6ce98499c85901bf5b7eaf410','图像处理',4,'13b9c948b3e84b37b7808b3370cd2344'),(832,'532b14e6ce98499c85901bf5b7eaf410','图像质检',5,'13b9c948b3e84b37b7808b3370cd2344'),(833,'632b14e6ce98499c85901bf5b7eaf410','图像质检处理',6,'13b9c948b3e84b37b7808b3370cd2344'),(834,'732b14e6ce98499c85901bf5b7eaf410','目录著录',7,'13b9c948b3e84b37b7808b3370cd2344'),(835,'832b14e6ce98499c85901bf5b7eaf410','数据质检',8,'13b9c948b3e84b37b7808b3370cd2344'),(836,'232b14e6ce98499c85901bf5b7eaf410','添加任务',1,'3b0478e90ad44751b6f82de54c4ac998'),(837,'132b14e6ce98499c85901bf5b7eaf410','分件',2,'3b0478e90ad44751b6f82de54c4ac998'),(838,'332b14e6ce98499c85901bf5b7eaf410','图像扫描',3,'3b0478e90ad44751b6f82de54c4ac998'),(839,'432b14e6ce98499c85901bf5b7eaf410','图像处理',4,'3b0478e90ad44751b6f82de54c4ac998'),(840,'532b14e6ce98499c85901bf5b7eaf410','图像质检',5,'3b0478e90ad44751b6f82de54c4ac998'),(841,'632b14e6ce98499c85901bf5b7eaf410','图像质检处理',6,'3b0478e90ad44751b6f82de54c4ac998'),(842,'732b14e6ce98499c85901bf5b7eaf410','目录著录',7,'3b0478e90ad44751b6f82de54c4ac998'),(843,'832b14e6ce98499c85901bf5b7eaf410','数据质检',8,'3b0478e90ad44751b6f82de54c4ac998'),(844,'232b14e6ce98499c85901bf5b7eaf410','添加任务',1,'4bdb5f238d4745f0b9e4568a475e34ea'),(845,'132b14e6ce98499c85901bf5b7eaf410','分件',2,'4bdb5f238d4745f0b9e4568a475e34ea'),(846,'332b14e6ce98499c85901bf5b7eaf410','图像扫描',3,'4bdb5f238d4745f0b9e4568a475e34ea'),(847,'432b14e6ce98499c85901bf5b7eaf410','图像处理',4,'4bdb5f238d4745f0b9e4568a475e34ea'),(848,'532b14e6ce98499c85901bf5b7eaf410','图像质检',5,'4bdb5f238d4745f0b9e4568a475e34ea'),(849,'632b14e6ce98499c85901bf5b7eaf410','图像质检处理',6,'4bdb5f238d4745f0b9e4568a475e34ea'),(850,'732b14e6ce98499c85901bf5b7eaf410','目录著录',7,'4bdb5f238d4745f0b9e4568a475e34ea'),(851,'832b14e6ce98499c85901bf5b7eaf410','数据质检',8,'4bdb5f238d4745f0b9e4568a475e34ea'),(852,'232b14e6ce98499c85901bf5b7eaf410','添加任务',1,'97fa1337a5e448848d165fd799ddfb0d'),(853,'132b14e6ce98499c85901bf5b7eaf410','分件',2,'97fa1337a5e448848d165fd799ddfb0d'),(854,'332b14e6ce98499c85901bf5b7eaf410','图像扫描',3,'97fa1337a5e448848d165fd799ddfb0d'),(855,'432b14e6ce98499c85901bf5b7eaf410','图像处理',4,'97fa1337a5e448848d165fd799ddfb0d'),(856,'532b14e6ce98499c85901bf5b7eaf410','图像质检',5,'97fa1337a5e448848d165fd799ddfb0d'),(857,'632b14e6ce98499c85901bf5b7eaf410','图像质检处理',6,'97fa1337a5e448848d165fd799ddfb0d'),(858,'732b14e6ce98499c85901bf5b7eaf410','目录著录',7,'97fa1337a5e448848d165fd799ddfb0d'),(859,'832b14e6ce98499c85901bf5b7eaf410','数据质检',8,'97fa1337a5e448848d165fd799ddfb0d'),(860,'232b14e6ce98499c85901bf5b7eaf410','添加任务',1,'a22bb5d32098446e997c160ac608e496'),(861,'132b14e6ce98499c85901bf5b7eaf410','分件',2,'a22bb5d32098446e997c160ac608e496'),(862,'332b14e6ce98499c85901bf5b7eaf410','图像扫描',3,'a22bb5d32098446e997c160ac608e496'),(863,'732b14e6ce98499c85901bf5b7eaf410','目录著录',7,'a22bb5d32098446e997c160ac608e496'),(880,'232b14e6ce98499c85901bf5b7eaf410','添加任务',1,'51adeacb453d4b2d9dbbcc1b8994a2cd'),(881,'132b14e6ce98499c85901bf5b7eaf410','分件',2,'51adeacb453d4b2d9dbbcc1b8994a2cd'),(882,'232b14e6ce98499c85901bf5b7eaf410','添加任务',1,'e89f10a81b0f4a2d945152aef808f7df'),(883,'132b14e6ce98499c85901bf5b7eaf410','分件',2,'e89f10a81b0f4a2d945152aef808f7df'),(884,'332b14e6ce98499c85901bf5b7eaf410','图像扫描',3,'e89f10a81b0f4a2d945152aef808f7df'),(885,'432b14e6ce98499c85901bf5b7eaf410','图像处理',4,'e89f10a81b0f4a2d945152aef808f7df'),(886,'532b14e6ce98499c85901bf5b7eaf410','图像质检',5,'e89f10a81b0f4a2d945152aef808f7df'),(887,'632b14e6ce98499c85901bf5b7eaf410','图像质检处理',6,'e89f10a81b0f4a2d945152aef808f7df'),(888,'732b14e6ce98499c85901bf5b7eaf410','目录著录',7,'e89f10a81b0f4a2d945152aef808f7df'),(889,'832b14e6ce98499c85901bf5b7eaf410','数据质检',8,'e89f10a81b0f4a2d945152aef808f7df');
/*!40000 ALTER TABLE `t_project_gxhj` ENABLE KEYS */;
UNLOCK TABLES;

--
-- Table structure for table `t_task_juan`
--

DROP TABLE IF EXISTS `t_task_juan`;
/*!40101 SET @saved_cs_client     = @@character_set_client */;
/*!50503 SET character_set_client = utf8mb4 */;
CREATE TABLE `t_task_juan` (
  `id` varchar(50) CHARACTER SET utf8 COLLATE utf8_general_ci NOT NULL COMMENT '主键',
  `pc_id` varchar(50) CHARACTER SET utf8 COLLATE utf8_general_ci DEFAULT NULL COMMENT '批次号(id)',
  `project_id` varchar(50) CHARACTER SET utf8 COLLATE utf8_general_ci DEFAULT NULL COMMENT '项目id',
  `dalx` varchar(50) CHARACTER SET utf8 COLLATE utf8_general_ci DEFAULT NULL COMMENT '档案类型',
  `qzh` varchar(50) CHARACTER SET utf8 COLLATE utf8_general_ci DEFAULT NULL COMMENT '全宗号',
  `mlh` varchar(50) CHARACTER SET utf8 COLLATE utf8_general_ci DEFAULT NULL COMMENT '目录号',
  `ajh` varchar(50) CHARACTER SET utf8 COLLATE utf8_general_ci DEFAULT NULL COMMENT '案卷号',
  `dh` varchar(100) CHARACTER SET utf8 COLLATE utf8_general_ci DEFAULT NULL COMMENT '档号',
  `dhqj` varchar(50) CHARACTER SET utf8 COLLATE utf8_general_ci DEFAULT NULL COMMENT '档号区间',
  `nd` varchar(200) CHARACTER SET utf8 COLLATE utf8_general_ci DEFAULT NULL COMMENT '年度',
  `bgqx` varchar(50) CHARACTER SET utf8 COLLATE utf8_general_ci DEFAULT NULL COMMENT '保管期限',
  `oajh` varchar(200) CHARACTER SET utf8 COLLATE utf8_general_ci DEFAULT NULL COMMENT '原案卷号',
  `xm` varchar(20) CHARACTER SET utf8 COLLATE utf8_general_ci DEFAULT NULL COMMENT '姓名',
  `xb` varchar(1) CHARACTER SET utf8 COLLATE utf8_general_ci DEFAULT NULL COMMENT '性别',
  `mz` varchar(10) CHARACTER SET utf8 COLLATE utf8_general_ci DEFAULT NULL COMMENT '民族',
  `csrq` datetime DEFAULT NULL COMMENT '出生日期',
  `zjlx` varchar(20) CHARACTER SET utf8 COLLATE utf8_general_ci DEFAULT NULL COMMENT '证件类型',
  `zjhm` text CHARACTER SET utf8 COLLATE utf8_general_ci COMMENT '证件号码',
  `cjzzsj` datetime DEFAULT NULL COMMENT '参加组织时间',
  `cjgzsj` datetime DEFAULT NULL COMMENT '参加工作时间',
  `bm` varchar(50) CHARACTER SET utf8 COLLATE utf8_general_ci DEFAULT NULL COMMENT '部门',
  `gbzt` varchar(255) CHARACTER SET utf8 COLLATE utf8_general_ci DEFAULT NULL COMMENT '干部状态',
  `rwzt` varchar(255) CHARACTER SET utf8 COLLATE utf8_general_ci DEFAULT NULL COMMENT '任务状态',
  `dqgx` int DEFAULT NULL COMMENT '当前工序',
  `lqr` varchar(255) CHARACTER SET utf8 COLLATE utf8_general_ci DEFAULT NULL COMMENT '领取人',
  `qzmc` varchar(100) CHARACTER SET utf8 COLLATE utf8_general_ci DEFAULT NULL COMMENT '全宗名称',
  `ajtm` varchar(255) CHARACTER SET utf8 COLLATE utf8_general_ci DEFAULT NULL COMMENT '案卷题名',
  `fz` varchar(255) CHARACTER SET utf8 COLLATE utf8_general_ci DEFAULT NULL COMMENT '附注',
  `bkbsm` varchar(255) CHARACTER SET utf8 COLLATE utf8_general_ci DEFAULT NULL COMMENT '备考表说明',
  `qssj` varchar(50) CHARACTER SET utf8 COLLATE utf8_general_ci DEFAULT NULL COMMENT '起始时间',
  `zzsj` varchar(50) CHARACTER SET utf8 COLLATE utf8_general_ci DEFAULT NULL COMMENT '终止时间',
  `xgyj` text CHARACTER SET utf8 COLLATE utf8_general_ci COMMENT '修改意见',
  `remark` text CHARACTER SET utf8 COLLATE utf8_general_ci COMMENT '备注',
  `create_by` varchar(255) CHARACTER SET utf8 COLLATE utf8_general_ci DEFAULT NULL COMMENT '创建人',
  `create_time` datetime DEFAULT NULL COMMENT '创建时间',
  `update_by` varchar(255) CHARACTER SET utf8 COLLATE utf8_general_ci DEFAULT NULL COMMENT '修改人',
  `update_time` datetime DEFAULT NULL COMMENT '修改时间',
  `dagdm` varchar(255) CHARACTER SET utf8 COLLATE utf8_general_ci DEFAULT NULL COMMENT '档案馆代码',
  `dagmc` varchar(255) CHARACTER SET utf8 COLLATE utf8_general_ci DEFAULT NULL COMMENT '档案馆名称',
  `ys` int DEFAULT NULL COMMENT '页数',
  `claim_time` datetime DEFAULT NULL COMMENT '领取时间',
  `finish_time` datetime DEFAULT NULL COMMENT '完成时间',
  PRIMARY KEY (`id`) USING BTREE
) ENGINE=InnoDB DEFAULT CHARSET=utf8mb3 COMMENT='任务_卷级表';
/*!40101 SET character_set_client = @saved_cs_client */;

--
-- Dumping data for table `t_task_juan`
--

LOCK TABLES `t_task_juan` WRITE;
/*!40000 ALTER TABLE `t_task_juan` DISABLE KEYS */;
INSERT INTO `t_task_juan` VALUES ('00f61a28b27d465db4596c10e7d61e5c','e41ceedd52d546438a70c1297fe78ff7',NULL,'文书档案','2000','xml2','001','2000-xml2-001',NULL,'2023','30',NULL,'','',NULL,NULL,'','',NULL,NULL,NULL,NULL,'未进行',3,'',NULL,NULL,NULL,NULL,NULL,NULL,NULL,NULL,'超级管理员','2023-05-05 16:39:08',NULL,NULL,NULL,NULL,NULL,'2023-05-05 16:40:32','2023-05-05 16:41:29'),('027c738e39b145c3af67243c6bb08b73','775314320f6b4e10992c757ef42e15aa',NULL,'文书档案','1111','xml1','004','1111-xml1-004',NULL,'2023','30',NULL,NULL,NULL,NULL,NULL,NULL,NULL,NULL,NULL,NULL,NULL,'未进行',1,NULL,NULL,NULL,NULL,NULL,NULL,NULL,NULL,NULL,'超级管理员','2023-04-23 14:52:11',NULL,NULL,NULL,NULL,NULL,NULL,NULL),('07a75c811b1b4abba32bf4547bcba4bc','5bd169d1940348199b203a35d3c6eeaf',NULL,'文书档案','9999','A-SY','004','9999-A-SY-004',NULL,'2006','10',NULL,NULL,NULL,NULL,NULL,NULL,NULL,NULL,NULL,NULL,NULL,'未进行',1,NULL,NULL,NULL,NULL,NULL,NULL,NULL,NULL,NULL,'若依','2023-04-06 15:17:13',NULL,NULL,NULL,NULL,NULL,NULL,NULL),('098725bd68c04b72b197e587022c7164','5bd169d1940348199b203a35d3c6eeaf',NULL,'文书档案','9999','A-SY','005','9999-A-SY-005',NULL,'2006','10',NULL,NULL,NULL,NULL,NULL,NULL,NULL,NULL,NULL,NULL,NULL,'进行中',8,'超级管理员','啊阿斯顿请问','案调查显示','12','121','20111212','1212121','1111',NULL,'若依','2023-04-06 15:17:13','若依','2023-04-12 14:12:17',NULL,NULL,NULL,'2023-04-12 14:35:54','2023-04-10 15:30:45'),('0a0b256f41d04f5c8300472459786225','4bbb20ac93fb4cdaac81a83454fafee5',NULL,'文书档案','0090','A-2015','012','0090-A-2015-012',NULL,NULL,'长期',NULL,NULL,NULL,NULL,NULL,NULL,NULL,NULL,NULL,NULL,NULL,'未进行',1,NULL,'1','1',NULL,NULL,NULL,NULL,NULL,NULL,'若依','2023-04-06 15:02:11',NULL,NULL,NULL,NULL,NULL,NULL,NULL),('0fa9e4803d4449a48ea8ddab8a4de66f','4bbb20ac93fb4cdaac81a83454fafee5',NULL,'文书档案','0089','A-2000','001','0089-A-2000-001',NULL,NULL,'长期',NULL,NULL,NULL,NULL,NULL,NULL,NULL,NULL,NULL,NULL,NULL,'未进行',1,NULL,'1','1',NULL,NULL,NULL,NULL,NULL,NULL,'若依','2023-04-06 15:02:10',NULL,NULL,NULL,NULL,NULL,NULL,NULL),('1b1b3f820ac4475e96d6ff821c27a1ad','4bbb20ac93fb4cdaac81a83454fafee5',NULL,'文书档案','0090','A-2015','014','0090-A-2015-014',NULL,NULL,'长期',NULL,NULL,NULL,NULL,NULL,NULL,NULL,NULL,NULL,NULL,NULL,'未进行',1,NULL,'1','1',NULL,NULL,NULL,NULL,NULL,NULL,'若依','2023-04-06 15:02:11',NULL,NULL,NULL,NULL,NULL,NULL,NULL),('1e873928cab54b7688ceded29da50ab7','ff9dab45adb947818587a85b95d8f530',NULL,'人事档案','','','','夏睿博13123213123',NULL,'','',NULL,'夏睿博','男',NULL,NULL,'居民身份证','13123213123',NULL,NULL,NULL,NULL,'进行中',2,'超级管理员',NULL,NULL,NULL,NULL,NULL,NULL,NULL,NULL,'若依','2023-04-12 16:32:20',NULL,NULL,NULL,NULL,NULL,'2023-04-23 18:08:52',NULL),('20ba5385931a4831a378e4663d6c17fe','4bbb20ac93fb4cdaac81a83454fafee5',NULL,'文书档案','0989','A-S','001','0989-A-S-001',NULL,'2012','10',NULL,NULL,NULL,NULL,NULL,NULL,NULL,NULL,NULL,NULL,NULL,'未进行',1,NULL,NULL,NULL,NULL,NULL,NULL,NULL,NULL,NULL,'若依','2023-04-11 15:51:33',NULL,NULL,NULL,NULL,NULL,NULL,NULL),('26eb540a31824dc7a70ef0f1fee83597','dd994fd7234e4d499ae97e03e7f301e2',NULL,'人事档案','','','','上司123456',NULL,'','',NULL,'上司','男',NULL,NULL,'居民身份证','123456',NULL,NULL,NULL,NULL,'进行中',2,'超级管理员',NULL,NULL,NULL,NULL,NULL,NULL,NULL,NULL,'若依','2023-04-12 16:25:19',NULL,NULL,NULL,NULL,NULL,'2023-04-19 10:19:54',NULL),('2728ec00ca4b440b8b5de63f622c4464','775314320f6b4e10992c757ef42e15aa',NULL,'文书档案','1111','xml1','002','1111-xml1-002',NULL,'2023','30',NULL,NULL,NULL,NULL,NULL,NULL,NULL,NULL,NULL,NULL,NULL,'未进行',5,'',NULL,NULL,NULL,NULL,NULL,NULL,NULL,NULL,'超级管理员','2023-04-23 14:52:11',NULL,NULL,NULL,NULL,NULL,'2023-04-23 15:27:40','2023-04-23 15:42:13'),('2a411e2d5dd3432ca93e5b9352143627','4bbb20ac93fb4cdaac81a83454fafee5',NULL,'文书档案','0089','A-2000','003','0089-A-2000-003',NULL,NULL,'长期',NULL,NULL,NULL,NULL,NULL,NULL,NULL,NULL,NULL,NULL,NULL,'未进行',1,NULL,'1','1',NULL,NULL,NULL,NULL,NULL,NULL,'若依','2023-04-06 15:02:11',NULL,NULL,NULL,NULL,NULL,NULL,NULL),('2a96913599124aa794353bcc1fdb2954','4bbb20ac93fb4cdaac81a83454fafee5',NULL,'文书档案','0090','A-2015','015','0090-A-2015-015',NULL,NULL,'长期',NULL,NULL,NULL,NULL,NULL,NULL,NULL,NULL,NULL,NULL,NULL,'未进行',1,NULL,'1','1',NULL,NULL,NULL,NULL,NULL,NULL,'若依','2023-04-06 15:02:11',NULL,NULL,NULL,NULL,NULL,NULL,NULL),('372044856fe84a9ba8f4b944a0631a7b','dd994fd7234e4d499ae97e03e7f301e2',NULL,'人事档案','','','','天空123456789',NULL,'','',NULL,'天空','男',NULL,NULL,'居民身份证','123456789',NULL,NULL,NULL,NULL,'进行中',7,'超级管理员',NULL,NULL,NULL,NULL,NULL,NULL,NULL,NULL,'若依','2023-04-06 15:18:20','若依','2023-04-06 18:25:33',NULL,NULL,NULL,'2023-04-27 16:56:12','2023-04-06 15:21:26'),('55a114df61f6481d97913a9676c33d21','dd994fd7234e4d499ae97e03e7f301e2',NULL,'人事档案','','','','大地12345567890',NULL,'','',NULL,'大地','男','汉族','2023-05-01 00:00:00','居民身份证','12345567890','2023-05-09 00:00:00','2023-05-02 00:00:00',NULL,NULL,'进行中',7,'超级管理员',NULL,NULL,NULL,NULL,NULL,NULL,NULL,NULL,'若依','2023-04-06 15:18:41','超级管理员','2023-05-18 09:58:39',NULL,NULL,NULL,'2023-05-11 15:10:55','2023-04-06 15:21:41'),('562d0a4725734a13bb622dea3f298570','ff9dab45adb947818587a85b95d8f530',NULL,'人事档案','','','','澜1234567890030',NULL,'','',NULL,'澜','男','汉族','2022-04-06 00:00:00','居民身份证','1234567890030','2022-04-12 00:00:00','2022-04-18 00:00:00',NULL,NULL,'已完成',8,'',NULL,NULL,NULL,NULL,NULL,NULL,NULL,NULL,'若依','2023-04-11 12:25:12','若依','2023-04-11 13:58:10',NULL,NULL,NULL,'2023-04-11 15:33:11','2023-04-11 15:33:18'),('56fcd9b5a19c4e4098f41abec3c83910','dd994fd7234e4d499ae97e03e7f301e2',NULL,'人事档案','','','','刘平123456',NULL,'','',NULL,'刘平','男',NULL,NULL,'居民身份证','123456',NULL,NULL,NULL,NULL,'未进行',1,NULL,NULL,NULL,NULL,NULL,NULL,NULL,NULL,NULL,'若依','2023-04-13 11:32:21',NULL,NULL,NULL,NULL,NULL,NULL,NULL),('57db6727172a419dbcc63f1de2a4f760','4bbb20ac93fb4cdaac81a83454fafee5',NULL,'文书档案','0088','A-2003','001','0088-A-2003-001',NULL,NULL,'短期',NULL,NULL,NULL,NULL,NULL,NULL,NULL,NULL,NULL,NULL,NULL,'进行中',7,'超级管理员','1','1','1212','121212','20211302','20221202',NULL,NULL,'若依','2023-04-06 15:02:10','超级管理员','2023-05-18 09:58:13',NULL,NULL,NULL,'2023-04-23 10:46:08','2023-04-06 15:23:06'),('611b85ac1a1c4c95af4d7d0f386fcb75','f00956bfe541485d9f817917e0f39a14',NULL,'文书档案','2332','A-MS','003','2332-A-MS-003',NULL,'2000','10',NULL,NULL,NULL,NULL,NULL,NULL,NULL,NULL,NULL,NULL,NULL,'已完成',8,'','海南','2二点五其','是v饿死人','挖方为','20121230','20121230',NULL,NULL,'若依','2023-04-11 11:36:17','若依','2023-04-11 11:39:50',NULL,NULL,NULL,'2023-04-11 11:54:21','2023-04-11 11:54:41'),('63e34bb68ae84470b8c6be36ec97479f','f00956bfe541485d9f817917e0f39a14',NULL,'文书档案','2332','A-MS','004','2332-A-MS-004',NULL,'2000','10',NULL,NULL,NULL,NULL,NULL,NULL,NULL,NULL,NULL,NULL,NULL,'已完成',8,'','河北','去DQ2的1','我的wed','成为afce','确定2','弟弟2rd',NULL,NULL,'若依','2023-04-11 11:36:17','若依','2023-04-11 11:40:09',NULL,NULL,NULL,'2023-04-11 11:54:08','2023-04-11 11:54:43'),('6792ead7d0e84253850ec27e470d7c8a','4bbb20ac93fb4cdaac81a83454fafee5',NULL,'文书档案','0989','A-S','002','0989-A-S-002',NULL,'2012','10',NULL,NULL,NULL,NULL,NULL,NULL,NULL,NULL,NULL,NULL,NULL,'未进行',1,NULL,NULL,NULL,NULL,NULL,NULL,NULL,NULL,NULL,'若依','2023-04-11 15:51:33',NULL,NULL,NULL,NULL,NULL,NULL,NULL),('67d2819493ae4096870e51cda3388e6b','5bd169d1940348199b203a35d3c6eeaf',NULL,'文书档案','9999','A-SY','003','9999-A-SY-003',NULL,'2006','10',NULL,NULL,NULL,NULL,NULL,NULL,NULL,NULL,NULL,NULL,NULL,'未进行',1,NULL,NULL,NULL,NULL,NULL,NULL,NULL,NULL,NULL,'若依','2023-04-06 15:17:13',NULL,NULL,NULL,NULL,NULL,NULL,NULL),('68f6d8573c324787b924bfdf865a2822','775314320f6b4e10992c757ef42e15aa',NULL,'文书档案','1111','xml1','001','1111-xml1-001',NULL,'2023','30',NULL,'','',NULL,NULL,'','',NULL,NULL,NULL,NULL,'未进行',4,'',NULL,NULL,NULL,NULL,NULL,NULL,NULL,NULL,'超级管理员','2023-04-23 14:48:44',NULL,NULL,NULL,NULL,NULL,'2023-04-23 15:11:46','2023-04-23 15:15:49'),('6d83a3fa134b41e7ae83944e53f1c86c','dd994fd7234e4d499ae97e03e7f301e2',NULL,'人事档案','','','','刘朋1234567890',NULL,'','',NULL,'刘朋','男',NULL,NULL,'居民身份证','1234567890',NULL,NULL,NULL,NULL,'未进行',1,NULL,NULL,NULL,NULL,NULL,NULL,NULL,NULL,NULL,'若依','2023-04-12 16:27:47',NULL,NULL,NULL,NULL,NULL,NULL,NULL),('6fecf415edb34302b2c800f4901835ba','f00956bfe541485d9f817917e0f39a14',NULL,'文书档案','2332','A-MS','001','2332-A-MS-001',NULL,'2000','10',NULL,NULL,NULL,NULL,NULL,NULL,NULL,NULL,NULL,NULL,NULL,'已完成',8,'','北京','三生石','22的我完全','成为当晚邪恶的','2012-12-23','2101-12-12',NULL,NULL,'若依','2023-04-11 11:36:17','若依','2023-04-11 11:38:27',NULL,NULL,NULL,'2023-04-11 11:53:54','2023-04-11 11:54:34'),('75bd2287f6d74e5b9eaab3b91ad4cf66','4bbb20ac93fb4cdaac81a83454fafee5',NULL,'文书档案','0089','A-2000','007','0089-A-2000-007',NULL,NULL,'长期',NULL,NULL,NULL,NULL,NULL,NULL,NULL,NULL,NULL,NULL,NULL,'未进行',1,NULL,'1','1',NULL,NULL,NULL,NULL,NULL,NULL,'若依','2023-04-06 15:02:11',NULL,NULL,NULL,NULL,NULL,NULL,NULL),('7b5994ac4569445dafb6996d46c62c11','db5259c424624ec4b114753535c1b87c',NULL,'132b14e6ce98499c85901bf5b7eaf431','1111','11','111','1111-11-111',NULL,'111','11',NULL,'','',NULL,NULL,'','',NULL,NULL,NULL,NULL,'未进行',1,NULL,NULL,NULL,NULL,NULL,NULL,NULL,NULL,NULL,'超级管理员','2023-05-09 13:59:37',NULL,NULL,NULL,NULL,NULL,NULL,NULL),('7d08c10ab69a4a7ba7ffabbe546fb320','ff9dab45adb947818587a85b95d8f530',NULL,'人事档案','','','','百里玄策1234567890016',NULL,'','',NULL,'百里玄策','女','藏族','2022-04-05 00:00:00','居民身份证','1234567890016','2023-04-02 00:00:00','2023-04-04 00:00:00',NULL,NULL,'已完成',8,'',NULL,NULL,NULL,NULL,NULL,NULL,NULL,NULL,'若依','2023-04-11 12:20:56','若依','2023-04-11 13:58:24',NULL,NULL,NULL,'2023-04-11 14:37:28','2023-04-11 14:37:48'),('7eb0f1a78631401392162e1a31d2aecb','f00956bfe541485d9f817917e0f39a14',NULL,'文书档案','2332','A-MS','005','2332-A-MS-005',NULL,'2000','10',NULL,NULL,NULL,NULL,NULL,NULL,NULL,NULL,NULL,NULL,NULL,'已完成',8,'','江西','亲爱DWQ','20121230','WEFSEWRGVEW是A','WEBGESAR','20121230',NULL,NULL,'若依','2023-04-11 11:36:17','若依','2023-04-11 11:40:37',NULL,NULL,NULL,'2023-04-11 11:54:25','2023-04-11 11:55:10'),('7f243e8898b24104b50092696b13c7ef','dd994fd7234e4d499ae97e03e7f301e2',NULL,'人事档案','','','','森林12345678919',NULL,'','',NULL,'森林','女','汉族','2020-04-09 00:00:00','居民身份证','12345678919','2023-03-31 00:00:00','2023-04-06 00:00:00',NULL,NULL,'已完成',8,'',NULL,NULL,NULL,NULL,NULL,NULL,NULL,NULL,'若依','2023-04-06 15:19:06','若依','2023-04-07 17:39:36',NULL,NULL,NULL,'2023-04-11 09:57:50','2023-04-11 09:58:06'),('85c378c4040a4ccea392d196ad7d14b9','e41ceedd52d546438a70c1297fe78ff7',NULL,'文书档案','9431','xlb1','101','9431-xlb1-101',NULL,'2023','15',NULL,NULL,NULL,NULL,NULL,NULL,NULL,NULL,NULL,NULL,NULL,'未进行',5,'',NULL,NULL,NULL,NULL,NULL,NULL,NULL,NULL,'若依','2023-04-11 11:10:16',NULL,NULL,NULL,NULL,NULL,'2023-04-11 11:10:51','2023-05-11 14:56:46'),('868dc47b2dab432aaa19469047037662','4bbb20ac93fb4cdaac81a83454fafee5',NULL,'文书档案','0089','A-2000','005','0089-A-2000-005',NULL,NULL,'长期',NULL,NULL,NULL,NULL,NULL,NULL,NULL,NULL,NULL,NULL,NULL,'未进行',1,NULL,'1','1',NULL,NULL,NULL,NULL,NULL,NULL,'若依','2023-04-06 15:02:11',NULL,NULL,NULL,NULL,NULL,NULL,NULL),('892053a6073b4e1cbb2a146ef540d8fd','4bbb20ac93fb4cdaac81a83454fafee5',NULL,'文书档案','0090','A-2015','013','0090-A-2015-013',NULL,NULL,'长期',NULL,NULL,NULL,NULL,NULL,NULL,NULL,NULL,NULL,NULL,NULL,'未进行',1,NULL,'1','1',NULL,NULL,NULL,NULL,NULL,NULL,'若依','2023-04-06 15:02:11',NULL,NULL,NULL,NULL,NULL,NULL,NULL),('8a2001e014b84c19b2daa41319dfff61','4bbb20ac93fb4cdaac81a83454fafee5',NULL,'文书档案','0089','A-2000','004','0089-A-2000-004',NULL,NULL,'长期',NULL,NULL,NULL,NULL,NULL,NULL,NULL,NULL,NULL,NULL,NULL,'未进行',1,NULL,'1','1',NULL,NULL,NULL,NULL,NULL,NULL,'若依','2023-04-06 15:02:11',NULL,NULL,NULL,NULL,NULL,NULL,NULL),('8a700945dacd4adeae6049ee7178d2c3','dd994fd7234e4d499ae97e03e7f301e2',NULL,'人事档案','','','','小雪1234567',NULL,'','',NULL,'小雪','男',NULL,NULL,'居民身份证','1234567',NULL,NULL,NULL,NULL,'进行中',2,'刘朋',NULL,NULL,NULL,NULL,NULL,NULL,NULL,NULL,'若依','2023-04-06 15:14:43','若依','2023-04-12 14:16:53',NULL,NULL,NULL,'2023-04-12 16:20:09',NULL),('8d55151160a24fe4a0cb0a516da0c4c4','ff9dab45adb947818587a85b95d8f530',NULL,'人事档案','','','','大乔1234567890014',NULL,'','',NULL,'大乔','男','汉族','2023-04-02 00:00:00','居民身份证','1234567890014','2023-04-03 00:00:00','2023-04-04 00:00:00',NULL,NULL,'进行中',8,'超级管理员',NULL,NULL,NULL,NULL,NULL,NULL,NULL,NULL,'若依','2023-04-11 12:27:04','若依','2023-04-11 14:03:21',NULL,NULL,NULL,'2023-05-15 09:29:12','2023-04-11 14:37:05'),('9763ba7ac78840c1bd8278e57cff12e9','5bd169d1940348199b203a35d3c6eeaf',NULL,'文书档案','9999','A-SY','001','9999-A-SY-001',NULL,'2006','10',NULL,NULL,NULL,NULL,NULL,NULL,NULL,NULL,NULL,NULL,NULL,'未进行',1,NULL,NULL,NULL,NULL,NULL,NULL,NULL,NULL,NULL,'若依','2023-04-06 15:17:13',NULL,NULL,NULL,NULL,NULL,NULL,NULL),('980fc8cbeb8b47d080b56b3a68691674','f00956bfe541485d9f817917e0f39a14',NULL,'文书档案','2332','A-MS','002','2332-A-MS-002',NULL,'2000','10',NULL,NULL,NULL,NULL,NULL,NULL,NULL,NULL,NULL,NULL,NULL,'已完成',8,'','天玑','大瓦房v我','安全稳定请问','c为首次访问','20121230','20121230',NULL,NULL,'若依','2023-04-11 11:36:17','若依','2023-04-11 11:39:34',NULL,NULL,NULL,'2023-04-11 11:54:01','2023-04-11 11:54:38'),('9ad907a70605410e94670f0e79aef785','775314320f6b4e10992c757ef42e15aa',NULL,'文书档案','1111','xml1','003','1111-xml1-003',NULL,'2023','30',NULL,NULL,NULL,NULL,NULL,NULL,NULL,NULL,NULL,NULL,NULL,'未进行',1,NULL,NULL,NULL,NULL,NULL,NULL,NULL,NULL,NULL,'超级管理员','2023-04-23 14:52:11',NULL,NULL,NULL,NULL,NULL,NULL,NULL),('a896c24b7fe94f2ea91ddbbe40a7d313','4bbb20ac93fb4cdaac81a83454fafee5',NULL,'文书档案','0089','A-2000','009','0089-A-2000-009',NULL,NULL,'长期',NULL,NULL,NULL,NULL,NULL,NULL,NULL,NULL,NULL,NULL,NULL,'未进行',1,NULL,'1','1',NULL,NULL,NULL,NULL,NULL,NULL,'若依','2023-04-06 15:02:11',NULL,NULL,NULL,NULL,NULL,NULL,NULL),('aa7d76802ce84fe7a675245817148c00','4bbb20ac93fb4cdaac81a83454fafee5',NULL,'文书档案','0091','A-2019','101','0091-A-2019-101',NULL,NULL,'长期',NULL,NULL,NULL,NULL,NULL,NULL,NULL,NULL,NULL,NULL,NULL,'未进行',1,NULL,'1','1',NULL,NULL,NULL,NULL,NULL,NULL,'若依','2023-04-06 15:02:11',NULL,NULL,NULL,NULL,NULL,NULL,NULL),('bb4ea4844fad47869f5630be5091e3b7','4bbb20ac93fb4cdaac81a83454fafee5',NULL,'文书档案','0089','A-2000','008','0089-A-2000-008',NULL,NULL,'长期',NULL,NULL,NULL,NULL,NULL,NULL,NULL,NULL,NULL,NULL,NULL,'进行中',7,'超级管理员','1','1','45','4','2','3',NULL,NULL,'若依','2023-04-06 15:02:11','超级管理员','2023-05-18 09:58:28',NULL,NULL,NULL,'2023-05-09 15:04:03','2023-04-06 15:23:14'),('c5620da47e89478ba65fa57e8575a44e','4bbb20ac93fb4cdaac81a83454fafee5',NULL,'文书档案','0088','A-2003','002','0088-A-2003-002',NULL,NULL,'长期',NULL,NULL,NULL,NULL,NULL,NULL,NULL,NULL,NULL,NULL,NULL,'进行中',2,'超级管理员','1','1',NULL,NULL,NULL,NULL,NULL,NULL,'若依','2023-04-06 15:02:10',NULL,NULL,NULL,NULL,NULL,'2023-04-27 17:37:54',NULL),('c9829c8b72d140c091cc9b6d9bf2da37','dd994fd7234e4d499ae97e03e7f301e2',NULL,'人事档案','','','','海洋12345665432112',NULL,'','',NULL,'海洋','女','汉族','2021-04-06 00:00:00','居民身份证','12345665432112','2023-04-02 00:00:00','2023-04-05 00:00:00',NULL,NULL,'进行中',8,'超级管理员',NULL,NULL,NULL,NULL,NULL,NULL,'嗡嗡嗡',NULL,'若依','2023-04-06 15:19:27','若依','2023-04-07 17:47:53',NULL,NULL,NULL,'2023-04-12 14:37:11','2023-04-10 14:33:00'),('cc06a481c3234693bb12818b2d9a2713','4bbb20ac93fb4cdaac81a83454fafee5',NULL,'文书档案','0089','A-2000','002','0089-A-2000-002',NULL,NULL,'长期',NULL,NULL,NULL,NULL,NULL,NULL,NULL,NULL,NULL,NULL,NULL,'未进行',1,NULL,'1','1',NULL,NULL,NULL,NULL,NULL,NULL,'若依','2023-04-06 15:02:10',NULL,NULL,NULL,NULL,NULL,NULL,NULL),('cca6c3c5aa8f4fad9f8b17f87df33613','dd994fd7234e4d499ae97e03e7f301e2',NULL,'人事档案','','','','小亮123456789987654321',NULL,'','',NULL,'小亮','女',NULL,NULL,'其他','123456789987654321',NULL,NULL,NULL,NULL,'进行中',2,'若依',NULL,NULL,NULL,NULL,NULL,NULL,NULL,NULL,'若依','2023-04-06 15:15:06',NULL,NULL,NULL,NULL,NULL,'2023-04-11 13:49:48',NULL),('cd10516a565b40ed9c0b1ff50b73a227','4bbb20ac93fb4cdaac81a83454fafee5',NULL,'文书档案','0088','A-2003','004','0088-A-2003-004',NULL,NULL,'长期',NULL,NULL,NULL,NULL,NULL,NULL,NULL,NULL,NULL,NULL,NULL,'未进行',1,NULL,'1','1',NULL,NULL,NULL,NULL,NULL,NULL,'若依','2023-04-06 15:02:10',NULL,NULL,NULL,NULL,NULL,NULL,NULL),('d9131cfb8a5c49a9a76c816e1a7a29e2','ff9dab45adb947818587a85b95d8f530',NULL,'人事档案','','','','凯1234567890022',NULL,'','',NULL,'凯','男','藏族','2021-04-14 00:00:00','居民身份证','1234567890022','2022-04-19 00:00:00','2022-04-27 00:00:00',NULL,NULL,'进行中',8,'超级管理员',NULL,NULL,NULL,NULL,NULL,NULL,NULL,NULL,'若依','2023-04-11 13:45:44','若依','2023-04-11 13:58:45',NULL,NULL,NULL,'2023-05-15 09:29:54','2023-04-11 14:37:08'),('e30684b738bb46999c30c666e7472207','ff9dab45adb947818587a85b95d8f530',NULL,'人事档案','','','','许岳辉1232131232132',NULL,'','',NULL,'许岳辉','男',NULL,NULL,'居民身份证','1232131232132',NULL,NULL,NULL,NULL,'进行中',2,'超级管理员',NULL,NULL,NULL,NULL,NULL,NULL,NULL,NULL,'若依','2023-04-12 16:32:37',NULL,NULL,NULL,NULL,NULL,'2023-05-06 10:17:38',NULL),('e5f217ac1d8043d6af0dafd13a0482e0','ff9dab45adb947818587a85b95d8f530',NULL,'人事档案','','','','百里守约1234567890020',NULL,'','',NULL,'百里守约','女','汉族','2023-04-03 00:00:00','居民身份证','1234567890020','2023-04-06 00:00:00','2023-04-08 00:00:00',NULL,NULL,'已完成',8,'',NULL,NULL,NULL,NULL,NULL,NULL,NULL,NULL,'若依','2023-04-11 12:21:18','若依','2023-04-11 14:03:34',NULL,NULL,NULL,'2023-04-11 14:37:31','2023-04-11 14:37:50'),('e7b3d5aa28214592bb84110d49d0a44c','4bbb20ac93fb4cdaac81a83454fafee5',NULL,'文书档案','0088','A-2003','003','0088-A-2003-003',NULL,NULL,'长期',NULL,NULL,NULL,NULL,NULL,NULL,NULL,NULL,NULL,NULL,NULL,'进行中',7,'超级管理员','1','1','初始属性属性','潇洒潇洒些','20130112','20131201','212121212121',NULL,'若依','2023-04-06 15:02:10','若依','2023-04-07 18:04:36',NULL,NULL,NULL,'2023-04-12 16:43:30','2023-04-12 14:26:33'),('ea098a6eb7dd461ab34b5aa2d35ea52d','4bbb20ac93fb4cdaac81a83454fafee5',NULL,'文书档案','0089','A-2000','006','0089-A-2000-006',NULL,NULL,'长期',NULL,NULL,NULL,NULL,NULL,NULL,NULL,NULL,NULL,NULL,NULL,'未进行',1,NULL,'1','1',NULL,NULL,NULL,NULL,NULL,NULL,'若依','2023-04-06 15:02:11',NULL,NULL,NULL,NULL,NULL,NULL,NULL),('eb5ee0848d3a452aa3ba2083a0bed8a3','ff9dab45adb947818587a85b95d8f530',NULL,'人事档案','','','','小乔123456789012',NULL,'','',NULL,'小乔','女',NULL,NULL,'居民身份证','123456789012',NULL,NULL,NULL,NULL,'进行中',2,'若依',NULL,NULL,NULL,NULL,NULL,NULL,NULL,NULL,'若依','2023-04-11 12:27:22','若依','2023-04-12 14:08:54',NULL,NULL,NULL,'2023-04-11 13:52:19',NULL),('f3d0187baa344c5abbf22501a4ad477c','4bbb20ac93fb4cdaac81a83454fafee5',NULL,'文书档案','0089','A-2000','010','0089-A-2000-010',NULL,NULL,'长期',NULL,NULL,NULL,NULL,NULL,NULL,NULL,NULL,NULL,NULL,NULL,'未进行',1,NULL,'1','1',NULL,NULL,NULL,NULL,NULL,NULL,'若依','2023-04-06 15:02:11',NULL,NULL,NULL,NULL,NULL,NULL,NULL),('f7e3bf236c514f1495a96ae394f905ad','ff9dab45adb947818587a85b95d8f530',NULL,'人事档案','','','','妲己1234567890021',NULL,'','',NULL,'妲己','男',NULL,NULL,'居民身份证','1234567890021',NULL,NULL,NULL,NULL,'进行中',2,'若依',NULL,NULL,NULL,NULL,NULL,NULL,NULL,NULL,'若依','2023-04-11 12:24:42',NULL,NULL,NULL,NULL,NULL,'2023-04-11 13:53:07',NULL),('fc22bf2d14c840d6a580fb72fd338794','5bd169d1940348199b203a35d3c6eeaf',NULL,'文书档案','9999','A-SY','002','9999-A-SY-002',NULL,'2006','10',NULL,NULL,NULL,NULL,NULL,NULL,NULL,NULL,NULL,NULL,NULL,'未进行',1,NULL,NULL,NULL,NULL,NULL,NULL,NULL,NULL,NULL,'若依','2023-04-06 15:17:13',NULL,NULL,NULL,NULL,NULL,NULL,NULL);
/*!40000 ALTER TABLE `t_task_juan` ENABLE KEYS */;
UNLOCK TABLES;

--
-- Table structure for table `t_task_piece`
--

DROP TABLE IF EXISTS `t_task_piece`;
/*!40101 SET @saved_cs_client     = @@character_set_client */;
/*!50503 SET character_set_client = utf8mb4 */;
CREATE TABLE `t_task_piece` (
  `id` varchar(50) CHARACTER SET utf8 COLLATE utf8_general_ci NOT NULL COMMENT '主键',
  `aj_id` varchar(50) CHARACTER SET utf8 COLLATE utf8_general_ci DEFAULT NULL COMMENT '案卷表(id)',
  `qzh` varchar(50) CHARACTER SET utf8 COLLATE utf8_general_ci DEFAULT NULL COMMENT '全宗号',
  `mlh` varchar(50) DEFAULT NULL COMMENT '目录号',
  `ajh` varchar(50) DEFAULT NULL COMMENT '案卷号',
  `jh` varchar(50) CHARACTER SET utf8 COLLATE utf8_general_ci DEFAULT NULL COMMENT '件号',
  `dh` varchar(50) CHARACTER SET utf8 COLLATE utf8_general_ci DEFAULT NULL COMMENT '档号',
  `ksys` int DEFAULT NULL COMMENT '开始页数',
  `zzys` int DEFAULT NULL COMMENT '终止页数',
  `ym` int DEFAULT NULL COMMENT '页码',
  `ys` int DEFAULT NULL COMMENT '页数',
  `sfsy` varchar(1) CHARACTER SET utf8 COLLATE utf8_general_ci DEFAULT NULL COMMENT '是否首页',
  `xgyj` text CHARACTER SET utf8 COLLATE utf8_general_ci COMMENT '修改意见',
  `tpdz` varchar(255) CHARACTER SET utf8 COLLATE utf8_general_ci DEFAULT NULL COMMENT '图片地址',
  `tpmc` varchar(255) CHARACTER SET utf8 COLLATE utf8_general_ci DEFAULT NULL COMMENT '图片名称',
  `zrz` varchar(200) CHARACTER SET utf8 COLLATE utf8_general_ci DEFAULT NULL COMMENT '责任者',
  `tm` varchar(255) CHARACTER SET utf8 COLLATE utf8_general_ci DEFAULT NULL COMMENT '题名',
  `xcsj` varchar(255) CHARACTER SET utf8 COLLATE utf8_general_ci DEFAULT NULL COMMENT '形成时间',
  `mgsj` varchar(255) CHARACTER SET utf8 COLLATE utf8_general_ci DEFAULT NULL COMMENT '民国纪年(民国时间)',
  `gjc` varchar(255) CHARACTER SET utf8 COLLATE utf8_general_ci DEFAULT NULL COMMENT '关键词',
  `fz` varchar(255) CHARACTER SET utf8 COLLATE utf8_general_ci DEFAULT NULL COMMENT '附注',
  `fjtm` varchar(255) CHARACTER SET utf8 COLLATE utf8_general_ci DEFAULT NULL COMMENT '附件题名',
  `wjbh` varchar(255) DEFAULT NULL COMMENT '文件编号',
  `flh` varchar(255) CHARACTER SET utf8 COLLATE utf8_general_ci DEFAULT NULL COMMENT '分类号',
  `yz` varchar(255) CHARACTER SET utf8 COLLATE utf8_general_ci DEFAULT NULL COMMENT '语种',
  `ztxt` text CHARACTER SET utf8 COLLATE utf8_general_ci COMMENT '载体形态',
  `zqbs` text CHARACTER SET utf8 COLLATE utf8_general_ci COMMENT '政权标识',
  `jdch` text CHARACTER SET utf8 COLLATE utf8_general_ci COMMENT '鉴定词汇',
  `kzbs` varchar(50) CHARACTER SET utf8 COLLATE utf8_general_ci DEFAULT NULL COMMENT '控制标识',
  `mj` varchar(50) CHARACTER SET utf8 COLLATE utf8_general_ci DEFAULT NULL COMMENT '密级',
  `bgqx` varchar(50) CHARACTER SET utf8 COLLATE utf8_general_ci DEFAULT NULL COMMENT '保管期限',
  `clfl` varchar(200) CHARACTER SET utf8 COLLATE utf8_general_ci DEFAULT NULL COMMENT '材料分类',
  `clmc` varchar(200) CHARACTER SET utf8 COLLATE utf8_general_ci DEFAULT NULL COMMENT '材料名称',
  `cllh` varchar(50) CHARACTER SET utf8 COLLATE utf8_general_ci DEFAULT NULL COMMENT '类号',
  `make_year` varchar(10) CHARACTER SET utf8 COLLATE utf8_general_ci DEFAULT NULL COMMENT '材料制成时间(年)',
  `make_month` varchar(10) CHARACTER SET utf8 COLLATE utf8_general_ci DEFAULT NULL COMMENT '材料制成时间(月)',
  `make_day` varchar(10) CHARACTER SET utf8 COLLATE utf8_general_ci DEFAULT NULL COMMENT '材料制成时间(日)',
  `remark` text CHARACTER SET utf8 COLLATE utf8_general_ci COMMENT '备注',
  `dalx_id` varchar(50) CHARACTER SET utf8 COLLATE utf8_general_ci DEFAULT NULL COMMENT '档案类型id',
  `create_by` varchar(50) CHARACTER SET utf8 COLLATE utf8_general_ci DEFAULT NULL COMMENT '创建人',
  `create_time` datetime DEFAULT NULL COMMENT '创建时间',
  `update_by` varchar(50) CHARACTER SET utf8 COLLATE utf8_general_ci DEFAULT NULL COMMENT '修改人',
  `update_time` datetime DEFAULT NULL COMMENT '修改时间',
  PRIMARY KEY (`id`) USING BTREE
) ENGINE=InnoDB DEFAULT CHARSET=utf8mb3 COMMENT='任务_件级表';
/*!40101 SET character_set_client = @saved_cs_client */;

--
-- Dumping data for table `t_task_piece`
--

LOCK TABLES `t_task_piece` WRITE;
/*!40000 ALTER TABLE `t_task_piece` DISABLE KEYS */;
INSERT INTO `t_task_piece` VALUES ('06a5159ba105484fbecdbbb93bd52cdf','e5f217ac1d8043d6af0dafd13a0482e0','','','','001','百里守约1234567890020-001',1,1,1,1,'是',NULL,'D:\\myprojects-szhjgxt\\image\\837-1.jpg',NULL,NULL,NULL,NULL,NULL,NULL,NULL,NULL,NULL,NULL,NULL,NULL,NULL,NULL,NULL,NULL,NULL,'学历学位材料','121额','4-1-1','2022','06','30',NULL,NULL,'若依','2023-04-11 13:52:11','若依','2023-04-11 14:04:06'),('07c277047b3a49ad8c02d54f0cbd3897','00f61a28b27d465db4596c10e7d61e5c','2000','xml2','001','003','2000-xml2-001-003',NULL,NULL,9,NULL,'否',NULL,NULL,NULL,NULL,NULL,NULL,NULL,NULL,NULL,NULL,NULL,NULL,NULL,NULL,NULL,NULL,NULL,NULL,NULL,NULL,NULL,NULL,NULL,NULL,NULL,NULL,NULL,'超级管理员','2023-05-05 16:40:56',NULL,NULL),('0a2a5334ce6e446baace89f14ef8243e','f7e3bf236c514f1495a96ae394f905ad','','','','001','妲己1234567890021-001',NULL,NULL,2,NULL,'否',NULL,'D:\\myprojects-szhjgxt\\image\\837-1.jpg',NULL,NULL,NULL,NULL,NULL,NULL,NULL,NULL,NULL,NULL,NULL,NULL,NULL,NULL,NULL,NULL,NULL,NULL,NULL,NULL,NULL,NULL,NULL,NULL,NULL,'若依','2023-04-11 13:53:10',NULL,NULL),('0a2b394ff5d64ef9875de8808441d7d3','7f243e8898b24104b50092696b13c7ef','','','','001','森林12345678919-001',NULL,NULL,2,NULL,'否',NULL,'D:\\myprojects-szhjgxt\\image\\2.jpg',NULL,NULL,NULL,NULL,NULL,NULL,NULL,NULL,NULL,NULL,NULL,NULL,NULL,NULL,NULL,NULL,NULL,NULL,NULL,NULL,NULL,NULL,NULL,NULL,NULL,'若依','2023-04-06 15:21:49',NULL,NULL),('0ab778ae84d346c8899c8a241db7afc2','372044856fe84a9ba8f4b944a0631a7b','','','','001','天空123456789-001',1,1,1,1,'是',NULL,'D:\\myprojects-szhjgxt\\image\\1.jpg',NULL,NULL,NULL,NULL,NULL,NULL,NULL,NULL,NULL,NULL,NULL,NULL,NULL,NULL,NULL,NULL,NULL,NULL,NULL,NULL,NULL,NULL,NULL,NULL,NULL,'若依','2023-04-06 15:21:17','若依','2023-04-06 18:37:02'),('0cecb72a6ee543e9b6c171dace774367','00f61a28b27d465db4596c10e7d61e5c','2000','xml2','001','003','2000-xml2-001-003',NULL,NULL,8,NULL,'否',NULL,NULL,NULL,NULL,NULL,NULL,NULL,NULL,NULL,NULL,NULL,NULL,NULL,NULL,NULL,NULL,NULL,NULL,NULL,NULL,NULL,NULL,NULL,NULL,NULL,NULL,NULL,'超级管理员','2023-05-05 16:40:56',NULL,NULL),('0d1dc042da364675a5a80b3b6e44455e','f7e3bf236c514f1495a96ae394f905ad','','','','002','妲己1234567890021-001-002',NULL,NULL,9,NULL,'否',NULL,NULL,NULL,NULL,NULL,NULL,NULL,NULL,NULL,NULL,NULL,NULL,NULL,NULL,NULL,NULL,NULL,NULL,NULL,NULL,NULL,NULL,NULL,NULL,NULL,NULL,NULL,'若依','2023-04-12 14:07:00',NULL,NULL),('0ddc3cb324084c9ea0f9be27e70c375e','f7e3bf236c514f1495a96ae394f905ad','','','','004','妲己1234567890021-004',NULL,NULL,14,NULL,'否',NULL,NULL,NULL,NULL,NULL,NULL,NULL,NULL,NULL,NULL,NULL,NULL,NULL,NULL,NULL,NULL,NULL,NULL,NULL,NULL,NULL,NULL,NULL,NULL,NULL,NULL,NULL,'若依','2023-04-12 14:08:46',NULL,NULL),('0e4f381cd0444c288455f97a90150c00','6fecf415edb34302b2c800f4901835ba','2332','A-MS','001','001','2332-A-MS-001-001',1,1,1,1,'是','vfwsefcwaeg','D:\\myprojects-szhjgxt\\image\\837-1.jpg',NULL,'自身的修为我','嗯我当时我非常','方程为凤尾','微风吹娃儿非常','wfct4r54','sevfewsvf','3玩fwefv',NULL,'第三方','德沃芙',NULL,'1五wd','few','wefwef','zsewgv',NULL,NULL,NULL,NULL,NULL,NULL,NULL,NULL,NULL,'若依','2023-04-11 11:36:44','若依','2023-04-11 11:39:05'),('0e516626c632437e8e9af1ce6d8f4305','c9829c8b72d140c091cc9b6d9bf2da37','','','','004','海洋12345665432112-004',6,8,6,3,'是',NULL,NULL,NULL,NULL,NULL,NULL,NULL,NULL,NULL,NULL,NULL,NULL,NULL,NULL,NULL,NULL,NULL,NULL,NULL,'科研学术材料','科技图纸','4-3-1','2011','2','21',NULL,NULL,'若依','2023-04-10 11:47:30','若依','2023-04-10 14:30:35'),('12554335397340e9ad37ac9acdf4ce3f','8d55151160a24fe4a0cb0a516da0c4c4','','','','001','大乔1234567890014-001',1,1,1,1,'是',NULL,'D:\\myprojects-szhjgxt\\image\\837-2.jpg',NULL,NULL,NULL,NULL,NULL,NULL,NULL,NULL,NULL,NULL,NULL,NULL,NULL,NULL,NULL,NULL,NULL,'考核鉴定类材料','121额','1','2011','11','11',NULL,NULL,'若依','2023-04-11 13:50:46','若依','2023-04-11 14:03:07'),('2448157b230a44e28a38a1a5835360ab','c9829c8b72d140c091cc9b6d9bf2da37','','','','004','海洋12345665432112-004',NULL,NULL,8,NULL,'否',NULL,NULL,NULL,NULL,NULL,NULL,NULL,NULL,NULL,NULL,NULL,NULL,NULL,NULL,NULL,NULL,NULL,NULL,NULL,NULL,NULL,NULL,NULL,NULL,NULL,NULL,NULL,'若依','2023-04-10 11:47:30',NULL,NULL),('28496439d5a64e8b891ed56a476dc60c','bb4ea4844fad47869f5630be5091e3b7','0089','A-2000','008','002','0089-A-2000-008-002',3,3,3,1,'是',NULL,'D:\\myprojects-szhjgxt\\image\\9-2-1.png',NULL,NULL,NULL,NULL,NULL,NULL,NULL,NULL,NULL,NULL,NULL,NULL,NULL,NULL,NULL,NULL,NULL,NULL,NULL,NULL,NULL,NULL,NULL,NULL,NULL,'若依','2023-04-06 15:22:57',NULL,NULL),('28640b1ef69841a79b9fb81bc10681f6','00f61a28b27d465db4596c10e7d61e5c','2000','xml2','001','002','2000-xml2-001-002',4,6,4,3,'是',NULL,NULL,NULL,NULL,NULL,NULL,NULL,NULL,NULL,NULL,NULL,NULL,NULL,NULL,NULL,NULL,NULL,NULL,NULL,NULL,NULL,NULL,NULL,NULL,NULL,NULL,NULL,'超级管理员','2023-05-05 16:40:55',NULL,NULL),('33cd2c6e07e94a158cc1f6c8ceb2b2dd','f7e3bf236c514f1495a96ae394f905ad','','','','001','妲己1234567890021-001',NULL,NULL,5,NULL,'否',NULL,'D:\\myprojects-szhjgxt\\image\\837-4.jpg',NULL,NULL,NULL,NULL,NULL,NULL,NULL,NULL,NULL,NULL,NULL,NULL,NULL,NULL,NULL,NULL,NULL,NULL,NULL,NULL,NULL,NULL,NULL,NULL,NULL,'若依','2023-04-11 13:53:10',NULL,NULL),('37414a48ff3c4b8aaaeab27272ce7e68','eb5ee0848d3a452aa3ba2083a0bed8a3','','','','001','小乔123456789012-001',1,1,1,1,'是',NULL,'D:\\myprojects-szhjgxt\\image\\837-1.jpg',NULL,NULL,NULL,NULL,NULL,NULL,NULL,NULL,NULL,NULL,NULL,NULL,NULL,NULL,NULL,NULL,NULL,NULL,NULL,NULL,NULL,NULL,NULL,NULL,NULL,'若依','2023-04-11 13:52:20',NULL,NULL),('376a92f45b4743b9aba0ae774f92152d','f7e3bf236c514f1495a96ae394f905ad','','','','001','妲己1234567890021-001',NULL,NULL,3,NULL,'否',NULL,'D:\\myprojects-szhjgxt\\image\\837-3.jpg',NULL,NULL,NULL,NULL,NULL,NULL,NULL,NULL,NULL,NULL,NULL,NULL,NULL,NULL,NULL,NULL,NULL,NULL,NULL,NULL,NULL,NULL,NULL,NULL,NULL,'若依','2023-04-11 13:53:10',NULL,NULL),('40fe44ce628f4c71871b8e65d234fd85','372044856fe84a9ba8f4b944a0631a7b','','','','002','天空123456789-002',2,2,2,1,'是',NULL,'D:\\myprojects-szhjgxt\\image\\2.jpg',NULL,NULL,NULL,NULL,NULL,NULL,NULL,NULL,NULL,NULL,NULL,NULL,NULL,NULL,NULL,NULL,NULL,NULL,NULL,NULL,NULL,NULL,NULL,NULL,NULL,'若依','2023-04-06 15:21:18',NULL,NULL),('426074b8cb924c15b56b8ace69962396','e7b3d5aa28214592bb84110d49d0a44c','0088','A-2003','003','001','0088-A-2003-003-001',NULL,NULL,2,NULL,'否',NULL,'D:\\myprojects-szhjgxt\\image\\rmcVt4M218.jpg',NULL,NULL,NULL,NULL,NULL,NULL,NULL,NULL,NULL,NULL,NULL,NULL,NULL,NULL,NULL,NULL,NULL,NULL,NULL,NULL,NULL,NULL,NULL,NULL,NULL,'若依','2023-04-06 15:22:44',NULL,NULL),('44bbbf7c58cc4fd9b1e9a690f121529b','f7e3bf236c514f1495a96ae394f905ad','','','','002','妲己1234567890021-001-002',NULL,NULL,8,NULL,'否',NULL,NULL,NULL,NULL,NULL,NULL,NULL,NULL,NULL,NULL,NULL,NULL,NULL,NULL,NULL,NULL,NULL,NULL,NULL,NULL,NULL,NULL,NULL,NULL,NULL,NULL,NULL,'若依','2023-04-12 14:07:00',NULL,NULL),('45a4ade56f294610afbcd8df3d026e0c','8a700945dacd4adeae6049ee7178d2c3','','','','001','小雪1234567-001',1,1,1,1,'是',NULL,NULL,NULL,NULL,NULL,NULL,NULL,NULL,NULL,NULL,NULL,NULL,NULL,NULL,NULL,NULL,NULL,NULL,NULL,NULL,NULL,NULL,NULL,NULL,NULL,NULL,NULL,'若依','2023-04-11 13:50:11',NULL,NULL),('46b49b94466444a688bed96355ed66af','00f61a28b27d465db4596c10e7d61e5c','2000','xml2','001','001','2000-xml2-001-001',NULL,NULL,3,NULL,'否',NULL,NULL,NULL,NULL,NULL,NULL,NULL,NULL,NULL,NULL,NULL,NULL,NULL,NULL,NULL,NULL,NULL,NULL,NULL,NULL,NULL,NULL,NULL,NULL,NULL,NULL,NULL,'超级管理员','2023-05-05 16:40:51',NULL,NULL),('477769e690d342edad61f64d08675231','2728ec00ca4b440b8b5de63f622c4464','1111','xml1','002','001','1111-xml1-002-001',1,2,1,2,'是',NULL,'D:\\myprojects-szhjgxt\\image\\x1.jpg',NULL,NULL,NULL,NULL,NULL,NULL,NULL,NULL,NULL,NULL,NULL,NULL,NULL,NULL,NULL,NULL,NULL,NULL,NULL,NULL,NULL,NULL,NULL,NULL,NULL,'超级管理员','2023-04-23 15:27:45',NULL,NULL),('49be034be86d403aa80b5916de26ebf6','00f61a28b27d465db4596c10e7d61e5c','2000','xml2','001','003','2000-xml2-001-003',7,9,7,3,'是',NULL,NULL,NULL,NULL,NULL,NULL,NULL,NULL,NULL,NULL,NULL,NULL,NULL,NULL,NULL,NULL,NULL,NULL,NULL,NULL,NULL,NULL,NULL,NULL,NULL,NULL,NULL,'超级管理员','2023-05-05 16:40:56',NULL,NULL),('4cad8187f68c4b34afaa34b4de940bd6','562d0a4725734a13bb622dea3f298570','','','','002','澜1234567890030-002',NULL,NULL,4,NULL,'否',NULL,'D:\\myprojects-szhjgxt\\image\\837-3.jpg',NULL,NULL,NULL,NULL,NULL,NULL,NULL,NULL,NULL,NULL,NULL,NULL,NULL,NULL,NULL,NULL,NULL,NULL,NULL,NULL,NULL,NULL,NULL,NULL,NULL,'若依','2023-04-11 13:48:43',NULL,NULL),('4ea7e2e4a2624d3eb6ec14e10d805c3b','57db6727172a419dbcc63f1de2a4f760','0088','A-2003','001','001','0088-A-2003-001-001',NULL,NULL,2,NULL,'否',NULL,'D:\\myprojects-szhjgxt\\image\\9-1-2.jpg',NULL,NULL,NULL,NULL,NULL,NULL,NULL,NULL,NULL,NULL,NULL,NULL,NULL,NULL,NULL,NULL,NULL,NULL,NULL,NULL,NULL,NULL,NULL,NULL,NULL,'若依','2023-04-06 15:22:34',NULL,NULL),('4ee320a77ea44bce80f8e78e6e5eea4f','cca6c3c5aa8f4fad9f8b17f87df33613','','','','001','小亮123456789987654321-001',1,1,1,1,'是',NULL,'D:\\myprojects-szhjgxt\\image\\837-1.jpg',NULL,NULL,NULL,NULL,NULL,NULL,NULL,NULL,NULL,NULL,NULL,NULL,NULL,NULL,NULL,NULL,NULL,NULL,NULL,NULL,NULL,NULL,NULL,NULL,NULL,'若依','2023-04-11 13:49:57',NULL,NULL),('51b5209b36984d728d1db2f88549145a','c9829c8b72d140c091cc9b6d9bf2da37','','','','004','海洋12345665432112-004',NULL,NULL,7,NULL,'否',NULL,NULL,NULL,NULL,NULL,NULL,NULL,NULL,NULL,NULL,NULL,NULL,NULL,NULL,NULL,NULL,NULL,NULL,NULL,NULL,NULL,NULL,NULL,NULL,NULL,NULL,NULL,'若依','2023-04-10 11:47:30',NULL,NULL),('52696308dd12411899fc3e7c2028b3ef','c9829c8b72d140c091cc9b6d9bf2da37','','','','002','海洋12345665432112-002',2,3,2,2,'是',NULL,'D:\\myprojects-szhjgxt\\image\\5-1-1.jpg',NULL,NULL,NULL,NULL,NULL,NULL,NULL,NULL,NULL,NULL,NULL,NULL,NULL,NULL,NULL,NULL,NULL,'履历类材料','人物档案','2','2001','12','21',NULL,NULL,'若依','2023-04-06 15:22:01','若依','2023-04-10 14:29:55'),('52fbe119346f41999ba602babc590f49','2728ec00ca4b440b8b5de63f622c4464','1111','xml1','002','003','1111-xml1-002-003',NULL,NULL,6,NULL,'否',NULL,NULL,NULL,NULL,NULL,NULL,NULL,NULL,NULL,NULL,NULL,NULL,NULL,NULL,NULL,NULL,NULL,NULL,NULL,NULL,NULL,NULL,NULL,NULL,NULL,NULL,NULL,'超级管理员','2023-04-23 15:27:49',NULL,NULL),('535bd69e289a4b9fa8069e41f814e576','098725bd68c04b72b197e587022c7164','9999','A-SY','005','002','9999-A-SY-005-002',2,2,2,1,'是',NULL,'D:\\myprojects-szhjgxt\\image\\view333.jpg',NULL,'擦擦v','啊是正常v阿斯旺',NULL,NULL,NULL,NULL,NULL,NULL,NULL,NULL,NULL,NULL,NULL,NULL,NULL,NULL,NULL,NULL,NULL,NULL,NULL,NULL,NULL,NULL,'若依','2023-04-10 14:33:55','若依','2023-04-10 14:34:59'),('55637f6e8d594dc7ac7a2ba9774e6a26','7f243e8898b24104b50092696b13c7ef','','','','001','森林12345678919-001',NULL,NULL,3,NULL,'否',NULL,'D:\\myprojects-szhjgxt\\image\\1.jpg',NULL,NULL,NULL,NULL,NULL,NULL,NULL,NULL,NULL,NULL,NULL,NULL,NULL,NULL,NULL,NULL,NULL,NULL,NULL,NULL,NULL,NULL,NULL,NULL,NULL,'若依','2023-04-06 15:21:49',NULL,NULL),('5750dd16594f4f329e97d2c519429efb','562d0a4725734a13bb622dea3f298570','','','','001','澜1234567890030-001',1,2,1,2,'是',NULL,'D:\\myprojects-szhjgxt\\image\\837-1.jpg',NULL,NULL,NULL,NULL,NULL,NULL,NULL,NULL,NULL,NULL,NULL,NULL,NULL,NULL,NULL,NULL,NULL,'履历类材料','图像','1','2011','12','21','12我是文书2是2',NULL,'若依','2023-04-11 13:48:39','若依','2023-04-11 14:01:10'),('587ece5175df4d7a8f865b4d375d4613','57db6727172a419dbcc63f1de2a4f760','0088','A-2003','001','001','0088-A-2003-001-001',1,2,1,2,'是','去啊撒撒哇撒','D:\\myprojects-szhjgxt\\image\\9-1-1.jpg',NULL,'阿萨娃娃','飒飒','201213',NULL,'222','aa','12q',NULL,'a','英文','电子文件','阿萨','阿萨','阿萨','1q',NULL,NULL,NULL,NULL,NULL,NULL,NULL,NULL,NULL,'若依','2023-04-06 15:22:34','若依','2023-04-06 18:38:34'),('58f36f529d074a59b7b3a2a97ea9d2eb','f7e3bf236c514f1495a96ae394f905ad','','','','002','妲己1234567890021-001-002',NULL,NULL,7,NULL,'否',NULL,NULL,NULL,NULL,NULL,NULL,NULL,NULL,NULL,NULL,NULL,NULL,NULL,NULL,NULL,NULL,NULL,NULL,NULL,NULL,NULL,NULL,NULL,NULL,NULL,NULL,NULL,'若依','2023-04-12 14:07:00',NULL,NULL),('5f007ce0c47641ad8c18123d82eed9dc','f7e3bf236c514f1495a96ae394f905ad','','','','002','妲己1234567890021-001-002',6,10,6,5,'是',NULL,NULL,NULL,NULL,NULL,NULL,NULL,NULL,NULL,NULL,NULL,NULL,NULL,NULL,NULL,NULL,NULL,NULL,NULL,NULL,NULL,NULL,NULL,NULL,NULL,NULL,NULL,'若依','2023-04-12 14:07:00',NULL,NULL),('608b7277c16b40c286bdffaec791bdbb','c9829c8b72d140c091cc9b6d9bf2da37','','','','003','海洋12345665432112-003',NULL,NULL,5,NULL,'否',NULL,NULL,NULL,NULL,NULL,NULL,NULL,NULL,NULL,NULL,NULL,NULL,NULL,NULL,NULL,NULL,NULL,NULL,NULL,NULL,NULL,NULL,NULL,NULL,NULL,NULL,NULL,'若依','2023-04-10 11:47:28',NULL,NULL),('6245d658bb15421590527037af6fe255','098725bd68c04b72b197e587022c7164','9999','A-SY','005','004','9999-A-SY-005-004',4,4,4,1,'是',NULL,NULL,NULL,NULL,NULL,NULL,NULL,NULL,NULL,NULL,NULL,NULL,NULL,NULL,NULL,NULL,NULL,NULL,NULL,NULL,NULL,NULL,NULL,NULL,NULL,NULL,NULL,'若依','2023-04-10 14:33:56',NULL,NULL),('6369687efe4543209ebb42b044fb157d','2728ec00ca4b440b8b5de63f622c4464','1111','xml1','002','001','1111-xml1-002-001',NULL,NULL,2,NULL,'否',NULL,'D:\\myprojects-szhjgxt\\image\\x2.jpg',NULL,NULL,NULL,NULL,NULL,NULL,NULL,NULL,NULL,NULL,NULL,NULL,NULL,NULL,NULL,NULL,NULL,NULL,NULL,NULL,NULL,NULL,NULL,NULL,NULL,'超级管理员','2023-04-23 15:27:45',NULL,NULL),('66f43931fb2146d3affdd0ac46804dc9','f7e3bf236c514f1495a96ae394f905ad','','','','002','妲己1234567890021-001-002',NULL,NULL,10,NULL,'否',NULL,NULL,NULL,NULL,NULL,NULL,NULL,NULL,NULL,NULL,NULL,NULL,NULL,NULL,NULL,NULL,NULL,NULL,NULL,NULL,NULL,NULL,NULL,NULL,NULL,NULL,NULL,'若依','2023-04-12 14:07:00',NULL,NULL),('68e99663de5e4d9d843202f1bbbc98b4','63e34bb68ae84470b8c6be36ec97479f','2332','A-MS','004','001','2332-A-MS-004-001',1,1,1,1,'是',NULL,'D:\\myprojects-szhjgxt\\image\\837-4.jpg',NULL,'啊我的萨瓦','啊伟大的的',NULL,'awd','啊我的娃d',NULL,NULL,NULL,NULL,NULL,NULL,NULL,NULL,NULL,NULL,NULL,NULL,NULL,NULL,NULL,NULL,NULL,NULL,NULL,'若依','2023-04-11 11:37:06','若依','2023-04-11 11:42:09'),('691c734ccc234fe4a7629505a64b2391','562d0a4725734a13bb622dea3f298570','','','','002','澜1234567890030-002',3,4,3,2,'是',NULL,'D:\\myprojects-szhjgxt\\image\\837-4.jpg',NULL,NULL,NULL,NULL,NULL,NULL,NULL,NULL,NULL,NULL,NULL,NULL,NULL,NULL,NULL,NULL,NULL,'履历类材料','图像宠物','2','1980','12','12','菜市场的菜都是',NULL,'若依','2023-04-11 13:48:43','若依','2023-04-11 14:01:35'),('69ab473f705a4389b144968fc4060e78','f7e3bf236c514f1495a96ae394f905ad','','','','003','妲己1234567890021-003',11,12,11,2,'是',NULL,NULL,NULL,NULL,NULL,NULL,NULL,NULL,NULL,NULL,NULL,NULL,NULL,NULL,NULL,NULL,NULL,NULL,NULL,NULL,NULL,NULL,NULL,NULL,NULL,NULL,NULL,'若依','2023-04-12 14:07:20',NULL,NULL),('6a4815fc6e57469492324ca456e449f7','c9829c8b72d140c091cc9b6d9bf2da37','','','','001','海洋12345665432112-001',1,1,1,1,'是',NULL,'D:\\myprojects-szhjgxt\\image\\1.jpg',NULL,NULL,NULL,NULL,NULL,NULL,NULL,NULL,NULL,NULL,NULL,NULL,NULL,NULL,NULL,NULL,NULL,'履历类材料','大小小雪','1','2011','12','23','测试',NULL,'若依','2023-04-06 15:21:59','若依','2023-04-07 18:14:41'),('6b705c5650b4403d8f20619bb416ea8f','c9829c8b72d140c091cc9b6d9bf2da37','','','','006','海洋12345665432112-006',10,10,10,1,'是',NULL,NULL,NULL,NULL,NULL,NULL,NULL,NULL,NULL,NULL,NULL,NULL,NULL,NULL,NULL,NULL,NULL,NULL,NULL,'其他可供组织参考的材料','呜呜呜','1','2034','12','23','223213231323',NULL,'若依','2023-04-10 11:47:35','若依','2023-04-10 14:31:59'),('6c4ce24a79ef461883f9833bfc01665f','d9131cfb8a5c49a9a76c816e1a7a29e2','','','','001','凯1234567890022-001',1,1,1,1,'是',NULL,'D:\\myprojects-szhjgxt\\image\\837-2.jpg',NULL,NULL,NULL,NULL,NULL,NULL,NULL,NULL,NULL,NULL,NULL,NULL,NULL,NULL,NULL,NULL,NULL,'其他可供组织参考的材料','恶的','1','2013','12','12',NULL,NULL,'若依','2023-04-11 13:50:51','若依','2023-04-11 14:02:45'),('6e3e674c71c44559a053f2b84454f272','00f61a28b27d465db4596c10e7d61e5c','2000','xml2','001','002','2000-xml2-001-002',NULL,NULL,6,NULL,'否',NULL,NULL,NULL,NULL,NULL,NULL,NULL,NULL,NULL,NULL,NULL,NULL,NULL,NULL,NULL,NULL,NULL,NULL,NULL,NULL,NULL,NULL,NULL,NULL,NULL,NULL,NULL,'超级管理员','2023-05-05 16:40:55',NULL,NULL),('71ca294e80ba47909678a91ada44a253','e30684b738bb46999c30c666e7472207','','','','001','许岳辉1232131232132-001',1,4,1,4,'是',NULL,NULL,NULL,NULL,NULL,NULL,NULL,NULL,NULL,NULL,NULL,NULL,NULL,NULL,NULL,NULL,NULL,NULL,NULL,NULL,NULL,NULL,NULL,NULL,NULL,NULL,NULL,'超级管理员','2023-05-06 10:17:47',NULL,NULL),('77a4b534b4ea40e1bd866435fffdd75b','7eb0f1a78631401392162e1a31d2aecb','2332','A-MS','005','001','2332-A-MS-005-001',1,1,1,1,'是',NULL,'D:\\myprojects-szhjgxt\\image\\837-5.jpg',NULL,'我的x','外地人的是',NULL,NULL,'12额23','成为东方e','的',NULL,NULL,NULL,NULL,NULL,NULL,NULL,NULL,NULL,NULL,NULL,NULL,NULL,NULL,NULL,NULL,NULL,'若依','2023-04-11 11:37:11','若依','2023-04-11 11:42:27'),('7929f2e21ed740cb8e1048e72585f10c','1e873928cab54b7688ceded29da50ab7','','','','001','夏睿博13123213123-001',1,1,1,1,'是',NULL,NULL,NULL,NULL,NULL,NULL,NULL,NULL,NULL,NULL,NULL,NULL,NULL,NULL,NULL,NULL,NULL,NULL,NULL,NULL,NULL,NULL,NULL,NULL,NULL,NULL,NULL,'超级管理员','2023-04-23 18:08:59',NULL,NULL),('7fe9b209df34467f99db85c7d81ba5d4','562d0a4725734a13bb622dea3f298570','','','','001','澜1234567890030-001',NULL,NULL,2,NULL,'否',NULL,'D:\\myprojects-szhjgxt\\image\\837-2.jpg',NULL,NULL,NULL,NULL,NULL,NULL,NULL,NULL,NULL,NULL,NULL,NULL,NULL,NULL,NULL,NULL,NULL,NULL,NULL,NULL,NULL,NULL,NULL,NULL,NULL,'若依','2023-04-11 13:48:39',NULL,NULL),('83afbc5bb8b949d3bf8465c2da8e7106','2728ec00ca4b440b8b5de63f622c4464','1111','xml1','002','002','1111-xml1-002-002',NULL,NULL,4,NULL,'否',NULL,'D:\\myprojects-szhjgxt\\image\\x3.jpg',NULL,NULL,NULL,NULL,NULL,NULL,NULL,NULL,NULL,NULL,NULL,NULL,NULL,NULL,NULL,NULL,NULL,NULL,NULL,NULL,NULL,NULL,NULL,NULL,NULL,'超级管理员','2023-04-23 15:27:48',NULL,NULL),('849163ec75e4473fb74d985a19de64ea','098725bd68c04b72b197e587022c7164','9999','A-SY','005','001','9999-A-SY-005-001',1,1,1,1,'是','sacawfc','D:\\myprojects-szhjgxt\\image\\view222.jpg',NULL,'啊圣诞袜','强强强强sssssssssss水水水水水水水水水水水水水水水水水水水水水水水水是飒飒','强强强强','权威地位','死亡骑士水水水水水水水水水水水水水水水水水水水水水水水水水水水水水水水','qdsax','山东青岛市完全',NULL,'sxsx','sdwqed','adqd','wdaqd','aqdqaaaa','adqwa','adswqcf',NULL,NULL,NULL,NULL,NULL,NULL,NULL,NULL,NULL,'若依','2023-04-10 14:33:54','若依','2023-04-10 15:30:26'),('8894709c07f84a3a9afbb65da573322e','55a114df61f6481d97913a9676c33d21','','','','001','大地12345567890-001',1,1,1,1,'是',NULL,'D:\\myprojects-szhjgxt\\image\\9-9-9.png',NULL,NULL,NULL,NULL,NULL,NULL,NULL,NULL,NULL,NULL,NULL,NULL,NULL,NULL,NULL,NULL,NULL,NULL,NULL,NULL,NULL,NULL,NULL,NULL,NULL,'若依','2023-04-06 15:21:32',NULL,NULL),('89d832b229744eb8a3a7606c3d23758e','57db6727172a419dbcc63f1de2a4f760','0088','A-2003','001','002','0088-A-2003-001-002',3,4,3,2,'是','scascdas','D:\\myprojects-szhjgxt\\image\\9-2-1.png',NULL,'阿萨','1111','晚上去啊',NULL,'1文书','11wss','1文书',NULL,'三十五','111111','111','111','上午','11wsdc','cscea',NULL,NULL,NULL,NULL,NULL,NULL,NULL,NULL,NULL,'若依','2023-04-06 15:22:35','若依','2023-04-06 18:38:26'),('8cc33132e92546b190d157a0371d84fb','980fc8cbeb8b47d080b56b3a68691674','2332','A-MS','002','001','2332-A-MS-002-001',1,1,1,1,'是','吧的认同感v饿啊日','D:\\myprojects-szhjgxt\\image\\837-2.jpg',NULL,'WEDQ','ass2s','下午都行索绪尔d','3阿222','ecsw','3ddd','斯蒂芬',NULL,'的文3','地方v额度','收到v发热','v的发热','威锋网','的绿的如果','地方v别人TV官方',NULL,NULL,NULL,NULL,NULL,NULL,NULL,NULL,NULL,'若依','2023-04-11 11:36:49','若依','2023-04-11 11:41:27'),('8d40ada3fdb14ab38dbae83462826cb5','c9829c8b72d140c091cc9b6d9bf2da37','','','','005','海洋12345665432112-005',9,9,9,1,'是',NULL,NULL,NULL,NULL,NULL,NULL,NULL,NULL,NULL,NULL,NULL,NULL,NULL,NULL,NULL,NULL,NULL,NULL,NULL,'出国（境）审批材料','出国审批','9-3-1','2012','06','12',NULL,NULL,'若依','2023-04-10 11:47:34','若依','2023-04-10 14:31:31'),('8e692452a61947aca8c016300b01cb92','e30684b738bb46999c30c666e7472207','','','','001','许岳辉1232131232132-001',NULL,NULL,3,NULL,'否',NULL,NULL,NULL,NULL,NULL,NULL,NULL,NULL,NULL,NULL,NULL,NULL,NULL,NULL,NULL,NULL,NULL,NULL,NULL,NULL,NULL,NULL,NULL,NULL,NULL,NULL,NULL,'超级管理员','2023-05-06 10:17:47',NULL,NULL),('9043aeaa4d904df7b874415038ad0ba3','f7e3bf236c514f1495a96ae394f905ad','','','','001','妲己1234567890021-001',NULL,NULL,4,NULL,'否',NULL,'D:\\myprojects-szhjgxt\\image\\837-2.jpg',NULL,NULL,NULL,NULL,NULL,NULL,NULL,NULL,NULL,NULL,NULL,NULL,NULL,NULL,NULL,NULL,NULL,NULL,NULL,NULL,NULL,NULL,NULL,NULL,NULL,'若依','2023-04-11 13:53:10',NULL,NULL),('943f53d2ed3544ee902f5dcbfae3d1a6','cca6c3c5aa8f4fad9f8b17f87df33613','','','','003','小亮123456789987654321-003',3,3,3,1,'是',NULL,'D:\\myprojects-szhjgxt\\image\\837-3.jpg',NULL,NULL,NULL,NULL,NULL,NULL,NULL,NULL,NULL,NULL,NULL,NULL,NULL,NULL,NULL,NULL,NULL,NULL,NULL,NULL,NULL,NULL,NULL,NULL,NULL,'若依','2023-04-11 13:50:04',NULL,NULL),('977524854edf45d7af876355239dff1c','c9829c8b72d140c091cc9b6d9bf2da37','','','','002','海洋12345665432112-002',NULL,NULL,3,NULL,'否',NULL,'D:\\myprojects-szhjgxt\\image\\5-1-2.jpg',NULL,NULL,NULL,NULL,NULL,NULL,NULL,NULL,NULL,NULL,NULL,NULL,NULL,NULL,NULL,NULL,NULL,NULL,NULL,NULL,NULL,NULL,NULL,NULL,NULL,'若依','2023-04-06 15:22:01',NULL,NULL),('9b1fbfdfd1ed4084877be283d3f6a2dc','c9829c8b72d140c091cc9b6d9bf2da37','','','','003','海洋12345665432112-003',4,5,4,2,'是',NULL,NULL,NULL,NULL,NULL,NULL,NULL,NULL,NULL,NULL,NULL,NULL,NULL,NULL,NULL,NULL,NULL,NULL,NULL,'学历学位材料','大师','4-1-1','2022','2','12',NULL,NULL,'若依','2023-04-10 11:47:28','若依','2023-04-10 14:31:04'),('9c4f7610a2014c9d98ffd12ca408c243','e30684b738bb46999c30c666e7472207','','','','001','许岳辉1232131232132-001',NULL,NULL,4,NULL,'否',NULL,NULL,NULL,NULL,NULL,NULL,NULL,NULL,NULL,NULL,NULL,NULL,NULL,NULL,NULL,NULL,NULL,NULL,NULL,NULL,NULL,NULL,NULL,NULL,NULL,NULL,NULL,'超级管理员','2023-05-06 10:17:47',NULL,NULL),('a1f316543ad0486c9473af03a7ae748a','bb4ea4844fad47869f5630be5091e3b7','0089','A-2000','008','001','0089-A-2000-008-001',NULL,NULL,2,NULL,'否',NULL,'D:\\myprojects-szhjgxt\\image\\9-1-2.jpg',NULL,NULL,NULL,NULL,NULL,NULL,NULL,NULL,NULL,NULL,NULL,NULL,NULL,NULL,NULL,NULL,NULL,NULL,NULL,NULL,NULL,NULL,NULL,NULL,NULL,'若依','2023-04-06 15:22:54',NULL,NULL),('a781ccbb0da04243bc19fd4ff0e589c3','2728ec00ca4b440b8b5de63f622c4464','1111','xml1','002','002','1111-xml1-002-002',3,4,3,2,'是',NULL,'D:\\myprojects-szhjgxt\\image\\x4.jpg',NULL,NULL,NULL,NULL,NULL,NULL,NULL,NULL,NULL,NULL,NULL,NULL,NULL,NULL,NULL,NULL,NULL,NULL,NULL,NULL,NULL,NULL,NULL,NULL,NULL,'超级管理员','2023-04-23 15:27:48',NULL,NULL),('a8a636ec8a1d40debcfb0c90e42bb77a','00f61a28b27d465db4596c10e7d61e5c','2000','xml2','001','002','2000-xml2-001-002',NULL,NULL,5,NULL,'否',NULL,NULL,NULL,NULL,NULL,NULL,NULL,NULL,NULL,NULL,NULL,NULL,NULL,NULL,NULL,NULL,NULL,NULL,NULL,NULL,NULL,NULL,NULL,NULL,NULL,NULL,NULL,'超级管理员','2023-05-05 16:40:55',NULL,NULL),('ab69e853dc214f17963e5e4c4381e2d5','f7e3bf236c514f1495a96ae394f905ad','','','','004','妲己1234567890021-004',NULL,NULL,15,NULL,'否',NULL,NULL,NULL,NULL,NULL,NULL,NULL,NULL,NULL,NULL,NULL,NULL,NULL,NULL,NULL,NULL,NULL,NULL,NULL,NULL,NULL,NULL,NULL,NULL,NULL,NULL,NULL,'若依','2023-04-12 14:08:46',NULL,NULL),('b22b8197fb24453ab40be7f911063724','7d08c10ab69a4a7ba7ffabbe546fb320','','','','001','百里玄策1234567890016-001',1,1,1,1,'是',NULL,'D:\\myprojects-szhjgxt\\image\\837-2.jpg',NULL,NULL,NULL,NULL,NULL,NULL,NULL,NULL,NULL,NULL,NULL,NULL,NULL,NULL,NULL,NULL,NULL,'学历学位材料','是完全','4-1-1','2010','12','23','对我的',NULL,'若依','2023-04-11 13:50:38','若依','2023-04-11 14:02:26'),('b3535d82861e42ebbf0dafdc066805f9','2728ec00ca4b440b8b5de63f622c4464','1111','xml1','002','003','1111-xml1-002-003',5,6,5,2,'是',NULL,NULL,NULL,NULL,NULL,NULL,NULL,NULL,NULL,NULL,NULL,NULL,NULL,NULL,NULL,NULL,NULL,NULL,NULL,NULL,NULL,NULL,NULL,NULL,NULL,NULL,NULL,'超级管理员','2023-04-23 15:27:49',NULL,NULL),('b59ba48470234e33a38cfdce2080cbf4','098725bd68c04b72b197e587022c7164','9999','A-SY','005','003','9999-A-SY-005-003',3,3,3,1,'是',NULL,NULL,NULL,NULL,NULL,NULL,NULL,NULL,NULL,NULL,NULL,NULL,NULL,NULL,NULL,NULL,NULL,NULL,NULL,NULL,NULL,NULL,NULL,NULL,NULL,NULL,NULL,'若依','2023-04-10 14:33:55',NULL,NULL),('bf77a2e94d4245bea8092f6cfad9e73b','e7b3d5aa28214592bb84110d49d0a44c','0088','A-2003','003','001','0088-A-2003-003-001',1,2,1,2,'是',NULL,'D:\\myprojects-szhjgxt\\image\\view111.jpg',NULL,'张三','单位委托保存工人档案','20201213',NULL,'保存档案','倒萨','身份证复印件',NULL,'S','中文','纸质','w-02','委托','1','1',NULL,NULL,NULL,NULL,'2011',NULL,NULL,NULL,NULL,'若依','2023-04-06 15:22:44','若依','2023-04-07 18:06:56'),('c2e1397172a84425820b68c1d1b4da59','cca6c3c5aa8f4fad9f8b17f87df33613','','','','002','小亮123456789987654321-002',2,2,2,1,'是',NULL,'D:\\myprojects-szhjgxt\\image\\837-2.jpg',NULL,NULL,NULL,NULL,NULL,NULL,NULL,NULL,NULL,NULL,NULL,NULL,NULL,NULL,NULL,NULL,NULL,NULL,NULL,NULL,NULL,NULL,NULL,NULL,NULL,'若依','2023-04-11 13:49:59',NULL,NULL),('d151aa795fa5482f8041318746c35269','bb4ea4844fad47869f5630be5091e3b7','0089','A-2000','008','003','0089-A-2000-008-003',4,4,4,1,'是',NULL,'D:\\myprojects-szhjgxt\\image\\9-9-9.png',NULL,NULL,NULL,NULL,NULL,NULL,NULL,NULL,NULL,NULL,NULL,NULL,NULL,NULL,NULL,NULL,NULL,NULL,NULL,NULL,NULL,NULL,NULL,NULL,NULL,'若依','2023-04-06 15:22:58',NULL,NULL),('d3a4340c26ad41a3b34eea3ddd131e03','e30684b738bb46999c30c666e7472207','','','','001','许岳辉1232131232132-001',NULL,NULL,2,NULL,'否',NULL,NULL,NULL,NULL,NULL,NULL,NULL,NULL,NULL,NULL,NULL,NULL,NULL,NULL,NULL,NULL,NULL,NULL,NULL,NULL,NULL,NULL,NULL,NULL,NULL,NULL,NULL,'超级管理员','2023-05-06 10:17:47',NULL,NULL),('d7c3ca4e412140bcb6338cbb76b6357a','bb4ea4844fad47869f5630be5091e3b7','0089','A-2000','008','001','0089-A-2000-008-001',1,2,1,2,'是',NULL,'D:\\myprojects-szhjgxt\\image\\9-1-1.jpg',NULL,NULL,NULL,NULL,NULL,NULL,NULL,NULL,NULL,NULL,NULL,NULL,NULL,NULL,NULL,NULL,NULL,NULL,NULL,NULL,NULL,NULL,NULL,NULL,NULL,'若依','2023-04-06 15:22:54',NULL,NULL),('d960e2a7fd474484ac245a882d1d9e9d','85c378c4040a4ccea392d196ad7d14b9','9431','xlb1','101','001','9431-xlb1-101-001',1,1,1,1,'是',NULL,'D:\\myprojects-szhjgxt\\image\\5.png',NULL,NULL,NULL,NULL,NULL,NULL,NULL,NULL,NULL,NULL,NULL,NULL,NULL,NULL,NULL,NULL,NULL,NULL,NULL,NULL,NULL,NULL,NULL,NULL,NULL,'若依','2023-04-11 11:10:55',NULL,NULL),('dbb13b36b040490cb2c71db9d8b61c72','f7e3bf236c514f1495a96ae394f905ad','','','','003','妲己1234567890021-003',NULL,NULL,12,NULL,'否',NULL,NULL,NULL,NULL,NULL,NULL,NULL,NULL,NULL,NULL,NULL,NULL,NULL,NULL,NULL,NULL,NULL,NULL,NULL,NULL,NULL,NULL,NULL,NULL,NULL,NULL,NULL,'若依','2023-04-12 14:07:20',NULL,NULL),('dbc856f3583243d89a2d6abcd74707a8','f7e3bf236c514f1495a96ae394f905ad','','','','004','妲己1234567890021-004',13,15,13,3,'是',NULL,NULL,NULL,NULL,NULL,NULL,NULL,NULL,NULL,NULL,NULL,NULL,NULL,NULL,NULL,NULL,NULL,NULL,NULL,NULL,NULL,NULL,NULL,NULL,NULL,NULL,NULL,'若依','2023-04-12 14:08:46',NULL,NULL),('e16ce75923b34c46ad7453b5010872ef','57db6727172a419dbcc63f1de2a4f760','0088','A-2003','001','002','0088-A-2003-001-002',NULL,NULL,4,NULL,'否',NULL,'D:\\myprojects-szhjgxt\\image\\9-2-2.png',NULL,NULL,NULL,NULL,NULL,NULL,NULL,NULL,NULL,NULL,NULL,NULL,NULL,NULL,NULL,NULL,NULL,NULL,NULL,NULL,NULL,NULL,NULL,NULL,NULL,'若依','2023-04-06 15:22:35',NULL,NULL),('e212e2bc66d845d7a3246ff5d72297a9','00f61a28b27d465db4596c10e7d61e5c','2000','xml2','001','001','2000-xml2-001-001',1,3,1,3,'是',NULL,NULL,NULL,NULL,NULL,NULL,NULL,NULL,NULL,NULL,NULL,NULL,NULL,NULL,NULL,NULL,NULL,NULL,NULL,NULL,NULL,NULL,NULL,NULL,NULL,NULL,NULL,'超级管理员','2023-05-05 16:40:51',NULL,NULL),('e2f43af58a074df98a976dfd10052be7','611b85ac1a1c4c95af4d7d0f386fcb75','2332','A-MS','003','001','2332-A-MS-003-001',1,1,1,1,'是',NULL,'D:\\myprojects-szhjgxt\\image\\837-3.jpg',NULL,'按顺序','阿三想啊','阿瓦达',NULL,'啊实打实','阿达伟大','阿萨大大',NULL,NULL,NULL,'阿迪王a',NULL,NULL,NULL,'阿文',NULL,NULL,NULL,NULL,NULL,NULL,NULL,NULL,NULL,'若依','2023-04-11 11:36:56','若依','2023-04-11 11:41:56'),('eac8841bc9ee4bb3ba20ec53d2362ece','7f243e8898b24104b50092696b13c7ef','','','','001','森林12345678919-001',1,3,1,3,'是',NULL,'D:\\myprojects-szhjgxt\\image\\3.jpg',NULL,NULL,NULL,NULL,NULL,NULL,NULL,NULL,NULL,NULL,NULL,NULL,NULL,NULL,NULL,NULL,NULL,'违规违纪违法处理处分材料','违法通知','1','2011','2','12',NULL,NULL,'若依','2023-04-06 15:21:49','若依','2023-04-10 14:32:34'),('fb04ff99da8b4c64b6de2b605f45e906','00f61a28b27d465db4596c10e7d61e5c','2000','xml2','001','001','2000-xml2-001-001',NULL,NULL,2,NULL,'否',NULL,NULL,NULL,NULL,NULL,NULL,NULL,NULL,NULL,NULL,NULL,NULL,NULL,NULL,NULL,NULL,NULL,NULL,NULL,NULL,NULL,NULL,NULL,NULL,NULL,NULL,NULL,'超级管理员','2023-05-05 16:40:51',NULL,NULL),('ffcd161e26e349568adf85fb09a137c9','f7e3bf236c514f1495a96ae394f905ad','','','','001','妲己1234567890021-001',1,5,1,5,'是',NULL,'D:\\myprojects-szhjgxt\\image\\837-5.jpg',NULL,NULL,NULL,NULL,NULL,NULL,NULL,NULL,NULL,NULL,NULL,NULL,NULL,NULL,NULL,NULL,NULL,NULL,NULL,NULL,NULL,NULL,NULL,NULL,NULL,'若依','2023-04-11 13:53:10',NULL,NULL);
/*!40000 ALTER TABLE `t_task_piece` ENABLE KEYS */;
UNLOCK TABLES;
/*!40103 SET TIME_ZONE=@OLD_TIME_ZONE */;

/*!40101 SET SQL_MODE=@OLD_SQL_MODE */;
/*!40014 SET FOREIGN_KEY_CHECKS=@OLD_FOREIGN_KEY_CHECKS */;
/*!40014 SET UNIQUE_CHECKS=@OLD_UNIQUE_CHECKS */;
/*!40101 SET CHARACTER_SET_CLIENT=@OLD_CHARACTER_SET_CLIENT */;
/*!40101 SET CHARACTER_SET_RESULTS=@OLD_CHARACTER_SET_RESULTS */;
/*!40101 SET COLLATION_CONNECTION=@OLD_COLLATION_CONNECTION */;
/*!40111 SET SQL_NOTES=@OLD_SQL_NOTES */;

-- Dump completed on 2023-05-26 16:55:46
